# callgrind format
version: 1
creator: callgrind-3.22.0
pid: 379107
cmd:  ./a.out
part: 1


desc: I1 cache: 
desc: D1 cache: 
desc: LL cache: 

desc: Timerange: Basic block 0 - 11391005139
desc: Trigger: Program termination

positions: line
events: Ir
summary: 61548042325


ob=(6) /usr/lib/x86_64-linux-gnu/libgcc_s.so.1
fl=(183) ???
fn=(2394) 0x0000000000004940
0 5
cfn=(2396) 0x00000000000048f0
calls=1 0 
0 16
0 2
cfn=(2396)
calls=1 0 
0 16
0 3

fn=(612) __cpu_indicator_init
0 364

fn=(2416) 0x0000000000005a60
0 5

fn=(2396)
0 32

fn=(614) 0x0000000000005b10
0 12

fn=(2406) 0x0000000000005ad0
0 9
cob=(4) ???
cfi=(175) ???
cfn=(2412) 0x0000000004bbe3c0
calls=1 0 
0 134
0 1
cfn=(2416)
calls=1 0 
0 5
0 3

ob=(3) /usr/lib/x86_64-linux-gnu/libm.so.6
fl=(159) ./math/../sysdeps/x86_64/fpu/multiarch/s_expm1.c
fn=(502) expm1
26 1
fi=(142) ./math/../sysdeps/x86_64/fpu/multiarch/ifunc-fma.h
+3 4
+1 3
fe=(159)
-4 1

fl=(154) ./math/../sysdeps/x86_64/fpu/multiarch/s_log1p.c
fn=(480) __log1p
26 1
fi=(142)
+3 4
+1 3
fe=(154)
-4 1

fl=(184) ???
fn=(2386) 0x0000000000010430
0 5

fn=(624) 0x00000000000104e0
0 12

fn=(2376) 0x00000000000104a0
0 9
cob=(4)
cfi=(175)
cfn=(2382) 0x0000000004ae1220
calls=1 0 
0 134
0 1
cfn=(2386)
calls=1 0 
0 5
0 3

fl=(160) ./math/../sysdeps/x86_64/fpu/multiarch/e_exp2f.c
fn=(506) exp2f@@GLIBC_2.27
27 1
fi=(142)
+2 4
+1 3
fe=(160)
-3 1

fl=(146) ./math/../sysdeps/x86_64/fpu/multiarch/s_sin.c
fn=(452) cos
34 1
fi=(144) ./math/../sysdeps/x86_64/fpu/multiarch/ifunc-avx-fma4.h
-2 5
+1 2
fe=(146)
+1 1

fn=(514) sin
27 1
fi=(144)
+5 5
+1 2
fe=(146)
-6 1

fl=(162) ./math/../sysdeps/x86_64/fpu/multiarch/s_sincos.c
fn=(518) sincos
26 1
fi=(152) ./math/../sysdeps/x86_64/fpu/multiarch/ifunc-fma4.h
+5 4
+1 2
fe=(162)
-6 1

fl=(155) ./math/../sysdeps/x86_64/fpu/multiarch/e_log.c
fn=(484) __log_finite@GLIBC_2.15
27 1
fi=(144)
+5 5
+1 2
fe=(155)
-6 1

fl=(145) ./math/../sysdeps/x86_64/fpu/multiarch/e_expf.c
fn=(448) expf@@GLIBC_2.27
27 1
fi=(142)
+2 4
+1 3
fe=(145)
-3 1

fl=(153) ./math/../sysdeps/x86_64/fpu/multiarch/e_log2f.c
fn=(476) log2f@@GLIBC_2.27
27 1
fi=(142)
+2 4
+1 3
fe=(153)
-3 1

fl=(158) ./math/../sysdeps/x86_64/fpu/multiarch/s_fma.c
fn=(496) fma
49 6

fl=(143) ./math/../sysdeps/x86_64/fpu/multiarch/e_exp.c
fn=(444) __exp_finite@GLIBC_2.15
27 1
fi=(144)
+5 5
+1 2
fe=(143)
-6 1

fl=(151) ./math/../sysdeps/x86_64/fpu/multiarch/e_pow.c
fn=(472) __pow_finite@GLIBC_2.15
27 1
fi=(152)
+4 4
+1 2
fe=(151)
-5 1

fl=(238) ./math/../sysdeps/ieee754/dbl-64/s_round.c
fn=(1776) round
30 104
+7 104
+1 416
+1 208
+2 208
+8 206
+1 206
+4 103
+1 103
-1 206
+1 103
+12 103
+3 103
-3 1
+3 1
-27 2
+1 2

fl=(236) ./math/../sysdeps/ieee754/dbl-64/e_pow.c
fn=(1710) __ieee754_pow_fma
283 6
fi=(237) ./math/../sysdeps/ieee754/dbl-64/math_config.h
85 12
fe=(236)
-40 24
292 6
45 6
292 18
-8 6
+8 24
62 6
+5 6
+10 6
+11 6
-26 6
+50 12
-49 6
+1 6
+48 6
-22 6
-27 6
+1 6
+8 6
-5 6
+5 24
-7 6
+23 6
+2 6
-25 12
+12 12
+18 6
+17 12
-23 6
+2 12
+5 6
+1 6
+4 6
-1 6
+12 6
-10 6
+10 6
-10 6
+10 6
+1 24
+1 6
+1 12
369 6
+1 6
fi=(237)
85 6
fe=(236)
-40 12
193 6
+1 6
370 6
194 12
+31 24
+18 6
fi=(237)
85 6
fe=(236)
227 6
+2 6
+4 6
+1 6
-5 6
+4 6
+1 6
-1 6
+4 6
-6 6
+12 18
-3 6
+3 24
+1 12
fi=(237)
97 6
fe=(236)
249 12
380 12

fl=(157) ./math/../sysdeps/x86_64/fpu/multiarch/s_sinf.c
fn=(492) sinf
26 1
fi=(142)
+3 4
+1 3
fe=(157)
-4 1

fl=(149) ./math/../sysdeps/x86_64/fpu/multiarch/s_sincosf.c
fn=(464) sincosf
26 1
fi=(142)
+3 4
+1 3
fe=(149)
-4 1

fl=(148) ./math/../sysdeps/x86_64/fpu/multiarch/e_log2.c
fn=(460) log2@@GLIBC_2.29
27 1
fi=(142)
+2 4
+1 3
fe=(148)
-3 1

fl=(141) ./math/../sysdeps/x86_64/fpu/multiarch/s_cosf.c
fn=(440) cosf
26 1
fi=(142)
+3 4
+1 3
fe=(141)
-4 1

fl=(147) ./math/../sysdeps/x86_64/fpu/multiarch/e_logf.c
fn=(456) logf@@GLIBC_2.27
27 1
fi=(142)
+2 4
+1 3
fe=(147)
-3 1

fl=(150) ./math/../sysdeps/x86_64/fpu/multiarch/e_powf.c
fn=(468) powf@@GLIBC_2.27
30 1
fi=(142)
-1 4
+1 4
fe=(150)

fl=(235) ./math/./w_pow_template.c
fn=(1706) pow@@GLIBC_2.29
31 36
+1 12
cob=(4)
cfi=(175)
cfn=(1708) 0x0000000004ae1370
calls=6 -32 
* 648
+1 42
+12 24
+4 18

fl=(161) ./math/../sysdeps/x86_64/fpu/multiarch/e_atan2.c
fn=(510) __atan2_finite@GLIBC_2.15
26 1
fi=(144)
+6 5
+1 2
fe=(161)
-7 1

fl=(156) ./math/../sysdeps/x86_64/fpu/multiarch/e_asin.c
fn=(498) __asin_finite@GLIBC_2.15
27 1
fi=(152)
+4 4
+1 2
fe=(156)
-5 1

fn=(488) __acos_finite@GLIBC_2.15
35 1
fi=(152)
-4 4
+1 2
+3 1
fe=(156)

ob=(1) /usr/lib/x86_64-linux-gnu/ld-linux-x86-64.so.2
fl=(8) ./elf/./elf/dl-setup_hash.c
fn=(14) _dl_setup_hash
25 7
+3 7
-3 7
+3 14
+3 21
+1 14
+2 7
-1 7
+3 21
+1 7
+1 14
+7 7
-5 7
-2 7
+3 14
+2 7
+2 14
+5 7

fl=(44) ./string/./string/strdup.c
fn=(138) strdup
40 36
+1 6
cfi=(22) ./string/../sysdeps/x86_64/multiarch/../multiarch/strlen-sse2.S
cfn=(62) strlen
calls=6 +16 
* 192
* 6
fi=(279) ./string/../include/rtld-malloc.h
+15 12
cfi=(27) ./elf/./elf/dl-minimal-malloc.c
cfn=(78) __minimal_malloc
calls=6 -20 
* 180
fe=(44)
-12 12
+3 18
+1 18
-1 6
cfi=(29) ./string/../sysdeps/x86_64/multiarch/memmove-vec-unaligned-erms.S
cfn=(82) memcpy
calls=6 210 
* 90

fl=(73) ./elf/./elf/dl-version.c
fn=(242) _dl_check_map_versions
155 70
+15 21
+2 35
+2 7
+1 7
+2 14
+3 10
-16 10
+20 5
-4 5
-24 5
+28 35
+16 10
36 5
200 5
36 35
200 16
36 8
200 8
36 56
+1 60
-1 120
+2 219
cfi=(52) ./elf/./elf/dl-misc.c
cfn=(168) _dl_name_match_p
calls=73 +30 
* 7023
* 159
208 39
+5 13
fi=(280) ./elf/../sysdeps/generic/_itoa.h
76 39
fe=(73)
213 26
+4 26
+1 26
-1 26
+4 13
-3 13
+3 13
-3 39
-1 92
+1 92
-1 92
+4 46
-3 46
+3 46
-3 238
56 236
+8 177
+6 177
+16 59
+1 118
+2 59
+5 413
+14 2034
+12 2874
+4 958
-30 1916
231 236
+3 177
+5 46
-24 46
110 59
+3 295
cfi=(32) ./string/../sysdeps/x86_64/multiarch/../multiarch/strcmp-sse2.S
cfn=(94) strcmp
calls=59 -15 
* 2379
* 177
224 177
+1 3
cfi=(32)
cfn=(94)
calls=1 98 
* 71
* 2
+3 28
+15 39
+5 8
-50 8
+59 25
+3 10
+3 35
+3 20
+4 5
-7 20
+3 15
+4 124
-7 496
+3 377
+8 15
+6 12
fi=(28) ./elf/../include/rtld-malloc.h
44 6
fe=(73)
280 12
fi=(28)
44 6
cfi=(27)
cfn=(74) __minimal_calloc
calls=6 +36 
* 301
fe=(73)
281 12
-2 6
fi=(28)
44 6
fe=(73)
281 6
+13 6
-3 6
+3 24
+2 12
+3 20
+4 39
+7 59
+1 59
-1 177
+1 59
+1 59
-2 59
+2 118
+1 177
+3 177
+5 46
-15 46
+2 46
-2 46
+2 46
-2 46
+2 92
-2 13
+2 13
-2 13
+2 13
-2 13
+2 26
+16 39
+5 8
-28 8
+33 10
+3 10
+4 129
+6 129
+1 129
+1 129
-1 387
+1 129
-1 129
+1 129
+1 129
+3 387
+4 129
-14 268
+10 15
+12 10
+1 10
+1 10
+1 4
+19 63
164 2
-8 2
257 5
+17 3
+60 2
-40 2
+76 4
+2 4
+4 2
-4 120
+1 60
+2 1
+1 2
-1 1
+1 1
cfi=(32)
cfn=(244) strncmp
calls=1 98 
* 32
* 2

fn=(240) _dl_check_all_versions
392 7
+4 5
-2 1
+4 42
cfn=(242)
calls=7 155 
* 27299
-2 7
+2 21
-1 7
-1 14
+5 7

fl=(244) ./elf/../sysdeps/x86_64/tls_get_addr.S
fn=(1980) __tls_get_addr
29 2189
+1 2189
+1 2189
+2 2189
+1 2189
+1 2189
+3 2189
+1 2189
+4 2189
+1 2189
+1 2189
+1 2189

fl=(269) ./elf/./elf/dl-fini.c
fn=(2264) _dl_fini
26 5
+17 1
-17 6
+20 13
+3 2
cob=(2) /usr/lib/x86_64-linux-gnu/libc.so.6
cfi=(270) ./nptl/./nptl/pthread_mutex_lock.c
cfn=(2266) pthread_mutex_lock@@GLIBC_2.2.5
calls=1 +28 
* 44
+2 1
+3 2
+2 5
+7 3
-2 1
+2 1
cfi=(48) ./elf/./elf/dl-audit.c
cfn=(570) _dl_audit_activity_nsid
calls=1 -22 
* 11
+5 15
+5 1
-5 1
+5 3
+2 14
+2 14
+2 14
+1 7
+1 7
+4 7
-12 21
+14 6
+1 4
+6 6
cfi=(13) ./elf/./elf/dl-sort-maps.c
cfn=(232) _dl_sort_maps
calls=1 298 
* 556
+9 2
cob=(2)
cfi=(271) ./nptl/./nptl/pthread_mutex_unlock.c
cfn=(2268) pthread_mutex_unlock@@GLIBC_2.2.5
calls=1 367 
* 34
+5 6
+2 1
+2 2
-2 6
+2 12
+2 28
cfi=(272) ./elf/./elf/dl-call_fini.c
cfn=(2270) _dl_call_fini
calls=7 -90 
* 4810
+3 14
cfi=(48)
cfn=(2296) _dl_audit_objclose
calls=7 -20 
* 35
-9 14
+14 7
-14 21
+18 3
cfi=(48)
cfn=(570)
calls=1 -85 
* 11
* 2
+6 4
+2 1
-2 2
+6 2
+7 8
-77 2

fl=(78) ./elf/./elf/dl-lookup.c
fn=(270) _dl_lookup_symbol_x
772 12012
+3 2002
-3 6006
+3 2002
-3 8008
fi=(79) ./elf/../sysdeps/generic/dl-new-hash.h
74 2002
+3 4004
-8 2002
+1 4004
+10 2002
+1 4004
-1 39891
+1 79782
+20 40892
-2 40892
+6 40892
-3 81784
+2 40892
-30 40892
+3 81784
fe=(78)
774 2002
+1 2002
+3 2002
-4 2002
+1 2002
+7 7970
+5 2002
-2 2002
+2 2002
-2 2002
+6 28108
+1 28028
cfn=(274) do_lookup_x
calls=2002 347 
* 731434
* 6006
+28 2002
-23 6006
+23 2002
-23 4004
+24 11900
+7 1986
-7 1986
+35 7944
+34 7944
-20 5958
+3 3972
-57 2002
+76 18018
fi=(79)
87 1001
+1 1001
+1 2002
+1 1001
fe=(78)
871 2
-72 96
+18 48
+11 64

fn=(276) check_match
70 29925
+3 11960
+13 1990
-13 1990
+13 1990
-13 1990
+13 5970
+3 4716
cfi=(32)
cfn=(94)
calls=184 +9 
* 11919
* 368
+4 1990
+1 3980
+2 3974
+19 3974
+1 15896
+2 12
+1 4
+42 1985
+1 15960
-18 6
+2 6
+1 3
-1 6
+1 9
-1 6
+4 2
+1 7
+2 3
-75 10
+39 5943
cfi=(32)
cfn=(94)
calls=1981 -19 
* 52221
* 3962
-44 20
+5 10

fn=(274)
347 18018
+1 2002
-1 8008
+6 2002
-6 2002
+65 2002
-58 2002
+11 2002
+50 2002
-3 4004
+3 4004
-50 2002
+50 8008
-19 19491
+8 6497
-4 6497
+1 6497
+3 25988
+1 12994
+3 6497
-3 6497
+4 12994
+4 12994
-2 6497
+5 25988
+3 45479
+99 13566
358 13016
+3 13016
+4 13088
+21 12994
+4 12994
+71 15880
fi=(4) ./elf/../sysdeps/generic/ldsodefs.h
139 3970
+1 5955
fe=(78)
476 3970
fi=(4)
139 2
+1 3
fe=(78)
476 2
fi=(80) ./elf/../sysdeps/generic/dl-protected.h
29 7944
fe=(78)
483 10600
+16 3808
+1 1904
+22 1904
-21 1904
+21 13410
-21 82
+21 574
-99 6369
-1 4246
+2 4246
+2 2116
+6 8464
-6 2116
+6 14812
+7 10836
-10 27985
+2 1995
+1 5985
-1 1995
+1 3990
-1 1995
+1 1995
+1 1995
-1 1995
+1 1995
-1 13965
cfn=(276)
calls=1995 70 
* 182807
+4 5985
+3 20
+31 1049
+2 2
+50 16
-1 16
+1 112
222 82
+2 82
-2 246
+2 82
-2 82
+2 82
-2 82
+2 246
+2 82
-2 246
cfi=(24) ./elf/../sysdeps/nptl/dl-tls_init_tp.c
cfn=(86) rtld_mutex_dummy
calls=82 42 
* 246
+2 82
+2 82
-1 82
+1 246
+2 162
+1 81
-1 567
+1 81
-1 162
+1 162
-1 162
+1 162
-1 1640
+24 352
+3 95
+1 285
-23 176
-1 352
487 3843
+4 1
fi=(28)
44 4
cfi=(27)
cfn=(74)
calls=1 +36 
* 41
* 1
fe=(78)
302 2
-72 1
+70 2
+5 1
+2 1
-7 1
+6 1
+1 1
170 12
+1 9
311 6
-1 2
+1 486
-1 162
+19 246
+2 82
-2 328
+2 82
cfi=(24)
cfn=(86)
calls=82 42 
* 246
+2 164
+1 82
-1 82
+1 82
176 518
-2 84
+1 252
-3 332
+7 82
+1 82
+1 82
+1 82
318 328
-56 1377
+7 10
cfi=(52)
cfn=(524) _dl_higher_prime_number
calls=2 87 
* 159
fi=(28)
44 2
fe=(78)
269 2
fi=(28)
44 4
cfi=(27)
cfn=(74)
calls=2 +36 
* 82
* 2
fe=(78)
272 4
171 4
279 2
171 4
279 296
+1 276
+1 140
170 70
281 140
170 70
281 70
170 70
+1 70
-1 70
+1 210
+1 440
+2 14
+1 42
-3 168
+7 70
+3 70
-2 70
+3 70
+76 322
-83 12
285 10
+2 2
-2 10
cfi=(27)
cfn=(142) __minimal_free
calls=2 97 
* 10
170 2
288 2
-2 2
+3 4
-1 2
+1 4
170 4
+1 2
-1 2
+1 8

fl=(67) ./elf/./elf/dl-cache.c
fn=(572) _dl_unload_cache
525 1
+1 4
-1 1
+3 1
-3 1
+3 1
cfi=(140) ./misc/../sysdeps/unix/syscall-template.S
cfn=(574) munmap
calls=1 117 
* 6
+7 1
-6 1
+4 1
+2 1

fn=(214) _dl_load_cache_lookup
403 40
+2 8
+3 12
+69 9
+5 4
205 4
482 8
+3 12
fi=(69) ./elf/../sysdeps/x86/dl-procinfo.h
39 8
+3 12
cfi=(32)
cfn=(94)
calls=4 +56 
* 100
* 16
fe=(67)
208 24
cfi=(11) ./elf/./elf/dl-tunables.c
cfn=(28) __tunable_get_val
calls=4 387 
* 92
* 4
+12 4
-10 4
-2 4
+12 8
-7 20
+9 20
+1 4
-32 8
+36 4
-4 4
+4 8
-5 160
+1 32
-32 64
+36 32
-4 32
+4 64
+4 108
cfn=(222) _dl_cache_libcmp
calls=36 357 
* 2808
+1 72
346 32
+3 17
220 34
347 15
220 38
+2 40
+20 8
+3 8
+2 16
cfn=(222)
calls=4 357 
* 320
* 8
-7 8
-30 12
+1 4
fi=(281) ./elf/../sysdeps/x86/dl-isa-level.h
28 8
fe=(67)
210 8
fi=(281)
28 4
fe=(67)
210 4
+1 4
-1 12
+76 12
fi=(281)
28 12
fe=(67)
259 8
+10 12
+1 16
+16 4
fi=(68) ./elf/../sysdeps/generic/dl-cache.h
125 4
fe=(67)
286 12
+9 8
+3 8
+3 4
+1 12
+28 8
500 8
+12 8
cfi=(22)
cfn=(62)
calls=4 57 
* 140
+1 4
-1 4
+1 48
+1 4
-1 4
+1 4
-1 4
+1 4
cfi=(29)
cfn=(82)
calls=4 210 
* 60
* 4
+1 4
cfi=(44)
cfn=(138)
calls=4 40 
* 396
+1 32
411 4
cfi=(52)
cfn=(216) _dl_sysdep_read_whole_file
calls=1 36 
* 103
* 1
+8 5
+1 8
+3 3
+1 1
-1 3
fi=(68)
194 1
+1 5
fe=(67)
431 1
+1 2

fn=(222)
357 40
+1 40
+32 40
-33 40
+1 88
+2 210
+2 210
-2 420
+20 412
+2 412
-12 170
+2 170
+14 170
+1 170
-29 340
+32 12
-28 8
+6 4
+2 4
-2 4
+1 4
-1 4
+1 4
-1 4
+2 12
+2 4
-3 4
+3 12
+2 8
+9 108

fl=(50) ./elf/./elf/dl-catch.c
fn=(160) _dl_catch_exception
204 84
58 14
204 28
+3 28
+22 14
-1 14
+1 14
58 28
235 42
cfi=(51) ./setjmp/../sysdeps/x86_64/setjmp.S
cfn=(162) __sigsetjmp
calls=14 31 
* 336
* 42
+2 42
cfi=(64) ./elf/./elf/dl-deps.c
cfn=(206) openaux
calls=13 61 
* 25579
cfi=(2) ./elf/./elf/rtld.c
cfn=(164) map_doit
calls=1 641 
* 2662
69 14
+1 14
-1 14
+1 14
239 56
-25 14
+34 42
59 28
+11 42

fn=(158) _dl_catch_error
254 6
+2 1
-2 6
+2 1
cfn=(160)
calls=1 -52 
* 2728
+1 2
+1 1
+1 1
-1 1
+1 1
+2 6

fn=(236) _dl_receive_error
186 2
58 1
186 4
+2 1
-2 1
58 1
+1 1
+11 1
192 1
+2 1
cfi=(2)
cfn=(238) version_check_doit
calls=1 674 
* 27425
69 2
+1 1
198 1
-1 1
+1 3

fl=(24)
fn=(86)
42 178
+2 356

fn=(68) __tls_pre_init_tp
53 3
+3 8
+5 1
-5 1
+5 1
+1 1
-6 1
+8 1

fn=(256) __tls_init_tp
68 2
fi=(282) ./elf/../include/list.h
-24 1
fe=(24)
+24 3
fi=(282)
-25 1
fe=(24)
+26 1
+3 1
fi=(282)
-29 1
+1 1
+1 1
+2 1
fe=(24)
+28 4
+1 2
+1 1
+5 2
+5 1
+6 1
-3 1
+3 1
-6 3
+6 1
+12 4
cfi=(11)
cfn=(28)
calls=1 387 
* 24
fi=(75) ./elf/../sysdeps/unix/sysv/linux/rseq-internal.h
-73 3
+8 1
fe=(24)
+81 3
+7 2
+1 3
fi=(75)
-95 7
+3 2
fe=(24)

fl=(43) ./string/../sysdeps/x86_64/multiarch/../multiarch/memset-vec-unaligned-erms.S
fn=(130) memset
132 12
+1 60
+5 12
+1 12
+3 5
+1 5
+2 1
+1 1
+1 1
+97 4
+1 4
+12 4
+3 4
+1 4
+12 4
+1 4
+13 4
+1 4
+2 4
+3 3
+3 6
+3 3
+1 3
+1 3
+1 3
+1 3
+1 3
+1 3
-6 90
+1 90
+1 90
+1 90
+1 90
+1 90
+1 90
+3 4
+1 4
+1 4
+1 4
+5 4
+34 7
+2 7
+1 7
+39 7
+1 7
+2 7

fl=(71) ./malloc/./malloc/scratch_buffer_set_array_size.c
fn=(228) __libc_scratch_buffer_set_array_size
30 65
+4 5
+1 10
+10 10
+18 5
-17 5
+17 25

fl=(29)
fn=(82)
210 42
+1 42
+6 42
+1 42
+2 31
+1 31
+1 31
+2 14
+1 14
+1 14
+2 14
+80 11
+1 11
+2 2
+4 2
+1 2
+1 2
+1 2
+1 2
+4 2
+2 2
+39 9
+1 9
+1 9
+1 9
+1 9
+7 13
+1 13
+1 13
+1 13
+1 13
+1 13
+1 13
+11 17
+1 17
+2 14
+1 14
+1 14
+2 1
+1 1
+1 1
+1 1
+1 1
+1 1
+1 1
+1 1
+1 1
+1 1
+1 1
+1 1
+1 1
+1 1
+1 1
+4 3
+1 3
+4 3
+2 3
+16 3
+3 3
+2 3
+2 3
+4 3
+1 3
+9 3
+1 3
+2 3
+2 3
+1 3
+1 3
+3 3
+2 3
+2 3
+2 3
+6 3
+1 3
+1 3
+1 3
+1 3
+1 3
+1 3
+1 3
+1 3
+1 3
+1 3
+1 3
-11 7
+1 7
+1 7
+1 7
+1 7
+1 7
+1 7
+1 7
+1 7
+1 7
+1 7
+1 7
+2 3
+1 3
+1 3
+1 3
+2 3
+4 3

fn=(126) mempcpy
197 27
+1 27
+1 27
+1 27
+17 27
+1 27
+2 8
+1 8
+1 8
+2 5
+1 5
+1 5
+2 5
+80 19
+1 19
+2 6
+4 6
+1 6
+1 6
+8 6
+39 13
+1 13
+1 13
+1 13
+1 13
+7 3
+1 3
+1 3
+1 3
+1 3
+1 3
+1 3
+11 3
+1 3
+2 3
+1 3
+1 3

fl=(76) ./elf/../sysdeps/x86_64/dl-cet.c
fn=(580) _dl_cet_setup_features
331 1
+3 2
+16 1

fn=(260) _dl_cet_check
361 8
-76 1
-10 2
+2 2
-1 1
+6 1
+3 1
+8 1
-11 1
+1 1
-1 1
+1 1
-1 1
+1 1
+10 4
+3 1
+4 2
+2 2
-1 1
+2 2
+2 2
-1 2
+4 1
+2 1
+3 2
145 2
+12 2
+16 1
+6 1
363 6

fl=(65) ./io/../sysdeps/unix/sysv/linux/stat64.c
fn=(210) stat
28 6
+1 12
cfi=(66) ./io/../sysdeps/unix/sysv/linux/fstatat64.c
cfn=(212) fstatat
calls=3 146 
* 28

fl=(27)
fn=(74)
80 17
+4 17
-4 68
+7 17
+1 51
fi=(28)
-32 17
cfi=(27)
cfn=(78)
calls=17 -20 
* 672
fe=(27)

fn=(78)
36 336
+1 126
+11 123
+3 41
-3 41
+3 82
-3 2
+3 1
-3 1
+3 158
+19 42
+1 42
+2 252
-17 12
+1 6
+2 3
+1 21
cfi=(57) ./misc/../sysdeps/unix/sysv/linux/mmap64.c
cfn=(182) mmap
calls=3 -13 
* 78
* 3
+2 6
+2 12
cfi=(58) ./misc/../sysdeps/unix/sysv/linux/setvmaname.c
cfn=(184) __set_vma_name
calls=3 -31 
* 61
+1 9
+2 2
+4 2
-4 4
-24 1
-1 1
+1 1
+1 2
-2 2
+28 1
-3 2
+4 2

fn=(142)
97 3
+2 12

fl=(77) ./elf/./elf/dl-reloc.c
fn=(262) _dl_relocate_object
207 88
+1 16
+12 7
+4 28
-4 7
+6 21
+3 7
-1 7
+1 14
+22 35
+4 8
+7 12
fi=(6) ./elf/../sysdeps/x86_64/dl-machine.h
81 20
+6 8
+4 6
+17 2
-11 2
+11 4
+21 4
+5 8
-2 4
fi=(4)
-53 2
fe=(77)
301 4
fi=(4)
79 4
fe=(77)
301 4
fi=(4)
79 5
fe=(77)
301 10
fi=(4)
79 10
fe=(77)
301 9890
fi=(4)
79 2
fe=(77)
301 2
fi=(4)
79 4
fe=(77)
301 298
-80 14
fi=(6)
393 14
fe=(77)
190 7
+31 7
-31 7
fi=(6)
393 21
fi=(5) ./elf/./elf/do-rel.h
49 7
fe=(77)
301 7
fi=(5)
50 7
+30 7
-31 14
+4 7
-3 7
+3 7
-3 7
+3 21
+27 14
-31 7
fe=(77)
301 7
fi=(5)
50 7
+30 7
-31 14
+4 7
-3 7
+3 7
-3 7
+3 21
+27 14
-7 2
-1 2
+11 16
fi=(6)
514 2224
+4 2224
+3 3336
+1 1112
fi=(5)
83 3336
+2 4448
+11 12
fe=(77)
301 42
fi=(5)
51 7
fi=(4)
+28 35
fi=(6)
730 14
+4 8
fe=(77)
304 35
+24 7
+3 14
+17 21
+2 64
-98 14
+3 6
+7 3
-9 3
+9 6
fi=(6)
81 6
fi=(5)
+33 36
+9 24
+1 4
fi=(6)
498 4
fi=(5)
124 4
fi=(6)
498 8
fi=(5)
124 1130
fi=(6)
498 1130
fi=(5)
124 1130
fi=(6)
498 2260
+5 2268
+1 1134
fi=(5)
123 1134
fi=(6)
504 1134
-5 1134
fi=(5)
123 2268
+3 36
+3 40
+2 36
fe=(77)
+59 12
fi=(5)
73 6
fe=(77)
190 6
fi=(5)
72 6
fe=(77)
190 54
fi=(5)
-57 12
+1 6
+1 6
-2 6
+2 6
+3 6
-5 6
+2 6
-2 6
+1 12
+2 6
-2 6
+2 18
+2 12
-5 7202
+1 3601
+1 3601
-2 3601
+2 3601
+3 3601
-5 3601
+2 3601
-2 3601
+1 7202
+2 3601
-2 3601
+2 10803
+2 7202
+9 3539
fi=(6)
267 7078
+7 7078
+4 7078
fe=(77)
170 14156
fi=(4)
-30 10566
fe=(77)
+31 7044
+3 7044
+8 3764
-8 16881
+12 3734
-3 1867
+1 1867
+2 7498
-3 15
+1 15
+2 1942
+1 1882
-1 1882
+2 3764
-1 7528
+3 11292
cfi=(78)
cfn=(270)
calls=1882 772 
* 1350103
+3 1882
+1 3764
-4 1882
+4 9410
fi=(6)
+93 14075
+3 3509
-3 10544
+3 3526
-3 3526
+5 7064
+25 21234
423 8457
fi=(5)
150 8457
fi=(6)
423 1372
fi=(5)
150 2137
-19 14446
+33 24
+1 72
+1 252
+3 136
+4 68
-1 68
-3 68
+2 136
+2 68
-2 136
fe=(77)
-1 272
fi=(6)
287 68
+3 68
-3 68
+4 136
476 136
+2 68
cfi=(15) ./elf/../sysdeps/x86/dl-get-cpu-features.c
cfn=(550) __x86_cpu_features
calls=1 71 
* 6
cob=(3)
cfi=(162)
cfn=(518)
calls=1 26 
* 8
cob=(3)
cfi=(146)
cfn=(514)
calls=1 27 
* 9
cob=(3)
cfi=(161)
cfn=(510)
calls=1 26 
* 9
cob=(3)
cfi=(160)
cfn=(506)
calls=1 27 
* 9
cob=(3)
cfi=(159)
cfn=(502)
calls=1 26 
* 9
cob=(3)
cfi=(156)
cfn=(498)
calls=1 27 
* 8
cob=(3)
cfi=(158)
cfn=(496)
calls=1 49 
* 6
cob=(3)
cfi=(157)
cfn=(492)
calls=1 26 
* 9
cob=(3)
cfi=(156)
cfn=(488)
calls=1 35 
* 8
cob=(3)
cfi=(155)
cfn=(484)
calls=1 27 
* 9
cob=(3)
cfi=(154)
cfn=(480)
calls=1 26 
* 9
cob=(3)
cfi=(153)
cfn=(476)
calls=1 27 
* 9
cob=(3)
cfi=(151)
cfn=(472)
calls=1 27 
* 8
cob=(3)
cfi=(150)
cfn=(468)
calls=1 30 
* 9
cob=(3)
cfi=(149)
cfn=(464)
calls=1 26 
* 9
cob=(3)
cfi=(148)
cfn=(460)
calls=1 27 
* 9
cob=(3)
cfi=(147)
cfn=(456)
calls=1 27 
* 9
cob=(3)
cfi=(146)
cfn=(452)
calls=1 34 
* 9
cob=(3)
cfi=(145)
cfn=(448)
calls=1 27 
* 9
cob=(3)
cfi=(143)
cfn=(444)
calls=1 27 
* 9
cob=(3)
cfi=(141)
cfn=(440)
calls=1 26 
* 9
cob=(2)
cfi=(139) ./string/../sysdeps/x86_64/multiarch/strncase.c
cfn=(432) strncasecmp
calls=1 31 
* 21
cob=(2)
cfi=(138) ./string/../sysdeps/x86_64/multiarch/mempcpy.c
cfn=(428) mempcpy
calls=1 33 
* 22
cob=(2)
cfi=(137) ./wcsmbs/../sysdeps/x86_64/multiarch/wcpcpy.c
cfn=(424) wcpncpy
calls=1 31 
* 18
cob=(2)
cfi=(136) ./string/../sysdeps/x86_64/multiarch/strspn.c
cfn=(422) strspn
calls=1 29 
* 7
cob=(2)
cfi=(134) ./string/../sysdeps/x86_64/multiarch/memchr.c
cfn=(418) memchr
calls=1 29 
* 23
cob=(2)
cfi=(133) ./string/../sysdeps/x86_64/multiarch/memmove.c
cfn=(414) memmove
calls=1 29 
* 22
cob=(2)
cfi=(132) ./string/../sysdeps/x86_64/multiarch/stpcpy.c
cfn=(410) stpcpy
calls=1 33 
* 17
cob=(2)
cfi=(131) ./debug/../sysdeps/x86_64/multiarch/memmove_chk.c
cfn=(406) __memmove_chk
calls=1 29 
* 22
cob=(2)
cfi=(129) ./wcsmbs/../sysdeps/x86_64/multiarch/wmemcmp.c
cfn=(402) wmemcmp
calls=1 29 
* 24
cob=(2)
cfi=(128) ./string/../sysdeps/x86_64/multiarch/strncpy.c
cfn=(398) strncpy
calls=1 29 
* 19
cob=(2)
cfi=(127) ./string/../sysdeps/x86_64/multiarch/strlen.c
cfn=(394) strlen
calls=1 29 
* 25
cob=(2)
cfi=(100) ./wcsmbs/../sysdeps/x86_64/multiarch/wcscat.c
cfn=(390) wcscat
calls=1 31 
* 18
cob=(2)
cfi=(126) ./string/../sysdeps/x86_64/multiarch/strcasecmp_l.c
cfn=(386) strcasecmp_l
calls=1 31 
* 21
cob=(2)
cfi=(125) ./string/../sysdeps/x86_64/multiarch/strcpy.c
cfn=(382) strcpy
calls=1 29 
* 17
cob=(2)
cfi=(123) ./wcsmbs/../sysdeps/x86_64/multiarch/wmemset.c
cfn=(378) wmemset
calls=2 31 
* 20
cob=(2)
cfi=(121) ./string/../sysdeps/x86_64/multiarch/memcmp.c
cfn=(374) bcmp
calls=1 29 
* 24
cob=(2)
cfi=(120) ./string/../sysdeps/x86_64/multiarch/strchrnul.c
cfn=(370) strchrnul
calls=1 31 
* 25
cob=(2)
cfi=(119) ./string/../sysdeps/x86_64/multiarch/strncase_l.c
cfn=(366) strncasecmp_l
calls=1 31 
* 21
cob=(2)
cfi=(117) ./string/../sysdeps/x86_64/multiarch/strcat.c
cfn=(362) strcat
calls=1 29 
* 17
cob=(2)
cfi=(116) ./wcsmbs/../sysdeps/x86_64/multiarch/wcscpy.c
cfn=(360) wcscpy
calls=1 60 
* 16
cob=(2)
cfi=(115) ./string/../sysdeps/x86_64/multiarch/strcspn.c
cfn=(358) strcspn
calls=1 29 
* 7
cob=(2)
cfi=(113) ./string/../sysdeps/x86_64/multiarch/strcasecmp.c
cfn=(354) strcasecmp
calls=1 31 
* 21
cob=(2)
cfi=(112) ./string/../sysdeps/x86_64/multiarch/strncmp.c
cfn=(352) strncmp
calls=1 67 
* 21
cob=(2)
cfi=(110) ./wcsmbs/../sysdeps/x86_64/multiarch/wmemchr.c
cfn=(348) wmemchr
calls=2 31 
* 46
cob=(2)
cfi=(108) ./string/../sysdeps/x86_64/multiarch/stpncpy.c
cfn=(344) stpncpy
calls=1 31 
* 19
cob=(2)
cfi=(107) ./wcsmbs/../sysdeps/x86_64/multiarch/wcscmp.c
cfn=(340) wcscmp
calls=1 30 
* 25
cob=(2)
cfi=(106) ./string/../sysdeps/x86_64/multiarch/strrchr.c
cfn=(336) rindex
calls=1 28 
* 25
cob=(2)
cfi=(104) ./debug/../sysdeps/x86_64/multiarch/memset_chk.c
cfn=(332) __memset_chk
calls=1 29 
* 24
cob=(2)
cfi=(103) ./string/../sysdeps/x86_64/multiarch/strchr.c
cfn=(330) index
calls=1 65 
* 19
cob=(2)
cfi=(100)
cfn=(324) wcschr
calls=2 31 
* 50
cob=(2)
cfi=(98) ./string/../sysdeps/x86_64/multiarch/memcmpeq.c
cfn=(320) memcpy@@GLIBC_2.14
calls=1 29 
* 22
cob=(2)
cfi=(96) ./wcsmbs/../sysdeps/x86_64/multiarch/wcsncpy.c
cfn=(316) wcsncpy
calls=1 31 
* 18
cob=(2)
cfi=(95) ./string/../sysdeps/x86_64/multiarch/memrchr.c
cfn=(312) memrchr
calls=1 29 
* 25
cob=(2)
cfi=(94) ./debug/../sysdeps/x86_64/multiarch/memcpy_chk.c
cfn=(308) __memcpy_chk
calls=1 29 
* 22
cob=(2)
cfi=(92) ./debug/../sysdeps/x86_64/multiarch/mempcpy_chk.c
cfn=(304) __mempcpy_chk
calls=1 29 
* 22
cob=(2)
cfi=(91) ./wcsmbs/../sysdeps/x86_64/multiarch/wcslen.c
cfn=(300) wcslen
calls=1 29 
* 19
cob=(2)
cfi=(89) ./string/../sysdeps/x86_64/multiarch/memset.c
cfn=(296) memset
calls=1 29 
* 24
cob=(2)
cfi=(87) ./wcsmbs/../sysdeps/x86_64/multiarch/wcsnlen.c
cfn=(292) wcsnlen
calls=1 30 
* 19
cob=(2)
cfi=(86) ./string/../sysdeps/x86_64/multiarch/strcmp.c
cfn=(290) strcmp
calls=1 79 
* 19
cob=(2)
cfi=(85) ./string/../sysdeps/x86_64/multiarch/strpbrk.c
cfn=(288) strpbrk
calls=1 29 
* 7
cob=(2)
cfi=(83) ./string/../sysdeps/x86_64/multiarch/strnlen.c
cfn=(284) strnlen
calls=2 31 
* 50
cob=(2)
cfi=(81) ./string/../sysdeps/x86/cacheinfo.c
cfn=(280) __x86_cacheinfo
calls=1 86 
* 28
fi=(5)
165 68
fi=(6)
479 68
fi=(5)
165 145
-14 276
fi=(6)
460 33
+5 22
-1 33
+1 22
-1 11
cfi=(29)
cfn=(82)
calls=11 210 
* 340
+2 55
+1 22
-67 51
+2 68
+4 17
+9 17
-9 34
+9 17
fi=(5)
150 34
fi=(6)
320 92
+3 92
+29 6
+11 2
-9 4
+9 2
fi=(5)
150 4
fi=(6)
346 8
+1 12
fi=(5)
150 8
fi=(6)
287 85
fi=(5)
141 68
+1 68
-1 204
+2 68
fi=(6)
287 340
fe=(77)
175 14758
+3 1640
-1 1640
+19 1640
-18 3280
fi=(6)
295 12
+1 18
+11 12
+7 6
cob=(2)
cfi=(133)
cfn=(414)
calls=1 29 
* 22
cob=(2)
cfi=(86)
cfn=(290)
calls=1 79 
* 19
cob=(2)
cfi=(134)
cfn=(418)
calls=1 29 
* 23
cob=(2)
cfi=(98)
cfn=(320)
calls=1 29 
* 22
cob=(2)
cfi=(89)
cfn=(296)
calls=1 29 
* 24
cob=(2)
cfi=(127)
cfn=(394)
calls=1 29 
* 25
* 24
fe=(77)
-13 6
+55 35
+3 7
-3 7
+3 7
+4 14
+1 28
cfi=(140)
cfn=(436) mprotect
calls=7 117 
* 42
* 14
-63 9
fi=(5)
180 7
fe=(77)
+10 2
fi=(5)
73 1
fe=(77)
190 3
fi=(6)
436 7
fi=(5)
182 2
+1 2
-1 1
+3 1
-3 4
+3 2
-3 10
+1 10
-1 5
+3 5
-3 20
+3 10
+8 6
fi=(6)
+74 12
+7 12
+4 12
fe=(77)
170 24
fi=(4)
-30 18
fe=(77)
+31 12
+3 12
+8 12
-8 54
+12 12
-3 6
+1 6
+2 36
+4 24
-4 6
+4 18
cfi=(78)
cfn=(270)
calls=6 772 
* 3844
+3 6
+1 12
-4 6
+4 30
fi=(6)
+93 21
+3 3
-3 9
+3 3
-3 3
+5 6
+25 36
423 6
fi=(5)
196 18
-16 24
+31 7
fe=(77)
-33 1638
-3 4914

fl=(30) ./elf/./elf/dl-load.c
fn=(132) fillin_rpath.isra.0
468 9
+4 1
-4 8
+6 3
cfi=(7) ./elf/./elf/dl-minimal.c
cfn=(134) strsep
calls=1 239 
* 240
* 3
cfi=(7)
cfn=(134)
calls=1 239 
* 8
* 6
+7 2
+2 3
cfn=(136) expand_dynamic_string_token
calls=1 -98 
* 125
* 1
+4 2
+5 2
cfi=(22)
cfn=(62)
calls=1 57 
* 17
* 1
+1 2
+7 5
+9 15
+1 8
fi=(28)
50 2
cfi=(27)
cfn=(142)
calls=1 +47 
* 5
+1 1
fe=(30)
528 4
+4 4
fi=(28)
56 1
cfi=(27)
cfn=(78)
calls=1 -20 
* 30
* 1
fe=(30)
534 2
+5 1
+1 2
-1 1
-1 1
+2 1
cfi=(29)
cfn=(126)
calls=1 197 
* 13
+3 1
-3 1
+1 1
+2 1
+6 1
+1 1
-1 3
+1 5
+1 1
-1 1
+1 1
-1 3
+1 1
-1 2
+1 1
+2 2
+1 3
+1 1
+6 2
+1 1
+3 3
-60 2
-22 2
+88 1
+3 8
-24 2

fn=(176) _dl_map_object_from_fd
944 50
+15 5
-15 10
+15 5
-15 10
+15 10
+77 20
+10 10
+7 35
cfi=(26) ./elf/./elf/dl-object.c
cfn=(72) _dl_new_object
calls=5 59 
* 1880
* 5
+1 10
+11 5
+5 5
-4 5
-1 5
+2 5
+2 5
-2 5
+2 10
+1 15
+1 8
+19 8
-2 4
+2 42
-2 1
+2 55
+10 5
-10 5
+10 15
+27 5
-33 5
-3 5
+2 5
-1 5
+35 5
+9 5
-50 5
+41 5
+9 5
-36 5
+63 25
-62 200
+26 140
+8 40
+1 20
-1 20
+1 80
+1 20
-1 20
+1 20
+2 20
-2 20
+2 20
+2 20
-4 20
+1 20
+3 20
-4 20
+4 100
+2 40
+13 40
+1 75
+5 15
+1 135
-28 30
-35 45
+62 5
+1 45
-28 10
-35 120
+1 307
1213 5
1100 5
1213 10
1100 15
1218 35
+10 15
+1 5
-1 5
+1 5
-1 15
+1 15
-1 15
+1 15
-1 45
1066 10
1235 10
+10 20
+7 20
fi=(59) ./elf/./dl-map-segments.h
28 5
fe=(30)
1252 15
fi=(59)
28 10
+1 40
cfi=(57)
cfn=(182)
calls=5 +18 
* 140
+73 10
-1 5
-72 5
+73 5
+3 10
+1 5
+2 5
-3 5
+1 5
+2 5
+17 5
-44 5
fi=(60) ./elf/./dl-load.h
+10 40
fi=(59)
+58 80
+6 5
+2 5
-2 5
+1 5
+2 10
-1 10
+3 10
+5 10
+3 15
+8 30
cfi=(43)
cfn=(130)
calls=5 -44 
* 763
* 5
+6 10
+12 20
-59 120
+2 60
+2 120
cfi=(57)
cfn=(182)
calls=15 -92 
* 315
* 30
fe=(30)
1264 5
fi=(56) ./elf/../sysdeps/posix/dl-fileid.h
37 10
cfi=(55) ./io/../sysdeps/unix/sysv/linux/fstat64.c
cfn=(178) fstat
calls=5 -7 
* 30
* 10
fe=(30)
989 10
fi=(56)
40 15
fe=(30)
989 5
fi=(56)
40 5
fe=(30)
989 80
+1 40
fi=(56)
49 60
fe=(30)
1519 45
1074 13
+1 2
-1 1
+1 1
-1 1
+1 1
cfi=(70) ./io/../sysdeps/unix/sysv/linux/pread64_nocancel.c
cfn=(226) __pread64_nocancel
calls=1 25 
* 7
* 2
+46 2
+1 1
-15 10
+7 5
+2 5
-2 5
+1 5
+1 5
-1 10
+1 40
+60 9
+5 3
-1 6
+5 3
-5 6
-66 3
+71 12
+1 3
+3 3
-3 3
+8 12
+15 10
+1 5
1008 10
1268 20
+1 15
fi=(61) ./elf/./elf/get-dynamic-info.h
39 10
+6 5
-2 5
+11 5
+1 5
-10 10
+8 6
+15 6
-23 24
+23 132
-23 528
+4 276
+3 37
-1 74
+3 124
+1 104
+1 25
+16 20
+12 17
+1 20
+1 20
+1 20
+1 17
+1 19
+1 19
+1 20
+12 5
+7 5
-7 35
+7 11
+5 8
+7 8
+1 15
+6 15
+1 6
+17 15
+5 4
+2 4
+2 4
+2 4
+4 15
+2 9
+1 6
+9 6
+6 6
+4 10
fe=(30)
1275 10
+1 10
+2 10
+10 15
+19 15
+2 30
+52 15
+1 6
+6 45
+1 100
+6 20
cfn=(88) _dl_process_pt_gnu_property
calls=5 868 
* 372
-7 125
+1 60
+6 60
-6 120
fi=(31) ./elf/../sysdeps/x86/dl-prop.h
149 20
fe=(30)
1380 10
cfi=(62) ./io/../sysdeps/unix/sysv/linux/close_nocancel.c
cfn=(194) __GI___close_nocancel
calls=5 25 
* 30
* 10
+13 10
+2 20
+2 10
+16 10
cfi=(8)
cfn=(14)
calls=5 25 
* 135
+4 10
+1 10
+17 10
+1 1
+3 1
+5 1
-5 1
+5 1
-5 4
+5 4
-5 4
+5 4
+5 10
+12 40
+10 10
+1 12
+5 6
cfi=(46) ./elf/../elf/dl-tls.c
cfn=(224) _dl_assign_tls_modid
calls=3 125 
* 36
+7 15
cfi=(26)
cfn=(84) _dl_add_to_namespace_list
calls=5 31 
* 295
+3 10
+4 10
cfi=(45) ./elf/./elf/dl-debug.c
cfn=(196) _dl_debug_update
calls=5 38 
* 35
* 5
+1 15
+22 35
+1 15
cfi=(48)
cfn=(198) _dl_audit_objopen
calls=5 77 
* 25
* 5
fi=(60)
92 16
+2 4
-1 4
+1 4
-1 4
+1 4
-1 4
+1 4
-1 8
+3 16
fi=(61)
-37 20
+3 20
+2 20
181 6
-22 4
fe=(30)
1510 10
1074 2
fi=(59)
186 16
cfi=(57)
cfn=(182)
calls=2 47 
* 42
+3 4
fe=(30)
1462 15
+2 4
-1 20
+1 4
-1 4
+1 4
-1 4
cfi=(32)
cfn=(94)
calls=4 98 
* 120
* 8
+2 5
1275 4

fn=(208) open_path
1812 32
+1 4
-1 12
+1 4
+6 8
+5 68
+67 8
-74 4
+7 12
+57 4
-65 4
+65 4
+10 8
-64 8
+8 24
+7 8
-11 4
+12 4
-1 16
cfi=(29)
cfn=(126)
calls=4 197 
* 52
+1 40
+50 6
-2 12
-48 44
+3 24
+5 42
cfi=(29)
cfn=(126)
calls=6 197 
* 78
* 24
cfi=(29)
cfn=(126)
calls=6 197 
* 78
+3 12
+6 18
+3 42
cfn=(170) open_verify.constprop.0
calls=6 1572 
* 336
* 6
+2 18
+2 6
+93 36
-88 6
+1 21
+6 3
+2 6
-2 6
+2 3
cfi=(65)
cfn=(210)
calls=3 28 
* 46
* 3
+3 3
-3 6
+1 2
+9 8
+2 1
-2 2
+2 6
+44 32
+6 8
-2 4
+2 8
+3 12
1822 8
+2 8

fn=(88)
868 6
+8 6
-8 12
+8 6
-6 6
+12 12
-13 6
+13 6
-13 6
+13 12
+3 18
+1 12
+1 12
+3 18
+1 18
+4 6
+1 12
+22 6
+2 6
-2 12
+2 18
-20 18
+1 9
+3 18
+3 9
+1 36
fi=(31)
95 36
+7 18
+16 9
-3 18
254 12
+1 6
+2 24
+3 6
-8 6
+5 3
-4 3
+4 9
+3 3
-2 3
fe=(30)

fn=(106) _dl_init_paths
706 11
+14 1
-14 2
+14 2
cfi=(37) ./elf/./elf/dl-hwcaps.c
cfn=(108) _dl_important_hwcaps
calls=1 172 
* 1244
fi=(28)
56 1
fe=(30)
720 1
fi=(28)
56 1
cfi=(27)
cfn=(78)
calls=1 -20 
* 30
fe=(30)
725 1
+2 3
+8 2
-1 3
+5 3
fi=(28)
56 1
cfi=(27)
cfn=(78)
calls=1 -20 
* 30
fe=(30)
739 1
+2 4
+7 1
+8 1
+2 1
+12 2
-23 1
+9 1
+11 1
-4 1
-5 1
+3 2
+7 2
+2 2
-11 1
+11 3
-8 1
+4 1
+1 3
+1 16
cfi=(43)
cfn=(130)
calls=4 132 
* 56
+2 15
-14 3
+10 3
+4 9
-12 3
-2 3
+2 3
+4 3
-3 3
+3 3
+1 3
-2 3
+5 9
+1 6
+3 1
+15 1
-8 1
+5 1
-6 1
+9 2
+2 4
+2 3
+36 5
+2 2
cfi=(22)
cfn=(62)
calls=1 57 
* 17
* 9
-19 1
-2 1
+2 2
+19 9
cfi=(29)
cfn=(82)
calls=1 210 
* 11
* 1
+5 4
-1 2
+2 1
+1 2
-2 4
+1 13
+1 26
-2 52
+5 1
fi=(28)
56 1
cfi=(27)
cfn=(78)
calls=1 -20 
* 30
fe=(30)
836 1
fi=(28)
56 1
fe=(30)
838 2
+6 6
cfn=(132)
calls=1 468 
* 581
+3 3
+6 1
+4 8
-35 2
+5 2

fn=(166) _dl_map_object
1967 168
+8 28
+1 56
+3 307
+5 420
+2 180
cfi=(52)
cfn=(168)
calls=60 68 
* 5947
* 120
+4 102
+1 153
+4 28
-1 140
+1 28
+1 28
-1 28
+1 56
cfi=(32)
cfn=(94)
calls=28 98 
* 886
* 56
2270 131
2011 15
-1 10
+9 5
-50 5
+50 10
+17 10
-2 5
+2 5
cfi=(41) ./string/../sysdeps/x86_64/multiarch/../multiarch/strchr-sse2.S
cfn=(118) index
calls=5 32 
* 120
* 10
2202 2
-1 3
cfn=(136)
calls=1 385 
* 175
+6 1
-7 1
+1 1
+2 2
+4 7
cfn=(170)
calls=1 1572 
* 106
+3 2
-3 1
+3 1
+12 4
+45 1
+1 5
-1 1
+1 8
cfn=(176)
calls=1 944 
* 1940
-1 4
+1 20
-1 4
+1 32
cfn=(176)
calls=4 944 
* 8888
* 15
2040 8
cfi=(22)
cfn=(62)
calls=4 57 
* 68
* 8
+2 8
+7 16
+51 52
cfn=(208)
calls=4 1812 
* 1312
+6 4
-6 4
+6 8
2222 16
+46 8
682 4
2107 4
682 8
2135 8
cfi=(67)
cfn=(214)
calls=4 403 
* 5398
* 4
+2 8
+4 8
+31 4
-23 8
+23 28
cfn=(170)
calls=4 1572 
* 461
+4 8
-4 4
+4 4
+1 4
+17 8
2074 20
682 4
2075 4
682 12
2099 8
+1 8
-47 4
+1 4
696 20
2058 12
682 4
2059 4
682 8
2073 20
+1 8
+41 4
+14 8
+2 12
-47 8

fn=(170)
1572 110
+32 11
-32 22
+32 22
+19 44
cfi=(53) ./io/../sysdeps/unix/sysv/linux/open64_nocancel.c
cfn=(172) __open_nocancel
calls=11 28 
* 238
* 11
+2 22
+8 5
+1 10
+5 5
-5 5
+5 25
cfi=(54) ./io/../sysdeps/unix/sysv/linux/read_nocancel.c
cfn=(174) __read_nocancel
calls=5 25 
* 30
+2 10
+2 10
+2 10
+6 10
+17 65
+81 10
+5 10
+6 20
+6 10
+6 5
+1 5
-1 15
+1 15
+26 99
-22 13
+1 2
-1 1
+1 1
cfi=(70)
cfn=(226)
calls=1 25 
* 7
* 2
1668 9
-59 12
1777 2

fn=(204) _dl_dst_count
238 26
+3 13
-3 65
+7 13
-7 26
+3 13
cfi=(41)
cfn=(118)
calls=13 32 
* 408
+3 26
+20 117

fn=(136)
385 18
241 4
385 2
241 2
cfi=(41)
cfn=(118)
calls=2 32 
* 72
+3 4
410 2
-11 2
+11 12
-11 2
cfi=(44)
cfn=(138)
calls=2 40 
* 180

fl=(32)
fn=(244)
98 1
+27 1
+1 1
+1 1
+1 1
+1 1
+2 1
+1 1
+2 1
+1 1
+21 1
+1 1
+1 1
+1 1
+1 1
+1 1
+1 1
+1 1
+17 1
+1 1
+1 1
+1 1
+1 1
+1 1
+1 1
2104 1
+3 1
+1 1
+2 1
+1 1
+8 1
+1 1

fn=(94)
98 2552
+33 2552
+1 2552
+2 2552
+1 2552
+21 2552
+1 2552
+1 2334
+1 2334
+1 2241
+1 2241
+1 2241
+1 2241
+17 2241
+1 2241
+1 2241
+1 2241
+1 2241
+1 2241
+1 2241
+5 60
+1 180
+9 60
+1 60
+1 60
+1 60
+1 60
+1 60
+1 60
+1 60
-7 311
+1 311
+1 311
+1 311
+1 311
+1 311
+1 311
+1 311
+1 284
+1 147
+1 147
+1 147
+2 147
+1 147
+1 147
+1 147
+1 147
+1 147
-5 137
+1 137
+1 137
+1 137
+1 137
+1 137
+10 87
+1 87
+1 87
+2 87
+6 87
+1 87
+1 87
+1 87
+1 87
+5 87
+2 79
+1 79
+1 158
+8 79
+1 79
+3 79
+1 79
+1 79
+1 79
+1 79
+1 79
-9 3
+1 3
+3 3
+1 3
+1 3
+1 3
+1 3
+1 3
+6 4
+1 4
+1 4
+3 4
+1 4
+1 4
+1 4
+1 4
+1 4
+5 3
+1 3
+9 6
+1 6
+1 6
+1 6
+1 6
+2 6
+1 6
+1 6
+1 6
+1 6
+1 6
+1 6
+1 6
+3 6
+1 6
+1 6
+6 6
+1 6
+1 12
+4 6
+1 6
+3 6
+1 6
+1 6
+2 6
+1 6
+1 6
+4 6
+1 6
+1 6
+1 6
+1 6
+1 6
542 1
+1 1
+1 1
+1 1
+1 1
+2 1
+1 1
+1 1
+1 1
+1 1
+1 1
+1 1
+1 1
+4 1
+1 1
+1 1
+6 1
+1 1
+1 2
+4 1
+1 1
+3 1
+1 1
+1 1
+2 1
+1 1
+1 1
+4 1
+1 1
+1 1
+1 1
+1 1
+1 1
+7 1
+1 1
+2 1
+1 1
+2 1
+1 1
+1 1
+2 1
+1 1
+1 1
+4 1
+1 1
+1 1
+1 1
+1 1
+1 1
+41 2
+1 2
+1 2
+1 2
+1 2
+2 2
+1 2
+1 2
+1 2
+1 2
+1 2
+1 2
+1 1
+4 1
+1 1
+1 1
+6 1
+1 1
+1 2
+4 1
+1 1
+3 1
+1 1
+1 1
+2 1
+1 1
+1 1
+4 1
+1 1
+1 1
+1 1
+1 1
+1 1
+69 5
+1 5
+1 5
+1 5
+1 5
+2 5
+1 5
+1 5
+1 5
+1 5
+1 5
+1 5
+1 4
+4 4
+1 4
+1 4
+6 4
+1 4
+1 8
+4 4
+1 4
+3 4
+1 4
+1 4
+2 4
+1 4
+1 4
+4 4
+1 4
+1 4
+1 4
+1 4
+1 4
+69 11
+1 11
+1 11
+1 11
+1 11
+2 11
+1 11
+1 11
+1 11
+1 11
+1 11
+1 11
+1 10
+4 10
+1 10
+1 10
+6 10
+1 10
+1 20
+4 10
+1 10
-1 1
+1 1
+3 11
+1 11
+1 11
+2 11
+1 11
+1 11
+4 11
+1 11
+1 11
+1 11
+1 11
+1 11
+7 4
+1 4
+2 4
+1 4
+2 4
+1 4
+1 4
+2 4
+1 4
+1 4
+4 4
+1 4
+1 4
+1 4
+1 4
+1 4
+7 1
+1 1
+1 1
+32 11
+1 11
+1 11
+1 11
+1 11
+2 11
+1 11
+1 11
+1 11
+1 11
+1 11
+1 11
+1 10
+4 10
+1 10
+1 10
+6 10
+1 10
+1 20
+4 10
+1 10
-1 1
+1 1
+3 11
+1 11
+1 11
+2 11
+1 11
+1 11
+4 11
+1 11
+1 11
+1 11
+1 11
+1 11
+7 4
+1 4
+2 4
+1 4
+2 4
+1 4
+1 4
+2 4
+1 4
+1 4
+4 4
+1 4
+1 4
+1 4
+1 4
+1 4
+7 1
+1 1
+1 1
+32 29
+1 29
+1 29
+1 29
+1 29
+2 29
+1 29
+1 29
+1 29
+1 29
+1 29
+1 29
+1 21
+4 21
+1 21
+1 21
+6 21
+1 21
+1 42
+4 21
+1 21
-1 2
+1 2
+3 23
+1 23
+1 23
+2 23
+1 23
+1 23
+4 23
+1 23
+1 23
+1 23
+1 23
+1 23
+7 4
+1 4
+2 4
+1 4
+2 4
+1 4
+1 4
+2 4
+1 4
+1 4
+4 4
+1 4
+1 4
+1 4
+1 4
+1 4
+7 2
+1 2
+1 2
+32 21
+1 21
+1 21
+1 21
+1 21
+2 21
+1 21
+1 21
+1 21
+1 21
+1 21
+1 21
+1 11
+4 11
+1 11
+1 11
+6 11
+1 11
+1 22
+4 11
+1 11
+3 11
+1 11
+1 11
+2 11
+1 11
+1 11
+4 11
+1 11
+1 11
+1 11
+1 11
+1 11
+7 2
+1 2
+2 2
+1 2
+2 2
+1 2
+1 2
+2 2
+1 2
+1 2
+4 2
+1 2
+1 2
+1 2
+1 2
+1 2
+41 21
+1 21
+1 21
+1 21
+1 21
+2 21
+1 21
+1 21
+1 21
+1 21
+1 21
+1 21
+1 18
+4 18
+1 18
+1 18
+6 18
+1 18
+1 36
+4 18
+1 18
+3 18
+1 18
+1 18
+2 18
+1 18
+1 18
+4 18
+1 18
+1 18
+1 18
+1 18
+1 18
+7 2
+1 2
+2 2
+1 2
+2 2
+1 2
+1 2
+2 2
+1 2
+1 2
+4 2
+1 2
+1 2
+1 2
+1 2
+1 2
+41 38
+1 38
+1 38
+1 38
+1 38
+2 38
+1 38
+1 38
+1 38
+1 38
+1 38
+1 38
+1 15
+4 15
+1 15
+1 15
+6 15
+1 15
+1 30
+4 15
+1 15
-1 1
+1 1
+3 16
+1 16
+1 16
+2 16
+1 16
+1 16
+4 16
+1 16
+1 16
+1 16
+1 16
+1 16
+7 3
+1 3
+2 3
+1 3
+2 3
+1 3
+1 3
+2 3
+1 3
+1 3
+4 3
+1 3
+1 3
+1 3
+1 3
+1 3
+7 1
+1 1
+1 1
+32 52
+1 52
+1 52
+1 52
+1 52
+2 52
+1 52
+1 52
+1 52
+1 52
+1 52
+1 52
+1 19
+4 19
+1 19
+1 19
+6 19
+1 19
+1 38
+4 19
+1 19
-1 7
+1 7
+3 26
+1 26
+1 26
+2 26
+1 26
+1 26
+4 26
+1 26
+1 26
+1 26
+1 26
+1 26
+7 10
+1 10
+2 10
+1 10
+2 10
+1 10
+1 10
+2 10
+1 10
+1 10
+4 10
+1 10
+1 10
+1 10
+1 10
+1 10
+7 7
+1 7
+1 7
+32 35
+1 35
+1 35
+1 35
+1 35
+2 35
+1 35
+1 35
+1 35
+1 35
+1 35
+1 35
+1 20
+4 20
+1 20
+1 20
+6 20
+1 20
+1 40
+4 20
+1 20
-1 1
+1 1
+3 21
+1 21
+1 21
+2 21
+1 21
+1 21
+4 21
+1 21
+1 21
+1 21
+1 21
+1 21
+7 3
+1 3
+2 3
+1 3
+2 3
+1 3
+1 3
+2 3
+1 3
+1 3
+4 3
+1 3
+1 3
+1 3
+1 3
+1 3
+7 1
+1 1
+1 1
+32 19
+1 19
+1 19
+1 19
+1 19
+2 19
+1 19
+1 19
+1 19
+1 19
+1 19
+1 19
+1 12
+4 12
+1 12
+1 12
+6 12
+1 12
+1 24
+4 12
+1 12
-1 1
+1 1
+3 13
+1 13
+1 13
+2 13
+1 13
+1 13
+4 13
+1 13
+1 13
+1 13
+1 13
+1 13
+7 1
+1 1
+2 1
+1 1
+2 1
+1 1
+1 1
+2 1
+1 1
+1 1
+4 1
+1 1
+1 1
+1 1
+1 1
+1 1
+7 1
+1 1
+1 1
+32 33
+1 33
+1 33
+1 33
+1 33
+2 33
+1 33
+1 33
+1 33
+1 33
+1 33
+1 33
+2 16
+4 16
+1 16
+1 16
+6 16
+1 16
+2 32
+4 16
+1 16
-1 2
+1 2
+3 18
+1 18
+1 18
+2 18
+1 18
+1 18
+4 18
+1 18
+1 18
+1 18
+1 18
+1 18
+7 7
+1 7
+2 7
+1 7
+2 7
+1 7
+1 7
+2 7
+1 7
+1 7
+4 7
+1 7
+1 7
+1 7
+1 7
+1 7
+7 2
+1 2
+1 2
+34 243
+2 243
+1 243
+1 243
+1 243
-3 128
+1 128
+1 128
+1 128
+1 294
+5 147
+6 147
+1 147
+8 147
+1 147
-16 2405
+6 2405
+1 2405
+8 2405
+1 2405

fl=(53)
fn=(172)
28 24
+3 12
-3 24
+3 72
+8 84
+2 12
-2 18
+2 12

fl=(66)
fn=(212)
146 6
-55 6
+70 7
+1 1
-2 4
+1 4

fl=(51)
fn=(162)
31 14
+2 14
+9 14
+1 28
+1 14
+4 14
+1 14
+1 14
+1 14
+1 14
+2 28
+2 14
+1 14
+1 14
+2 28
+2 14
+8 14
+3 14
+1 14
+7 14
+1 14

fl=(62)
fn=(194)
25 6
+1 24
+1 6

fl=(272)
fn=(2270)
24 56
+4 14
+6 7
-2 7
+3 14
+3 5
+1 5
-1 5
+1 10
+3 20
+1 5
cob=(6)
cfi=(183)
cfn=(2394)
calls=1 -43 
* 42
cob=(3)
cfi=(184)
cfn=(2376)
calls=1 -43 
* 152
cob=(7) /usr/lib/x86_64-linux-gnu/libstdc++.so.6.0.33
cfi=(185) ???
cfn=(2316) 0x00000000000b7aa0
calls=1 -43 
* 3894
cob=(5) /usr/libexec/valgrind/vgpreload_core-amd64-linux.so
cfi=(178) ???
cfn=(2298) 0x00000000000010d0
calls=1 -43 
* 152
cob=(8) /home/nanoseeing/AtCoder/atcoder-repository/AHC/AHC048/a.out
cfi=(211) ???
cfn=(2272) 0x0000000000005ca0
calls=1 -43 
* 152
* 1
cob=(6)
cfi=(183)
cfn=(2406)
calls=1 -43 
* 152
-1 24
+5 7
+1 14
+1 10
+1 25
-1 5
cob=(4)
cfi=(175)
cfn=(2422) 0x0000000004be1748
calls=1 -49 
* 4
cob=(4)
cfi=(175)
cfn=(2392) 0x0000000004b5f3a8
calls=1 -49 
* 4
cob=(4)
cfi=(175)
cfn=(2374) 0x0000000004a37ce4
calls=1 -49 
* 4
cob=(4)
cfi=(175)
cfn=(2314) 0x000000000483d294
calls=1 -49 
* 4
cob=(4)
cfi=(175)
cfn=(2294) 0x0000000000139154
calls=1 -49 
* 4
+1 12

fl=(187) ./elf/./elf/dl-runtime.c
fn=(644) _dl_fixup
46 1210
+2 550
+1 110
+6 110
fi=(283) ./elf/../sysdeps/x86_64/dl-runtime.h
-27 110
fe=(187)
+21 110
+5 110
+1 110
-6 110
+6 220
+1 110
+2 110
-2 110
+2 110
-2 550
+7 220
+4 220
+4 110
-2 110
+2 220
+4 330
+1 440
+1 330
+8 110
-1 110
+1 220
+10 1100
cfi=(78)
cfn=(270)
calls=110 772 
* 79413
* 110
+4 550
+10 1100
+15 440
+9 330
+26 330
fi=(6)
+75 110
fe=(187)
-71 880
fi=(242) ./elf/../sysdeps/x86_64/dl-irel.h
32 3
cob=(2)
cfi=(134)
cfn=(418)
calls=1 -3 
* 23
cob=(2)
cfi=(98)
cfn=(320)
calls=1 -3 
* 22
cob=(2)
cfi=(121)
cfn=(374)
calls=1 -3 
* 24
fe=(187)
+93 6

fl=(42) ./string/../sysdeps/x86_64/multiarch/../multiarch/memcmp-sse2.S
fn=(122) bcmp
59 1
+12 1
+1 1
+22 1
+1 1
+45 1
+1 1
+2 1
+1 1
+2 1
+1 1
+2 1
+1 1
+47 1
+1 1
+1 1
+1 1
+1 1
+1 1

fl=(9) ./elf/../sysdeps/unix/sysv/linux/dl-sysdep.c
fn=(568) _dl_sysdep_start_cleanup
147 1
+1 1

fn=(16) _dl_sysdep_start
102 5
+4 1
-4 1
+1 1
+3 1
cfn=(18) _dl_sysdep_parse_arguments
calls=1 -28 
* 419
+4 2
cfi=(11)
cfn=(22) __GI___tunables_init
calls=1 261 
* 28812
+3 1
cfi=(13)
cfn=(26) _dl_sort_maps_init
calls=1 289 
* 38
+2 2
cfi=(14) ./elf/../sysdeps/unix/sysv/linux/brk.c
cfn=(30) brk
calls=1 -79 
* 8
fi=(6)
220 1
cfi=(15)
cfn=(34) _dl_x86_init_cpu_features
calls=1 37 
* 7349
fe=(9)
-98 3
+1 1
cfi=(22)
cfn=(62)
calls=1 -66 
* 17
* 1
+2 2
cfi=(23) ./elf/../misc/sbrk.c
cfn=(64) sbrk
calls=1 -88 
* 16
* 3
+12 3
+3 5
cfi=(2)
cfn=(66) dl_main
calls=1 1346 
* 1816615
+3 4

fn=(18)
78 1
+2 1
-2 6
+1 1
+1 1
-1 1
+2 2
+2 1
-2 1
+2 2
-1 1
+1 2
-1 46
+1 92
+7 56
fi=(10) ./elf/../sysdeps/unix/sysv/linux/dl-parse_auxv.h
-49 1
fe=(9)
+45 1
fi=(10)
-54 1
fe=(9)
+54 1
fi=(10)
-54 1
+1 1
+1 1
+7 3
+1 40
+1 20
-2 20
+2 20
-2 61
fe=(9)
+52 3
+1 1
+1 2
fi=(10)
-49 1
+1 1
fe=(9)
+46 1
fi=(10)
-45 1
+3 1
+1 1
+1 1
+1 1
+2 1
-5 1
-4 1
+1 1
+4 1
+1 1
+3 1
-7 1
-4 1
+1 1
+8 1
fe=(9)
+40 1
-1 1
+2 1
+1 6

fl=(20) ./elf/../sysdeps/x86/dl-cacheinfo.h
fn=(52) intel_check_word.constprop.0
123 48
-4 72
+10 24
-10 96
+10 48
-10 24
+10 24
-10 24
+10 24
+2 48
+71 48
fi=(21) ./elf/../bits/stdlib-bsearch.h
32 24
fe=(20)
202 120
-71 96
+2 60
+2 120
+8 120
+51 96
+22 48
fi=(21)
28 48
-1 96
+2 216
+2 168
+1 84
fe=(20)
+78 168
+3 324
fi=(21)
-78 264
-6 528
+2 480
+1 240
fe=(20)
+78 480
+15 12
246 144
fi=(21)
37 120
fe=(20)
155 36
+3 36
-6 12
+3 39
+9 18
+23 21
-32 63
+3 63
+4 58
+2 116
+3 84
+1 48
+1 48
+1 30
+2 11
+2 22
+6 14
+3 8
+1 12
-20 15
+12 4
+2 4
+1 4
-2 4
-1 4
+2 8
-2 4
+3 4
-2 12
+2 12
+11 2
-9 12

fn=(50) handle_intel.constprop.0
255 24
-5 12
+17 12
-17 96
+11 12
+1 12
+5 36
+4 24
+34 96
-29 12
+3 24
-3 12
+3 36
cfn=(52)
calls=12 123 
* 4092
+2 24
+3 60
cfn=(52)
calls=12 123 
* 1272
+2 24

fn=(56) get_common_cache_info.constprop.0
571 11
+17 1
+1 1
+9 1
-12 1
+2 1
+2 1
+8 1
-11 1
+3 1
+11 2
-5 3
+17 1
+5 3
+4 2
770 5
+1 5
+4 2
+8 1
-1 1
+1 1
+1 1
+1 7
627 5
+3 6
-32 5
+75 4
+8 5
+2 2
-2 1
+6 3
+3 1
+1 5
-4 4
+21 2
-21 4
+2 1
+2 4
-4 1
+6 4
+3 2
+5 1
+2 2
+1 1
+1 1
-2 2
+1 1
-19 4
+46 2
+1 1
+1 2
+1 1
+25 3
630 3
+10 6
+14 2
+4 1
+3 1
+1 1
-4 2
+3 3
+6 4
-37 12
+7 6
-7 3
+7 2
+3 20
+5 2
+4 1
+1 1
-1 2
+1 1
+61 2
+7 1
+2 2
-16 1
+22 1
-6 2
+1 1
+5 1
-30 5

fl=(2)
fn=(2) _dl_start
517 16
85 1
547 4
85 1
543 1
fi=(6)
55 1
fe=(2)
+30 1
546 1
85 1
fi=(3) ./elf/./get-dynamic-info.h
-40 1
fe=(2)
546 1
fi=(3)
45 2
+23 18
-23 72
+4 36
+3 5
-1 10
+3 20
+1 16
+1 5
fi=(4)
+23 1
fi=(3)
+31 1
-38 3
+12 4
+1 3
+1 4
+1 4
+1 5
+1 3
+1 4
+1 4
+12 7
+7 2
-51 4
+64 3
+6 3
+1 3
+3 2
+1 3
+5 5
+3 5
fe=(2)
563 154
fi=(4)
79 1
fe=(2)
563 1
fi=(4)
79 2
fe=(2)
563 27
fi=(6)
287 3
fi=(5)
49 1
fe=(2)
563 1
fi=(5)
50 1
-1 2
+4 1
-3 1
+3 4
+3 2
-7 1
fe=(2)
563 1
fi=(5)
50 1
-1 2
+4 1
-3 1
+3 4
+3 2
+7 3
+2 3
-2 6
fi=(6)
278 3
fi=(5)
64 6
fi=(6)
278 6
+9 24
+3 6
+1 6
+26 8
+6 2
fi=(5)
61 13
fe=(2)
563 6
fi=(5)
51 1
fi=(4)
+28 2
fi=(3)
-17 4
+2 4
fe=(2)
565 1
+13 1
cfi=(7)
cfn=(12) __rtld_malloc_init_stubs
calls=1 42 
* 10
458 2
85 1
476 2
85 3
476 1
cfi=(8)
cfn=(14)
calls=1 25 
* 27
+2 1
+16 2
-17 1
+11 1
-10 1
+16 1
cfi=(9)
cfn=(16)
calls=1 102 
* 1853311
* 1
+2 2
+89 9
fi=(3)
103 3
fe=(2)

fn=(164)
641 2
+2 1
-2 4
+2 1
+1 2
-1 2
+1 3
cfi=(30)
cfn=(166)
calls=1 1967 
* 2643
* 1
+2 3

fn=(246) init_tls
734 1
+6 1
-6 3
+2 2
+4 2
+11 1
fi=(28)
44 1
fe=(2)
746 1
+4 1
fi=(28)
44 1
cfi=(27)
cfn=(74)
calls=1 +36 
* 41
fe=(2)
761 1
-12 1
+6 1
-9 1
+11 1
+4 1
+2 3
-1 2
+3 14
+4 3
+2 3
-2 6
-5 3
-1 6
+10 3
+3 2
cfi=(46)
cfn=(248) _dl_tls_static_surplus_init
calls=1 97 
* 86
+3 1
cfi=(46)
cfn=(250) _dl_determine_tlsoffset
calls=1 216 
* 147
+7 1
cfi=(46)
cfn=(252) _dl_allocate_tls_storage
calls=1 417 
* 470
* 1
+1 2
+6 1
fi=(74) ./elf/../sysdeps/generic/dl-call_tls_init_tp.h
31 2
fe=(2)
793 1
fi=(74)
31 6
+2 1
cfi=(24)
cfn=(256)
calls=1 +35 
* 79
fe=(2)
800 1
-3 1
+3 4
-36 4
-1 9

fn=(66)
1346 2
197 1
1346 11
199 1
302 1
+1 1
197 1
+99 3
1357 1
cfi=(24)
cfn=(68)
calls=1 53 
* 17
2749 1
2538 1
2749 2
2598 1
+2 2
+15 1
-13 2
cfi=(25) ./elf/./elf/dl-environ.c
cfn=(70) _dl_next_ld_env_entry
calls=1 28 
* 41
* 4
cfi=(25)
cfn=(70)
calls=2 28 
* 275
* 9
+4 6
-2 2
+2 6
+1 2
-1 6
+1 17
-1 89
+9 12
2727 3
1373 1
+1 2
-1 2
+1 2
2687 3
-47 2
+10 2
1637 9
cfi=(26)
cfn=(72)
calls=1 59 
* 210
* 1
+2 2
+1 3
+6 1
-5 2
+1 3
+4 1
cfi=(26)
cfn=(84)
calls=1 31 
* 42
+1 2
1116 1
-1 1
1351 1
1143 1
-21 2
+21 2
-19 1
+1 1
-3 1
+21 2
+57 1
-82 1
+25 1
-3 1
+4 1
+19 1
+37 4
-56 102
+56 4
-1 4
+1 8
-1 4
+2 8
+1 1
+2 12
+1 14
+4 8
+1 8
+1 4
+4 12
-72 27
1253 2
+1 22
+6 4
cfi=(30)
cfn=(88)
calls=1 868 
* 90
-7 26
+1 13
+6 13
-6 26
fi=(31)
235 4
+1 2
-87 4
fe=(2)
1148 1
-5 1
+5 2
-5 2
+30 1
-9 2
+2 1
-3 1
+10 2
+18 2
-38 2
-10 1
+10 1
+1 9
-11 2
+1 14
1247 1
1143 1
1247 2
1143 3
1266 4
+3 3
+2 3
1672 3
+2 2
-1 1
+1 1
+1 3
-2 2
cfi=(32)
cfn=(94)
calls=1 98 
* 25
* 2
+7 1
+3 1
-5 1
+3 1
+2 1
+1 2
+4 2
+2 2
fi=(3)
39 4
+4 1
+2 1
+9 1
+1 1
-10 2
+23 29
-23 116
+4 58
+3 6
-1 12
+3 24
+1 20
fe=(2)
1243 1
1143 1
1243 1
1143 2
fi=(3)
72 4
+43 2
+7 3
+1 4
+6 3
+18 4
+5 2
+2 2
+2 2
+2 2
+1 2
+3 4
+2 3
+1 2
+9 2
+6 2
+1 3
+3 3
fe=(2)
1698 4
+7 2
cfi=(8)
cfn=(14)
calls=1 25 
* 27
+3 2
fi=(33) ./elf/./setup-vdso.h
24 2
fi=(36) ./elf/./dl-main.h
+85 2
fi=(35) ./elf/../sysdeps/unix/sysv/linux/dl-vdso-setup.h
-64 1
fi=(36)
+64 3
cfi=(30)
cfn=(106)
calls=1 706 
* 2322
fe=(2)
1733 3
cfi=(45)
cfn=(144) _dl_debug_initialize
calls=1 56 
* 34
+7 1
-5 1
-2 1
+7 1
+4 1
+1 1
+2 1
-3 3
+1 2
+3 1
+11 1
-13 1
+13 1
+1 2
+5 1
-3 2
+2 1
+1 2
+5 3
+1 5
-1 2
224 1
+1 1
-1 1
+1 3
+1 2
1788 2
+5 1
-1 1
1352 1
1793 1
+24 1
cfi=(46)
cfn=(146) _dl_count_modids
calls=1 192 
* 6
* 1
fi=(47) ./elf/../sysdeps/generic/dl-debug.h
29 4
+1 1
fe=(2)
1823 1
+1 1
cfi=(45)
cfn=(150) _dl_debug_state
calls=1 116 
* 2
+1 1
+4 3
cfi=(48)
cfn=(152) _dl_audit_activity_map
calls=1 29 
* 17
+5 3
+2 1
+2 2
+9 2
+16 4
cfi=(63) ./io/../sysdeps/unix/sysv/linux/access.c
cfn=(200) access
calls=1 25 
* 9
* 2
+76 4
+16 3
85 1
1965 1
85 2
1965 1
85 1
1965 5
85 1
1965 2
cfi=(64)
cfn=(202) _dl_map_object_deps
calls=1 143 
* 30527
92 1
+9 1
1971 1
92 2
+9 2
1971 2
+1 6
-1 4
+1 12
-1 24
+4 3
+1 2
+1 1
+2 26
+1 12
+46 1
-42 2
+8 3
+1 2
+2 1
+2 3
+2 1
-4 1
+5 1
-1 2
+14 2
+1 2
+1 3
-25 1
+36 2
+2 1
-2 1
+2 2
-2 1
+1 2
+1 1
-1 2
+1 1
cfi=(50)
cfn=(236)
calls=1 186 
* 27447
+10 1
+1 1
-1 1
+1 1
+3 2
837 1
fi=(284) ./elf/../sysdeps/unix/sysv/linux/dl-osinfo.h
39 2
fe=(2)
839 1
fi=(284)
52 1
fe=(2)
848 1
+7 1
-5 1
2047 3
2246 2
+4 1
-4 1
+10 1
-6 1
+6 1
-6 1
+9 2
+8 2
fi=(31)
36 2
+1 3
+3 3
+13 9
-13 6
+9 12
-9 1
+9 28
+4 24
-16 21
+34 1
fe=(2)
2279 1
fi=(31)
71 1
cfi=(76)
cfn=(260)
calls=1 361 
* 55
fe=(2)
2282 1
-3 2
+5 1
-2 2
+2 2
+1 6
cfi=(77)
cfn=(262)
calls=1 207 
* 79179
85 2
2292 1
85 2
2292 1
+1 20
+2 14
+5 14
+2 14
+6 7
+2 14
+1 48
cfi=(77)
cfn=(262)
calls=6 207 
* 1662856
+4 20
+1 6
-23 3
+23 3
cfi=(46)
cfn=(438) _dl_add_to_slotinfo
calls=3 1017 
* 84
-23 7
92 3
+1 1
2325 1
93 1
2325 1
+4 4
+2 1
+7 4
cfi=(46)
cfn=(528) _dl_allocate_tls_init
calls=1 523 
* 306
+3 2
+4 3
+2 2
+33 3
cfi=(169) ./elf/./elf/dl-call-libc-early-init.c
cfn=(552) _dl_call_libc_early_init
calls=1 27 
* 603
+7 1
cfi=(9)
cfn=(568)
calls=1 147 
* 2
+3 3
cfi=(48)
cfn=(570)
calls=1 41 
* 11
+4 2
cfi=(45)
cfn=(196)
calls=1 38 
* 7
+1 1
-1 1
+2 1
cfi=(45)
cfn=(150)
calls=1 116 
* 2
+1 1
+4 1
cfi=(67)
cfn=(572)
calls=1 525 
* 19
+5 8
2304 1
+1 1
-3 2
226 2
-2 1
+1 1
1773 1
+6 1
-6 2
+6 1
fi=(3)
56 5
+3 4
fi=(34) ./elf/../sysdeps/unix/sysv/linux/dl-vdso.h
-19 2
+1 5
fi=(35)
-11 1
+3 1
+3 1
+3 1
fi=(34)
+16 2
fi=(3)
+17 3
+12 3
+1 5
+1 5
+1 5
+1 4
+1 5
+1 5
+1 5
+12 2
+7 1
-7 7
+7 2
fe=(2)
1743 4
2357 1
cfi=(163) ./elf/./elf/dl-find_object.c
cfn=(530) _dl_find_object_init
calls=1 561 
* 1041
+5 3
cfi=(7)
cfn=(538) __rtld_malloc_init_real
calls=1 76 
* 3175
+3 1
cfi=(167) ./elf/../sysdeps/nptl/dl-mutex.c
cfn=(546) __rtld_mutex_init
calls=1 30 
* 503
85 1
2371 1
+1 3
85 3
2372 2
cfi=(77)
cfn=(262)
calls=1 207 
* 1871
92 3
+9 3
2687 2
+2 1
+1 1
-1 1
+1 1
+1 1
2040 2
cfn=(246)
calls=1 734 
* 923
* 2
2650 2
+2 2
+1 1
fi=(3)
62 4
+2 4
fe=(2)
1943 10
85 1
1842 2
85 3
1842 2
cfn=(154) handle_preload_list
calls=1 869 
* 3084
* 1
92 3
+9 3
1943 6
+1 1
-1 1
+4 3
+1 1
+1 2
+1 2
-7 2

fn=(154)
869 11
+5 1
-5 2
+5 2
-4 3
+7 3
cfi=(49) ./string/../string/strcspn.c
cfn=(156) strcspn
calls=1 32 
* 240
* 1
+1 3
+9 1
183 1
889 2
183 2
891 2
-80 1
+5 1
-6 1
-4 1
+10 2
-6 1
+4 1
+2 2
-5 1
+1 1
+4 1
cfi=(50)
cfn=(158)
calls=1 254 
* 2754
+1 3
+8 3
+67 1
-18 2
+21 9
-15 4
cfi=(29)
cfn=(82)
calls=1 210 
* 19
+1 2

fn=(238)
674 2
+2 1
-2 4
+2 3
cfi=(73)
cfn=(240)
calls=1 392 
* 27410
* 2
+4 3

fl=(16) ./elf/../sysdeps/x86/cpu-features.c
fn=(36) init_cpu_features.constprop.0
682 1
+17 1
-17 7
+3 1
+1 1
+1 1
+3 1
+9 2
+3 6
1001 3
+1 2
+3 2
+1 2
+6 1
+1 1
+1 1
+1 1
fi=(20)
792 1
+1 1
+2 1
+14 2
+85 1
+1 1
+15 1
-5 1
+5 1
-10 1
-6 1
+2 1
+14 1
-15 1
+2 1
-1 1
+2 1
-1 1
+2 1
-1 1
+1 1
+2 1
+1 1
+1 1
+1 1
+35 2
-15 3
+8 2
+27 6
+9 2
+19 2
+8 6
cfi=(11)
cfn=(28)
calls=1 387 
* 23
* 1
+2 2
+3 4
cfi=(11)
cfn=(28)
calls=1 387 
* 23
* 1
+2 2
+3 4
cfi=(11)
cfn=(28)
calls=1 387 
* 23
* 1
+1 5
+16 2
-12 5
cfi=(11)
cfn=(28)
calls=1 387 
* 23
* 1
+1 3
+6 3
+3 1
-3 2
cfi=(11)
cfn=(28)
calls=1 387 
* 23
* 1
+3 5
-3 1
+3 5
cfi=(11)
cfn=(58) __GI___tunable_set_val
calls=1 153 
* 62
+1 10
cfi=(11)
cfn=(58)
calls=1 153 
* 62
+1 11
cfi=(11)
cfn=(58)
calls=1 153 
* 62
+3 10
cfi=(11)
cfn=(58)
calls=1 153 
* 62
+2 10
cfi=(11)
cfn=(58)
calls=1 153 
* 62
+13 1
+2 1
fe=(16)
-23 1
fi=(20)
+21 1
+3 1
fe=(16)
-24 1
fi=(20)
+26 1
-5 1
+2 1
-2 1
+3 1
fe=(16)
-24 1
fi=(20)
+25 1
+3 1
-1 1
fe=(16)
-27 1
cfi=(11)
cfn=(28)
calls=1 387 
* 22
+3 4
cfi=(11)
cfn=(28)
calls=1 387 
* 24
+6 3
+54 1
-1 1
+1 1
+45 4
cfi=(11)
cfn=(28)
calls=1 387 
* 22
+2 4
cfi=(11)
cfn=(28)
calls=1 387 
* 22
+6 4
cfi=(11)
cfn=(28)
calls=1 387 
* 24
+7 8
fi=(20)
974 12
fe=(16)
+68 1
-1 2
+1 3
+44 3
+27 2
-10 2
+1 2
+2 3
+1 2
+2 3
+1 2
fi=(20)
811 2
cfn=(50)
calls=1 255 
* 455
+1 1
-1 1
+1 1
cfn=(50)
calls=1 255 
* 503
+1 1
-1 1
+1 1
cfn=(50)
calls=1 255 
* 530
+4 1
-4 1
+1 2
+3 1
cfn=(50)
calls=1 255 
* 476
+2 1
-2 1
+2 1
cfn=(50)
calls=1 255 
* 468
+3 1
-3 1
+1 2
+2 1
cfn=(50)
calls=1 255 
* 446
+2 1
-2 1
+2 1
cfn=(50)
calls=1 255 
* 447
+3 1
-2 1
-1 1
+3 1
cfn=(50)
calls=1 255 
* 494
+2 1
-2 1
+2 1
cfn=(50)
calls=1 255 
* 495
+1 1
+2 1
-3 1
+1 1
+2 1
cfn=(50)
calls=1 255 
* 521
+2 1
-2 1
+2 1
cfn=(50)
calls=1 255 
* 522
+2 1
-2 1
+2 1
cfn=(50)
calls=1 255 
* 523
+2 4
-2 1
+2 1
cfn=(56)
calls=1 571 
* 223
+93 1
-6 3
+6 1
-6 2
+6 2
-6 2
+6 2
-1 2
fe=(16)
708 6
cfn=(38) get_common_indices.constprop.0
calls=1 398 
* 74
376 3
+1 2
+1 6
+5 2
713 1
cfn=(42) update_active.constprop.0
calls=1 72 
* 222
+2 1
+2 1
1015 1
715 2
878 2
+7 2
+2 2
+4 2
+6 2
+2 1
706 2
-3 1
384 6
+5 2
+1 7
717 1
fi=(20)
987 1
-48 1
fe=(16)
717 1
fi=(20)
987 2
fe=(16)
717 6
+4 7
+78 1
-25 3
+92 2
+3 2
fi=(20)
+38 1
fe=(16)
-37 1
-89 2
+51 2

fn=(38)
398 3
+4 4
+3 3
+5 2
-5 1
+5 1
-5 1
+4 1
+1 1
+1 4
+1 4
+1 3
+1 2
+7 2
+2 5
+5 1
-5 1
+5 1
-5 1
+5 1
-5 2
+5 1
+7 1
-7 4
+7 1
+1 3
+6 1
-6 4
+6 1
fi=(17) ./elf/../sysdeps/unix/sysv/linux/x86/dl-minsigstacksize.h
24 2
+3 2
+1 2
+37 3
+7 1
+2 1
fe=(16)
457 3

fn=(42)
72 8
+4 1
+10 1
+9 1
+9 1
-19 1
-1 1
+29 1
-4 1
-24 1
+9 1
+9 1
+9 1
-28 2
+25 1
-15 1
-9 1
+9 1
+9 1
+9 1
-3 1
+7 1
-13 1
+9 1
+4 2
-22 1
+22 2
-13 1
+6 1
+3 1
+5 1
+12 1
-8 1
-4 1
+7 1
-3 4
+1 1
+2 1
-2 2
+1 3
+5 1
+2 1
-2 4
+1 1
+1 1
-1 2
+1 1
-1 1
+3 2
+1 4
+14 2
356 2
+4 3
fi=(18) ./elf/../sysdeps/unix/sysv/linux/x86/dl-hwcap2.h
25 2
fi=(19) ./elf/../sysdeps/x86/get-isa-level.h
+5 1
-2 1
+2 3
fe=(16)
369 1
+1 8
151 2
+1 2
-1 5
+1 2
+2 3
+90 1
+1 1
-1 2
+17 4
+16 2
+5 1
-1 2
+4 4
+4 2
+4 3
+1 2
+3 1
-1 1
+9 1
-5 1
+2 1
-2 1
+5 1
+51 1
fi=(19)
31 1
fe=(16)
356 2
fi=(19)
32 3
+4 3
fe=(16)
158 4
+3 1
+3 2
+14 1
+2 1
+10 3
-12 1
+12 1
-12 1
+2 2
-2 1
+2 1
+8 1
-8 1
+6 3
+2 1
-2 1
+2 3
+7 5
fi=(19)
39 2
+1 4
-2 1
+7 4
+2 1
+1 2
+3 5
+2 4
+1 2
+1 2
+3 1
-1 1
+1 3
fe=(16)
171 1
-5 2
+4 1

fl=(14)
fn=(30)
36 1
fi=(285) ./elf/../sysdeps/unix/sysv/linux/brk_call.h
-12 2
fe=(14)
+13 1
+1 2
+6 1
+1 1

fl=(70)
fn=(226)
25 4
+1 8
+1 2

fl=(13)
fn=(234) dfs_traversal.part.0
135 126
+10 14
-2 14
+2 28
+2 44
-7 70
+7 140
+9 28
+15 42
+1 14
+1 84
-17 21

fn=(232)
298 24
+8 2
-8 2
+8 4
+4 16
-99 2
-28 2
-2 2
+1 4
+29 2
-28 8
+1 2
-1 2
+1 2
-1 4
+1 12
-1 12
+1 12
-1 24
+28 30
+8 6
-3 2
+2 2
+1 4
-3 2
+5 44
+2 14
-83 70
cfn=(234)
calls=14 -5 
* 625
+86 42
+18 8
+32 8
+7 2
+27 2
-47 6
cfi=(29)
cfn=(82)
calls=2 -53 
* 38
* 2

fn=(26)
289 2
+1 2
-1 2
+1 2
cfi=(11)
cfn=(28)
calls=1 +97 
* 24
+2 3
-1 1
+2 2

fl=(25)
fn=(70)
28 3
+1 3
+3 55
+13 45
-13 90
+2 94
+1 18
+5 2
-3 2
+3 2
+2 2

fl=(22)
fn=(62)
57 30
+44 30
+1 30
+1 30
+1 30
+1 30
+1 30
+1 30
+2 30
+2 30
+31 29
+1 29
+1 29
+1 29
+1 29
+1 15
+2 15
+4 14
+1 14
+1 14
+1 14
+1 14
+1 14
+1 14
+1 14
+1 14
+1 14
+1 14
+1 14
+5 112
+4 1
+1 14
+1 8

fl=(49)
fn=(156)
32 6
+1 3
+1 2
+5 6
+1 4
+1 4
+1 4
+2 1
+3 3
+1 2
-1 6
+1 4
+3 4
+1 4
+1 4
+1 4
+2 3
+6 1
-1 1
+1 1
+2 2
-1 2
+2 1
+2 6
-5 11
-1 11
+1 11
+2 22
-1 22
+2 11
+2 66
+2 1
+1 3
+1 2
-1 1
+1 1

fl=(52)
fn=(168)
68 931
+1 266
cfi=(32)
cfn=(94)
calls=133 +29 
* 4286
* 266
+3 133
+2 266
+6 129
-6 258
+1 453
cfi=(32)
cfn=(94)
calls=151 +23 
* 5015
* 302
+8 22
-13 22
+13 177
-1 111
+1 333

fn=(216)
36 2
+3 1
-3 7
+3 1
-3 2
+3 1
cfi=(53)
cfn=(172)
calls=1 -11 
* 20
+1 2
+23 8
-21 4
cfi=(55)
cfn=(178)
calls=1 -12 
* 6
* 2
+2 2
+3 2
+13 2
cfi=(62)
cfn=(194)
calls=1 -35 
* 6
* 1
-11 6
cfi=(57)
cfn=(182)
calls=1 -2 
* 26
* 2

fn=(524)
87 2
+38 2
-1 2
+3 2
+2 80
+1 30
+3 7
-6 24
+18 2
+1 2
-15 6

fl=(23)
fn=(64)
37 4
+3 1
-3 2
+21 2
+4 2
+16 5

fl=(7)
fn=(12)
42 1
+1 2
+1 2
+1 2
+1 2
+1 1

fn=(542) lookup_malloc_symbol
61 8
+3 4
-3 12
+3 4
-3 12
+3 4
-3 4
+2 4
+1 16
cfi=(78)
cfn=(270)
calls=4 772 
* 2892
+4 28
+1 28
+2 4
fi=(166) ./elf/./dl-sym-post.h
-30 8
+12 12
fe=(7)
+19 24

fn=(134)
239 2
+3 4
+2 2
+1 4
+4 3
-2 2
+4 28
+5 84
-2 56
+13 1
+4 4
-22 14
+15 14
-15 30

fn=(538)
76 2
+10 1
fi=(165) ./elf/../sysdeps/generic/dl-hash.h
-41 1
-1 1
fe=(7)
+32 8
+11 1
-1 1
fi=(165)
-43 1
+5 3
+14 4
-17 3
+3 15
+14 20
-17 15
fe=(7)
+46 2
fi=(165)
-24 1
fe=(7)
+22 1
+2 2
fi=(165)
-19 1
fe=(7)
+19 1
cfn=(542)
calls=1 -30 
* 739
+1 3
-1 1
+1 1
cfn=(542)
calls=1 -31 
* 776
+1 3
-1 1
+1 1
cfn=(542)
calls=1 -32 
* 837
+1 3
-1 1
+1 1
cfn=(542)
calls=1 -33 
* 712
+5 1
+1 1
+1 1
+1 1
+1 8

fl=(37)
fn=(108)
172 6
+3 1
-3 3
+3 1
-3 5
+2 1
cfi=(38) ./elf/../sysdeps/x86_64/dl-hwcaps-subdirs.c
cfn=(110) _dl_hwcaps_subdirs_active
calls=1 29 
* 49
+1 1
fi=(40) ./elf/./dl-hwcaps.h
43 1
fe=(37)
174 1
fi=(40)
45 2
+32 1
+1 1
+1 1
fe=(37)
-27 2
cfi=(39) ./elf/./elf/dl-hwcaps_split.c
cfn=(114) _dl_hwcaps_split_masked
calls=1 -1 
* 23
* 2
fi=(40)
-9 1
+2 1
-2 1
+34 2
+1 2
+1 1
fe=(37)
-24 2
-1 2
+1 2
+1 2
+1 2
-5 4
cfi=(39)
cfn=(114)
calls=2 -1 
* 130
* 2
cfi=(39)
cfn=(114)
calls=1 -1 
* 125
* 6
+48 4
fi=(28)
-44 2
cfi=(27)
cfn=(78)
calls=1 -20 
* 30
fe=(37)
+46 2
-2 1
+2 1
+3 1
+3 1
fi=(40)
-65 1
+2 1
fe=(37)
+67 1
fi=(40)
-66 1
fe=(37)
+66 2
cfi=(39)
cfn=(120) _dl_hwcaps_split
calls=1 -87 
* 13
* 2
fi=(40)
-69 1
+2 1
-2 1
+34 2
+1 2
+1 1
fe=(37)
+48 10
+1 4
+1 2
+1 2
-1 2
-4 4
cfi=(39)
cfn=(114)
calls=2 -74 
* 130
* 2
cfi=(39)
cfn=(114)
calls=1 -74 
* 125
* 6
+8 3
+9 5
+3 8
-2 6
+14 1
+4 1
+1 1
+1 1
-20 3
+19 1
+1 1
-20 2
+8 2
+4 2
-4 3
+4 2
cfi=(42)
cfn=(122)
calls=1 -96 
* 19
+1 3
-14 8
+47 1
-4 2
+4 2
-3 1
+7 1
-7 2
+7 1
fi=(28)
56 1
cfi=(27)
cfn=(78)
calls=1 -20 
* 30
* 1
fe=(37)
194 2
+8 1
fi=(40)
43 1
fe=(37)
201 1
80 1
fi=(40)
-35 1
fe=(37)
+35 1
202 1
fi=(40)
77 1
+1 1
fe=(37)
202 3
fi=(40)
79 1
fe=(37)
-2 2
cfi=(39)
cfn=(114)
calls=1 -26 
* 23
* 2
fi=(40)
-34 1
+2 1
fe=(37)
+35 2
fi=(40)
-37 1
+34 2
+1 2
+1 3
fe=(37)
+1 4
+7 2
-7 8
cfi=(29)
cfn=(126)
calls=2 197 
* 26
+4 2
+2 2
+2 2
-2 4
-9 4
cfi=(39)
cfn=(114)
calls=2 -26 
* 130
* 2
cfi=(39)
cfn=(114)
calls=1 -26 
* 125
* 6
213 2
-5 1
+1 1
-1 1
+5 1
+3 9

fl=(64)
fn=(206)
61 78
+7 13
-4 39
+1 13
-1 91
cfi=(30)
cfn=(166)
calls=13 1967 
* 25293
* 13
+5 39

fn=(202)
143 4
+1 2
-1 1
+1 1
-1 2
+1 1
-1 1
+1 1
-1 4
+1 3
-1 1
+1 7
-8 1
+8 2
-8 1
-6 1
-2 1
+16 1
-8 1
-7 1
+1 1
+6 1
+24 4
-28 3
-2 1
+31 1
-33 2
+2 2
+30 2
-30 1
-1 4
+7 4
+24 3
+28 3
-6 1
+46 1
fi=(72) ./elf/../include/scratch_buffer.h
77 1
fe=(64)
+87 1
fi=(72)
-87 1
+1 1
fe=(64)
184 1
+44 4
-31 1
-4 1
+4 8
-4 6
+4 12
+11 18
-18 2
+18 4
417 14
+2 5
+3 5
-3 15
+3 5
-3 5
fi=(28)
56 5
cfi=(27)
cfn=(78)
calls=5 -20 
* 150
fe=(64)
423 15
fi=(28)
56 5
fe=(64)
423 5
+6 5
+1 25
cfi=(29)
cfn=(82)
calls=5 210 
* 63
+1 25
cfi=(29)
cfn=(82)
calls=5 210 
* 63
+3 5
+1 10
+4 21
188 12
442 18
-1 7
+1 14
183 6
+27 20
+7 5
+4 5
-6 5
+1 5
+1 5
+1 10
+3 15
-2 5
-29 25
+32 300
+6 52
cfi=(30)
cfn=(204)
calls=13 +10 
* 707
* 39
+4 26
-2 13
+2 26
cfi=(50)
cfn=(160)
calls=13 -28 
* 26437
+1 26
+9 13
+2 26
+5 25
+6 5
+2 5
-8 10
+3 5
+1 5
+1 5
+1 5
+4 5
-3 5
+3 15
+4 39
+1 27
-43 615
+7 26
+38 411
fi=(72)
85 3
fe=(64)
448 5
+1 1
+3 4
+11 5
fi=(28)
56 1
cfi=(27)
cfn=(78)
calls=1 -20 
* 30
fe=(64)
465 3
fi=(28)
56 1
fe=(64)
465 1
+5 2
+1 1
-1 3
+4 3
-2 2
+13 6
+5 6
-16 18
+11 6
-7 6
+7 6
-2 12
-5 1
+7 1
-2 2
+2 1
-11 1
+11 1
+5 1
-16 3
+21 3
+37 2
+15 2
-14 2
+20 1
-1 4
+1 4
-1 5
cfi=(13)
cfn=(232)
calls=1 298 
* 489
+5 1
+2 1
+1 1
+1 2
-2 1
+2 1
+7 3
+3 2
+3 8
198 46
+3 5
fi=(72)
-70 20
cfi=(71)
cfn=(228)
calls=5 30 
* 125
fe=(64)
+70 15
+4 10
547 4
cfi=(29)
cfn=(82)
calls=1 210 
* 19
* 3
-53 2
144 2

fl=(38)
fn=(110)
29 1
fi=(19)
+2 1
fe=(38)
+7 1
fi=(19)
-8 4
fe=(38)
+22 1
fi=(19)
-20 3
+4 1
fe=(38)
+2 1
fi=(19)
-2 2
+3 4
+1 4
+5 1
fe=(38)
-7 1
fi=(19)
+7 3
fe=(38)
-2 1
fi=(19)
+5 2
+3 5
+2 4
+1 2
+1 2
+3 1
fe=(38)
-10 1
fi=(19)
+10 3
fe=(38)

fl=(163)
fn=(534) _dlfo_process_initial
474 2
+3 2
-3 6
+1 2
+3 4
+26 14
+1 6
+1 14
-1 28
+3 52
+3 48
-7 10
+27 2
-2 2
+2 6
-18 36
+3 12
-1 12
cfi=(164) ./elf/./dl-find_object.h
cfn=(532) _dl_find_object_from_map
calls=6 95 
* 373
+2 24

fn=(536) _dlfo_sort_mappings
536 1
+1 2
+3 4
+4 1
+1 1
-1 1
+1 2
-1 4
+1 4
-1 4
+1 18
+1 75
+3 5
-1 5
-3 45
+8 15
+1 10
-1 5
-13 10
+14 15
+1 10
-15 10
+17 1

fn=(530)
561 2
+3 1
-3 3
+5 2
+13 1
cfn=(534)
calls=1 474 
* 129
+1 1
-1 1
+1 1
fi=(28)
56 1
cfi=(27)
cfn=(78)
calls=1 -20 
* 30
fe=(163)
580 1
fi=(28)
56 1
fe=(163)
582 2
+3 2
+5 1
+1 1
cfn=(534)
calls=1 474 
* 526
+3 3
+10 4
-37 2
cfi=(164)
cfn=(532)
calls=1 95 
* 68
* 1
+29 2
cfn=(536)
calls=1 -60 
* 248
+3 6
+2 1

fl=(45)
fn=(144)
56 3
+3 2
+4 1
+22 1
+10 1
-32 2
+1 1
+21 2
+5 2
+1 1
+4 1
-4 1
-1 1
+2 1
+3 1
+4 2
+8 2
-50 1
+4 2
+35 6

fn=(150)
116 2
+1 2

fn=(196)
38 6
+3 6
-1 12
+4 12
+4 6

fl=(26)
fn=(72)
59 90
+3 12
+18 10
+3 5
cfi=(22)
cfn=(62)
calls=5 -26 
* 103
+4 5
-4 5
+4 5
+5 5
-9 15
fi=(28)
-39 10
cfi=(27)
cfn=(74)
calls=5 +36 
* 306
fe=(26)
+39 1
fi=(28)
-39 2
cfi=(27)
cfn=(74)
calls=1 +36 
* 47
* 6
fe=(26)
+51 12
+5 6
+4 6
-6 6
+2 6
+4 6
-5 6
+4 6
+1 6
-1 6
+1 12
cfi=(29)
cfn=(82)
calls=6 210 
* 77
* 6
+15 6
-15 6
+2 6
+13 12
+6 1
+2 7
+3 2
-3 35
+3 10
+2 6
+4 6
+3 16
+2 12
-2 8
+2 8
-2 16
+16 12
-5 6
+5 6
-6 6
+6 6
-6 6
+6 12
+2 10
+3 10
-3 10
+7 20
+4 15
+8 1
+13 1
-10 2
+10 8
-10 10
+10 15
+2 5
cfi=(22)
cfn=(62)
calls=5 57 
* 173
+21 5
-21 15
+17 5
-13 15
+50 15
cfi=(29)
cfn=(126)
calls=5 -48 
* 89
* 5
+5 10
+1 10
-1 158
+1 158
+4 10
+1 5
+3 5
+4 54
131 12
-8 5
-4 10
+34 1
+7 4
+8 20
fi=(28)
56 10
cfi=(27)
cfn=(78)
calls=5 -20 
* 150
* 5
fe=(26)
200 10
-1 10
64 2
+2 3
+1 2
+4 6
+6 2

fn=(84)
31 24
+2 6
-2 12
+2 6
-2 18
+2 6
cfi=(24)
cfn=(86)
calls=6 +9 
* 18
+2 53
+3 80
+2 5
+2 5
+4 5
+4 5
-4 10
+1 10
+1 10
+3 25
-1 5
cfi=(24)
cfn=(86)
calls=5 -8 
* 15
-4 1
+4 1
-4 2
+1 2
+1 2
+3 5
-1 1
cfi=(24)
cfn=(86)
calls=1 -8 
* 3
-5 2

fl=(46)
fn=(528)
523 11
+1 2
+4 1
+6 1
-6 1
+6 1
cfi=(24)
cfn=(86)
calls=1 42 
* 3
+3 3
+12 1
-18 1
+42 3
-19 12
+9 9
+1 6
+6 9
+3 3
-2 3
+2 3
-2 3
+2 12
+4 3
-4 3
+4 3
-1 6
+4 6
+1 12
+2 6
+1 6
+17 3
-8 3
+8 3
+2 12
cfi=(29)
cfn=(126)
calls=3 197 
* 39
* 18
cfi=(43)
cfn=(130)
calls=3 132 
* 52
-49 3
+55 3
-55 12
+6 9
+55 2
cfi=(24)
cfn=(86)
calls=1 42 
* 3
+3 2
+3 9

fn=(438)
1017 24
+9 3
-9 3
+6 3
+4 3
+4 9
+34 6
+3 6
+1 9
+3 18

fn=(248)
97 2
+3 1
-3 3
+3 1
-3 1
+3 1
-3 1
+3 1
-3 1
+3 1
cfi=(11)
cfn=(28)
calls=1 387 
* 23
* 1
+1 4
cfi=(11)
cfn=(28)
calls=1 387 
* 23
+1 1
+2 1
-3 1
+1 2
+2 3
+3 1
+2 1
-26 3
+28 3
+1 6

fn=(250)
216 9
+6 4
+3 2
+36 3
+2 1
-2 1
-2 1
-40 1
-1 1
-1 1
+46 2
+23 9
+3 3
-3 15
+2 6
+6 3
-33 6
+20 3
-20 15
+2 6
+3 3
-1 3
+5 6
-5 3
+1 3
-1 3
+3 6
+2 9
+32 2
-1 1
+53 1
-52 5
+2 2
+51 8

fn=(146)
192 1
+2 2
+1 1
+15 2

fn=(224)
125 3
+16 3
-13 3
-3 9
+3 3
+55 3
-2 3
+5 3
+1 6

fn=(252)
417 7
+2 1
+11 1
+1 1
fi=(28)
56 1
cfi=(27)
cfn=(78)
calls=1 -20 
* 86
fe=(46)
432 2
+8 3
fi=(28)
44 1
fe=(46)
440 2
+5 1
-5 1
+1 1
+4 304
+19 1
-99 1
+4 1
+1 1
fi=(28)
44 1
cfi=(27)
cfn=(74)
calls=1 +36 
* 41
fe=(46)
371 2
+3 1
+6 2
+90 7

fl=(39)
fn=(120)
25 5
+1 3
+21 1
-20 1
+20 3

fn=(114)
51 110
-25 44
+36 5
-7 5
+7 35
-26 24
+5 27
cfi=(41)
cfn=(118)
calls=9 -9 
* 216
* 9
+1 18
+3 6
+11 12
+1 18
+1 12
-2 6
+1 9
+1 6
-28 24
+4 48
+1 12
-1 30
+24 6
+9 12
-5 6
-2 6
+2 42
-19 6
cfi=(22)
cfn=(62)
calls=3 +14 
* 51
* 6

fl=(140)
fn=(574)
117 5
+5 1

fn=(436)
117 35
+5 7

fl=(11)
fn=(58)
153 15
-81 40
+81 15
-81 10
+10 5
fi=(286) ./elf/./dl-tunable-types.h
+2 5
fe=(11)
+9 40
+1 25
fi=(12) ./elf/./elf/dl-tunables.h
+47 10
fe=(11)
-26 25
+1 5
+1 5
+1 5
+39 15
fi=(12)
-15 10
fe=(11)
-45 10
+3 5
fi=(12)
+51 5
fe=(11)
-51 5
+4 10
+7 10
+1 10
-12 25

fn=(28)
387 40
+3 80
-3 40
+3 320
+9 37
-9 74
+19 25
+7 240
+2 40
-19 15
+1 15
+9 6

fn=(22)
261 8
+22 1
-22 1
128 1
283 1
-22 1
+6 4
42 240
+6 47
-3 47
+3 4405
+4 94
+4 94
fi=(12)
160 47
fe=(11)
56 94
fi=(12)
161 22
-1 113
+1 163
-1 94
fe=(11)
281 7708
+6 13959
fi=(12)
160 470
+1 940
-1 25
+1 100
-1 125
fe=(11)
304 8

fl=(41)
fn=(118)
32 29
+1 29
+1 29
+1 29
+1 29
+1 29
+1 29
+1 29
+1 29
+1 29
+1 29
+1 29
+1 29
+1 29
+1 29
+1 29
+1 29
+1 29
+1 24
+4 24
+1 24
+1 24
+1 24
+2 24
+4 5
+1 5
+1 5
+1 5
+1 5
+1 5
+1 5
+1 5
+1 5
+1 5
+1 5
+1 5
+1 5
+1 5
+1 5
+1 5
+1 5
+1 5
+1 5
+1 5
+1 5
+1 5
+1 5
+1 5
+52 5
+4 5
+1 5
+1 5
+1 5
+2 5

fl=(164)
fn=(532)
95 14
+1 14
+1 7
+6 35
+1 203
+1 140
+2 21
+5 7

fl=(168) ./elf/./elf/dl-lookup-direct.c
fn=(548) _dl_lookup_direct
74 30
+2 3
-2 6
+4 3
-4 3
+2 3
+2 9
+37 3
-37 9
+1 6
+2 12
+3 25
+2 6
-54 3
+54 3
-54 3
+54 3
-54 9
+1 9
+2 6
+1 6
+12 9
+3 3
+2 6
-2 3
+2 9
cfi=(32)
cfn=(94)
calls=3 +45 
* 209
* 6
+4 6
+1 3
-1 3
+1 18
+1 9
cfi=(32)
cfn=(94)
calls=3 +39 
* 198
* 6
+57 27
-23 6

fl=(57)
fn=(182)
47 26
+3 52
-3 156
+6 52
+5 156
+2 104
-7 55

fl=(55)
fn=(178)
30 6
+9 24
+33 6

fl=(63)
fn=(200)
25 1
+2 7
+4 1

fl=(15)
fn=(550)
71 1
-32 3
+32 2

fn=(34)
37 1
+2 3
+2 1
cfi=(16)
cfn=(36)
calls=1 682 
* 7344

fl=(186) ./elf/../sysdeps/x86_64/dl-trampoline.h
fn=(642) _dl_runtime_resolve_xsave
71 110
+5 110
+3 110
+2 110
+10 110
+6 110
+1 110
+1 110
+1 110
+1 110
+1 110
+1 110
+4 110
+1 110
+3 110
+1 110
+2 110
+1 110
+1 110
+1 110
+1 110
+1 110
+2 110
+7 110
+1 110
+1 110
cfi=(187)
cfn=(644)
calls=110 -84 
* 90601
+1 110
+5 110
+1 110
+1 110
+2 110
+1 110
+1 110
+1 110
+1 110
+1 110
+1 110
+2 110
+2 110
+4 110
+2 110

fl=(48)
fn=(198)
77 5
+1 20

fn=(1464) _dl_audit_preinit
118 1
+1 4

fn=(570)
41 3
+4 12
+1 3
+1 15

fn=(152)
29 2
+2 1
-2 5
+1 1
+1 2
+6 6

fn=(2296)
97 7
+1 28

fl=(169)
fn=(552)
27 1
+2 2
-2 1
+6 3
-6 3
+6 1
-6 2
+6 1
cfi=(168)
cfn=(548)
calls=1 +41 
* 225
+4 2
+2 3
+2 1
-1 1
-1 1
+2 2
-1 1
cob=(2)
cfi=(170) ./elf/./elf/libc_early_init.c
cfn=(554) __libc_early_init
calls=1 -7 
* 353

fl=(54)
fn=(174)
25 5
+1 20
+1 5

fl=(177) ./elf/./elf/dl-init.c
fn=(586) call_init.part.0
26 84
+17 7
+3 7
-3 14
+3 14
+5 12
+8 18
+1 24
cob=(4)
cfi=(175)
cfn=(630) 0x00000000048f0000
calls=1 -60 
* 7
cob=(4)
cfi=(175)
cfn=(620) 0x0000000004ae1000
calls=1 -60 
* 7
cob=(4)
cfi=(175)
cfn=(608) 0x0000000004bbe000
calls=1 -60 
* 7
cob=(4)
cfi=(175)
cfn=(588) 0x000000000483d000
calls=1 -60 
* 7
+3 6
+1 12
+6 10
+2 10
-2 5
+3 48
+1 72
cob=(7)
cfi=(185)
cfn=(1302) 0x00000000000b7a10
calls=1 -74 
* 83
cob=(7)
cfi=(185)
cfn=(1296) 0x00000000000b79b0
calls=1 -74 
* 255
cob=(7)
cfi=(185)
cfn=(1270) 0x00000000000b78f0
calls=1 -74 
* 50
cob=(7)
cfi=(185)
cfn=(1244) 0x00000000000b7830
calls=1 -74 
* 50
cob=(7)
cfi=(185)
cfn=(1226) 0x00000000000b77b0
calls=1 -74 
* 34
cob=(7)
cfi=(185)
cfn=(1208) 0x00000000000b7730
calls=1 -74 
* 34
cob=(7)
cfi=(185)
cfn=(1204) 0x00000000000b76e0
calls=1 -74 
* 173
cob=(7)
cfi=(185)
cfn=(1202) 0x00000000000b76c0
calls=1 -74 
* 83
cob=(7)
cfi=(185)
cfn=(1200) 0x00000000000b76a0
calls=1 -74 
* 83
cob=(7)
cfi=(185)
cfn=(1198) 0x00000000000b7530
calls=1 -74 
* 48
cob=(7)
cfi=(185)
cfn=(1172) 0x00000000000b7400
calls=1 -74 
* 78
cob=(7)
cfi=(185)
cfn=(1116) 0x00000000000b71e0
calls=1 -74 
* 4193
cob=(7)
cfi=(185)
cfn=(1106) 0x00000000000b71c0
calls=1 -74 
* 758
cob=(7)
cfi=(185)
cfn=(1104) 0x00000000000b71b0
calls=1 -74 
* 3
cob=(7)
cfi=(185)
cfn=(1090) 0x00000000000b7120
calls=1 -74 
* 948
cob=(7)
cfi=(185)
cfn=(1084) 0x00000000000b7ae0
calls=1 -74 
* 12
cob=(6)
cfi=(183)
cfn=(614)
calls=1 -74 
* 12
cob=(2)
cfi=(182) ./libio/./libio/vtables.c
cfn=(606) check_stdfiles_vtables
calls=1 545 
* 12
* 20
cob=(7)
cfi=(185)
cfn=(634) 0x00000000000b74f0
calls=1 -74 
* 85645
cob=(3)
cfi=(184)
cfn=(624)
calls=1 -74 
* 12
cob=(6)
cfi=(183)
cfn=(612)
calls=1 -74 
* 364
cob=(2)
cfi=(179) ./csu/./csu/init-first.c
cfn=(598) _init_first
calls=1 -28 
* 72
cob=(5)
cfi=(178)
cfn=(592) 0x0000000000001110
calls=1 -74 
* 12
-1 69
+3 56
-29 2

fn=(584) _dl_init
81 13
+1 1
+1 1
+3 3
+8 2
+25 1
+1 8
+1 14
-92 14
+6 21
+2 32
+83 12
cfn=(586)
calls=6 -94 
* 93455
* 12
+7 8
-98 2
+60 2
-54 3
+2 7
cfn=(586)
calls=1 -11 
* 77
* 2

fl=(1) ???
fn=(0) 0x000000000001f540
0 2
cfi=(2)
cfn=(2)
calls=1 517 
0 1853984
0 8
cfi=(76)
cfn=(580)
calls=1 331 
0 4
0 10
cfi=(177)
cfn=(584)
calls=1 81 
0 93690
0 3
cob=(8)
cfi=(211)
cfn=(1306) (below main)
calls=1 0 
0 61546094624

fl=(58)
fn=(184)
33 3
+2 11
-2 4
+7 1
-7 2
+7 1
-7 2
+7 1
-7 1
+7 1
cfi=(11)
cfn=(28)
calls=1 387 
* 24
* 3
+7 1
+2 6

fl=(167)
fn=(546)
30 2
+10 3
-10 3
+10 1
-10 1
+10 1
-10 1
+7 1
+3 2
cfi=(168)
cfn=(548)
calls=1 +34 
* 233
+4 2
+1 8
+2 3
-2 1
+2 3
cfi=(168)
cfn=(548)
calls=1 +27 
* 223
+4 2
+1 7
+1 6

ob=(2)
fl=(250) ./stdio-common/./stdio-common/vfprintf-internal.c
fn=(2154) __printf_buffer
600 72
fi=(287) ./stdio-common/./stdio-common/printf-parse.h
82 6
fe=(250)
600 12
fi=(287)
82 6
fe=(250)
600 6
+27 18
+11 6
-11 6
+11 6
-11 6
+11 12
fi=(287)
82 6
cob=(4)
cfi=(175)
cfn=(2156) 0x0000000004c10590
calls=6 -82 
* 126
fe=(250)
653 12
+1 6
fi=(287)
82 12
fe=(250)
654 6
-1 6
cfi=(252) ./stdio-common/./stdio-common/Xprintf_buffer_write.c
cfn=(2160) __printf_buffer_write
calls=6 27 
* 114
+2 18
+4 12
+4 48
-32 6
973 6
642 6
973 12
634 6
+71 24
1044 66
705 12
-13 6
+7 6
+6 12
-14 6
-4 6
+18 6
-10 6
+10 6
-7 6
-4 6
+11 12
-19 6
-1 6
+20 6
-12 6
-9 6
-1 6
+22 6
-15 12
891 12
+82 12
+3 204
+20 66
+1 6
263 6
+1 6
997 6
744 6
264 12
744 6
263 12
1024 6
fi=(287)
82 6
fe=(250)
1018 6
fi=(287)
82 12
cob=(4)
cfi=(175)
cfn=(2156)
calls=6 -82 
* 126
fe=(250)
1028 12
+1 6
fi=(287)
82 6
fe=(250)
1029 6
-1 6
cfi=(252)
cfn=(2160)
calls=6 27 
* 114
+3 12
709 6
814 6
-1 6
+1 12
+41 78
266 6
cfi=(253) ./stdio-common/./stdio-common/printf_fp.c
cfn=(2162) __printf_fp_l_buffer
calls=6 1099 
* 11279
1001 6
819 6
-1 6
+1 18
+15 42
+3 12
+18 6
-37 6
+19 24

fl=(277) ./nptl/./nptl/libc-cleanup.c
fn=(2428) __libc_cleanup_push_defer
24 2
+1 2
+2 4
+2 4
+3 4
+14 6
+2 2
+1 2

fn=(2430) __libc_cleanup_pop_restore
54 2
+1 2
+2 4
+2 2
+1 6
+11 2

fl=(128)
fn=(398)
29 1
fi=(109) ./string/../sysdeps/x86_64/multiarch/ifunc-strncpy.h
+6 5
+1 3
+3 2
+4 3
+3 4
fe=(128)
-17 1

fl=(249) ./libio/./libio/vsnprintf.c
fn=(2152) vsnprintf
102 18
fi=(288) ./libio/../include/printf_buffer.h
+22 6
fe=(249)
-22 6
fi=(288)
+22 6
fe=(249)
-22 42
fi=(288)
+35 6
-13 6
+13 6
-10 6
+1 6
fe=(249)
-65 12
+3 6
+30 24
cfi=(250)
cfn=(2154)
calls=6 600 
* 12983
-21 18
+1 6
+11 12
cfi=(262) ./stdio-common/./stdio-common/Xprintf_buffer_done.c
cfn=(2186) __printf_buffer_done
calls=6 -62 
* 114
+17 36

fl=(115)
fn=(358)
29 1
fi=(289) ./string/../sysdeps/x86_64/multiarch/ifunc-sse4_2.h
+7 5
fe=(115)
-7 1

fl=(134)
fn=(418)
29 3
fi=(135) ./string/../sysdeps/x86_64/multiarch/ifunc-evex.h
+9 9
-1 12
+2 9
+6 6
-3 6
+9 9
+3 12
fe=(134)
-25 3

fl=(267) ./stdlib/./stdlib/exit.c
fn=(2242) exit
137 2
+1 3
-1 1
+1 1
cfn=(2244) __run_exit_handlers
calls=1 38 
* 10774

fn=(2244)
38 12
+2 2
+3 5
+11 2
+2 2
+38 2
-30 66
+2 21
+1 21
-1 21
+3 169
+44 30
+13 1
-66 1
+66 3
+2 2
+3 2
cfi=(278) ./posix/../sysdeps/unix/sysv/linux/_exit.c
cfn=(2434) _Exit
calls=1 27 
* 4
-29 10
+1 10
-2 10
+3 10
+3 10
-3 20
+3 30
+1 30
cob=(1)
cfi=(269)
cfn=(2264)
calls=1 -82 
* 5798
cob=(8)
cfi=(211)
cfn=(2260) std::function<std::__cxx11::basic_string<char, std::char_traits<char>, std::allocator<char> > (std::basic_string_view<char, std::char_traits<char> >, unsigned long, std::basic_string_view<char, std::char_traits<char> >)>::~function()
calls=1 0 
* 19
cob=(8)
cfi=(211)
cfn=(2258) cpp_dump::types::es_value_t::~es_value_t()
calls=1 0 
* 204
cob=(8)
cfi=(211)
cfn=(2256) std::function<unsigned long (unsigned long, std::function<unsigned long ()> const&)>::~function()
calls=1 0 
* 17
cob=(8)
cfi=(211)
cfn=(2254) cpp_dump::_detail::export_command::~export_command()
calls=1 0 
* 35
cob=(8)
cfi=(211)
cfn=(2252) std::vector<std::vector<double, std::allocator<double> >, std::allocator<std::vector<double, std::allocator<double> > > >::~vector()
calls=3 0 
* 2595
cob=(8)
cfi=(211)
cfn=(2250) std::vector<int, std::allocator<int> >::~vector()
calls=1 0 
* 124
cob=(8)
cfi=(211)
cfn=(2248) std::map<int, int, std::less<int>, std::allocator<std::pair<int const, int> > >::~map()
calls=1 0 
* 1067
+1 40
+10 3
+1 2
-79 1
cfi=(268) ./stdlib/./stdlib/cxa_thread_atexit_impl.c
cfn=(2246) __call_tls_dtors
calls=1 148 
* 13
* 1
+88 1
cfi=(276) ./libio/./libio/genops.c
cfn=(2424) _IO_cleanup
calls=1 842 
* 357
* 1

fl=(98)
fn=(320)
29 3
fi=(99) ./string/../sysdeps/x86_64/multiarch/ifunc-memmove.h
+28 9
-1 6
+4 9
+14 6
+3 6
+8 6
+8 6
+3 15
fe=(98)

fl=(126)
fn=(386)
31 1
fi=(114) ./string/../sysdeps/x86_64/multiarch/ifunc-strcasecmp.h
+6 2
-1 4
fe=(126)
-5 2
fi=(114)
+7 3
+3 2
+4 3
+3 4
fe=(126)

fl=(96)
fn=(316)
31 1
fi=(97) ./wcsmbs/../sysdeps/x86_64/multiarch/ifunc-wcs.h
+9 3
-1 4
+2 3
+3 2
+4 4
fe=(96)
-17 1

fl=(138)
fn=(428)
33 1
fi=(99)
+24 3
-1 2
+4 3
+14 2
+3 2
+8 2
+8 2
+3 5
fe=(138)

fl=(268)
fn=(2246)
148 4
+1 1
-1 1
+1 3
+16 4

fl=(113)
fn=(354)
31 1
fi=(114)
+6 2
-1 4
fe=(113)
-5 2
fi=(114)
+7 3
+3 2
+4 3
+3 4
fe=(113)

fl=(129)
fn=(402)
29 1
fi=(130) ./wcsmbs/../sysdeps/x86_64/multiarch/ifunc-memcmp.h
+5 5
+1 2
+1 2
+1 3
+3 2
+4 3
+3 4
fe=(129)
-18 2

fl=(137)
fn=(424)
31 1
fi=(97)
+9 3
-1 4
+2 3
+3 2
+4 4
fi=(290) ./wcsmbs/../sysdeps/x86_64/multiarch/wcpncpy.c
-17 1
fe=(137)

fl=(91)
fn=(300)
29 1
fi=(88) ./wcsmbs/../sysdeps/x86_64/multiarch/ifunc-wcslen.h
+12 2
-1 4
+2 3
+3 2
+4 3
+3 3
fe=(91)
-23 1

fl=(217) ./csu/../sysdeps/nptl/libc_start_call_main.h
fn=(1466) (below main)
29 4
+15 1
-15 5
+15 1
cfi=(218) ./setjmp/../sysdeps/x86_64/bsd-_setjmp.S
cfn=(1468) _setjmp
calls=1 -16 
* 38
* 1
+2 2
+5 2
+1 2
+3 2
+3 6
cob=(8)
cfi=(211)
cfn=(1474) main
calls=1 -58 
* 61546063686
+16 2
cfi=(267)
cfn=(2242)
calls=1 +63 
* 10781

fl=(221) ./time/../sysdeps/unix/sysv/linux/clock_gettime.c
fn=(1486) clock_gettime@@GLIBC_2.17
30 2
+8 4
+2 4
+28 4
+1 4
-25 4

fl=(270)
fn=(2266)
77 1
+3 3
+2 1
+2 2
-7 4
+11 2
+91 1
+3 1
+2 1
+3 1
-63 1
+66 3
-93 2
+11 4
+4 1
+3 2
-71 1
+1 7
+1 1
+84 3
+1 2

fl=(278)
fn=(2434)
27 2
+3 2

fl=(229) ./stdlib/../sysdeps/x86_64/lshift.S
fn=(1638) __mpn_lshift
28 6078
+1 6078
+1 6078
+2 6078
+1 6078
+1 6078
+12 6078
+1 6078
+1 6078
+1 6078
+1 6078
+1 6078
+1 6078
+6 6078
+1 6078
+1 6078

fl=(81)
fn=(280)
86 1
fi=(82) ./string/../sysdeps/x86/cacheinfo.h
-27 1
+3 3
+2 1
+1 1
-1 2
+7 3
+2 1
+1 1
-1 2
+5 2
+2 2
+1 2
+1 2
+2 2
+2 2
fe=(81)

fl=(252)
fn=(2160)
27 18
+1 54
-1 126
+4 48
+2 12
+3 6
fi=(263) ./stdio-common/../string/bits/string_fortified.h
-7 6
fe=(252)
+8 12
fi=(263)
-8 6
fe=(252)
+12 6
fi=(263)
-12 6
cob=(4)
cfi=(175)
cfn=(2170) 0x0000000004c106b0
calls=6 -29 
* 90
fe=(252)
+11 18
-9 12
+2 18
+11 108

fl=(262)
fn=(2186)
25 6
+1 18
+5 12
+2 72
+7 6

fl=(256) ./stdlib/./stdlib/cmp.c
fn=(2172) __mpn_cmp
31 8
+4 16
+2 8
+1 8
+1 16
+8 40

fl=(215) ./libio/./libio/fileops.c
fn=(1376) _IO_file_sync@@GLIBC_2.2.5
793 42
+5 24
+2 6
+1 12
+11 12
+4 30

fl=(85)
fn=(288)
29 1
fi=(289)
+7 5
fe=(85)
-7 1

fl=(131)
fn=(406)
29 1
fi=(93) ./debug/../sysdeps/x86_64/multiarch/ifunc-memmove.h
+28 3
-1 2
+4 3
+14 2
+3 2
+8 2
+8 2
+3 5
fe=(131)

fl=(119)
fn=(366)
31 1
fi=(114)
+6 2
-1 4
fe=(119)
-5 2
fi=(114)
+7 3
+3 2
+4 3
+3 4
fe=(119)

fl=(112)
fn=(352)
67 1
-23 2
-1 4
+24 2
-22 3
+3 2
+4 3
+3 4

fl=(226) ./stdlib/./stdlib/mul.c
fn=(1630) __mpn_mul
48 46495
+6 5470
+12 5470
+76 30085
-71 2735
+1 5470
+69 2735
-60 5470
cfi=(227) ./stdlib/../sysdeps/x86_64/mul_1.S
cfn=(1632) __mpn_mul_1
calls=2735 -50 
* 57459
* 5470
+2 2735
+1 2735
+4 5470

fl=(121)
fn=(374)
29 2
fi=(122) ./string/../sysdeps/x86_64/multiarch/ifunc-memcmp.h
+5 10
+1 4
+1 4
+1 6
+3 4
+4 6
+3 8
fe=(121)
-18 4

fl=(218)
fn=(1468)
28 1
+2 1
+2 1
cfi=(219) ./setjmp/../sysdeps/x86_64/setjmp.S
cfn=(1470) __sigsetjmp
calls=1 -1 
* 35

fl=(248) ./stdlib/./stdlib/random_r.c
fn=(2060) random_r
354 402576
+3 1610304
+5 402576
-2 402576
+2 805152
+8 402576
+1 402576
+1 402576
+3 805152
+3 402576
+4 402576
-7 402576
+2 805152
+2 805152
+8 779180
-9 389590
+12 389590
+3 389590
-2 389590
+7 389590
-8 12986
+3 12986
-2 12986
+7 12986
-10 25972

fl=(89)
fn=(296)
29 2
fi=(90) ./string/../sysdeps/x86_64/multiarch/ifunc-memset.h
+25 10
+3 6
+7 4
+9 4
+2 4
+10 4
+8 4
+3 10
fe=(89)

fl=(253)
fn=(2166) __printf_fp_buffer_1.isra.0
138 108
+21 6
+18 6
+10 6
-28 42
+62 12
1030 66
226 18
+4 42
+36 6
+5 6
-49 6
+44 24
+1 6
+1 12
+3 78
+1 6
-1 6
+1 18
-1 6
+1 12
-1 6
+1 48
+1 6
-1 12
+1 78
+6 6
-6 12
+7 12
+17 6
+4 24
-4 12
+16 12
+11 6
-41 6
+10 6
+31 6
-30 42
+33 18
+41 6
+1 6
-1 6
+1 18
fi=(263)
29 6
cob=(4)
cfi=(175)
cfn=(2170)
calls=6 -29 
* 78
fe=(253)
385 30
+18 2
-9 2
+2 4
-2 70
+2 140
-74 144
-4 72
+4 294
-4 6
+4 24
+15 8
-13 16
+53 2
-2 12
cfi=(226)
cfn=(1630)
calls=2 48 
* 154
+5 4
+1 4
fi=(263)
29 12
fe=(253)
388 12
fi=(263)
29 6
cob=(4)
cfi=(175)
cfn=(2170)
calls=6 -29 
* 78
fe=(253)
389 18
+1 18
+1 6
+3 6
-4 6
-1 6
+1 6
+1 18
+5 12
+1 12
+6 12
+4 5
+4 5
-4 5
+4 15
-4 55
+6 8
665 6
+9 6
-9 6
+9 6
+6 6
-15 6
+9 12
+6 6
-6 12
+2 12
+10 12
+52 12
+8 12
fi=(258) ./stdio-common/../sysdeps/pthread/allocalim.h
27 6
fe=(253)
746 6
fi=(258)
27 6
cfi=(257) ./nptl/./nptl/alloca_cutoff.c
cfn=(2174) __libc_alloca_cutoff
calls=6 * 
* 66
+2 12
fe=(253)
759 84
fi=(258)
29 6
fe=(253)
759 18
+4 6
-3 12
+3 12
+3 18
+7 36
+2 12
-4 6
+4 6
+14 12
-2 6
+1 30
+1 6
+1 12
-1 36
+1 84
91 36
792 36
+2 36
91 72
+2 36
+2 72
-2 72
+8 60
+4 180
cfi=(265) ./stdlib/./stdlib/divrem.c
cfn=(2206) __mpn_divrem
calls=30 -59 
* 1306
+2 30
+4 30
-6 30
+2 90
+1 30
+2 60
+1 60
+1 12
-1 66
+7 24
+4 72
cfi=(227)
cfn=(1632)
calls=24 -91 
* 504
+1 48
+1 90
793 18
+1 36
-1 18
+1 36
+1 72
230 36
cfi=(255) ./stdlib/../sysdeps/ieee754/dbl-64/dbl2mpn.c
cfn=(2168) __mpn_extract_double
calls=6 33 
* 132
* 24
+4 6
382 6
796 45
95 6
+1 18
-1 12
+1 6
cfi=(227)
cfn=(1632)
calls=6 -65 
* 126
* 6
+31 18
805 30
+1 18
cfn=(2178) hack_digit
calls=6 88 
* 601
+2 12
-2 6
+2 30
+2 6
+3 2
+5 2
-8 2
+8 8
fi=(259) ./stdio-common/../sysdeps/generic/get-rounding-mode.h
94 6
+1 42
fi=(260) ./stdio-common/../include/rounding-mode.h
-37 4
fe=(253)
935 3
-11 9
+7 6
+4 12
+45 30
+3 12
+8 12
-4 6
+4 6
+5 12
-9 24
+9 24
fi=(261) ./stdio-common/../include/printf_buffer.h
163 18
fe=(253)
999 24
+2 18
+5 12
fi=(261)
163 18
fe=(253)
1009 18
+13 24
cfi=(252)
cfn=(2160)
calls=6 27 
* 318
+2 18
+4 18
117 6
+1 12
385 24
cfi=(256)
cfn=(2172)
calls=8 31 
* 96
* 16
+3 12
fi=(260)
52 18
fe=(253)
835 3
-5 6
+5 18
+2 1
-2 5
+3 2
+2 9
+2 6
+2 6
+80 9
-69 6
+80 3
-11 9
766 18
-78 12
+1 12
+3 18
+2 6
+2 12
+42 12
994 24
+2 12
308 6
-2 6
+2 6
-3 6
+3 24
-3 12
cfi=(229)
cfn=(1638)
calls=6 28 
* 96
+4 12
-4 6
+4 42
+1 12
+1 42
766 18
+3 12
cfn=(2178)
calls=6 88 
* 647
* 18
cfn=(2178)
calls=9 88 
* 1050
* 15
-3 51
+44 3
407 1
+6 2
1003 12
439 8
+3 37
+16 12
+2 4
-2 4
cfi=(264) ./stdlib/../sysdeps/x86_64/rshift.S
cfn=(2204) __mpn_rshift
calls=4 28 
* 72
+3 8
-1 4
+1 4
-1 4
+1 12
cfi=(264)
cfn=(2204)
calls=4 28 
* 72
+2 24
+14 10
-4 1
-21 2
+19 1
-1 3
+1 1
-1 3
cfi=(264)
cfn=(2204)
calls=1 28 
* 18
+4 3
-1 1
+1 3
cfi=(264)
cfn=(2204)
calls=1 28 
* 18
+3 1
+1 5
-48 1
+4 1
-5 1
+5 6
694 48
834 4

fn=(2178)
88 84
+3 21
-3 21
+3 42
+2 21
+2 42
-2 42
+8 38
+21 51
cfi=(227)
cfn=(1632)
calls=17 -91 
* 357
+1 34
+1 75
+4 85
-23 114
cfi=(265)
cfn=(2206)
calls=19 -59 
* 866
+2 19
-2 19
+2 57
+3 19
-2 19
+2 19
+1 76
+1 4
-1 40
+11 17
-4 34
-23 2
+1 6
-1 2
+1 2
cfi=(227)
cfn=(1632)
calls=2 -65 
* 42
+31 2
-31 2
+32 10
-10 2
-1 2
+11 10

fn=(2162)
1099 72
+3 6
-3 42
+3 12
+13 12
+2 6
-2 6
cob=(4)
cfi=(175)
cfn=(820) 0x0000000004c10500
calls=6 0 
* 96
* 12
+1 30
+31 66
-30 12
fi=(254) ./stdio-common/../include/../locale/localeinfo.h
331 12
fe=(253)
1111 6
fi=(254)
331 6
fe=(253)
1112 12
+10 42
cfn=(2166)
calls=6 138 
* 10823
+4 6

fl=(208) ./misc/./misc/sbrk.c
fn=(1156) sbrk
37 624
+3 78
+3 78
-3 78
+3 78
+35 154
-20 156
+4 156
+4 224
+12 7
-28 7
+28 42
-4 56
cfi=(209) ./misc/../sysdeps/unix/sysv/linux/brk.c
cfn=(1158) brk
calls=56 -38 
* 518
* 112
+4 343
-19 2
cfi=(209)
cfn=(1158)
calls=1 -23 
* 9
* 2
+4 2

fl=(192) ./locale/./locale/uselocale.c
fn=(790) uselocale
30 14
+1 42
+2 28
+3 28
+1 14
+28 42
+1 42
+2 42
+4 42
+1 14

fl=(83)
fn=(284)
31 2
fi=(84) ./string/../sysdeps/x86_64/multiarch/ifunc-avx2.h
+9 6
-2 8
fe=(83)
-7 4
fi=(84)
+10 4
+1 6
+3 4
+4 6
+3 10
fe=(83)

fl=(190) ./locale/./locale/newlocale.c
fn=(714) newlocale
43 15
+12 2
277 12
63 2
+3 1
-10 1
+10 2
+7 3
+2 1
-2 1

fl=(199) ./string/../sysdeps/x86_64/multiarch/memcmp-avx2-movbe.S
fn=(826) __memcmp_avx2_movbe
73 50
+7 50
+1 50
+3 1
+1 1
+1 1
+4 1
+1 1
+2 1
+1 1
+3 1
+1 1
+1 1
+3 1
+1 1
+3 1
+1 1
+3 1
+1 1
+1 1
+1 1
+1 1
+1 1
+1 1
+1 1
+1 1
+1 1
+3 1
+1 1
+6 1
+1 1
+1 1
+1 1
+4 1
+1 1
+2 1
+1 1
+1 1
+1 1
+3 1
+1 1
+1 1
+1 1
+1 1
+1 1
+2 2
+4 39
+10 39
+1 39
+1 39
+3 78
401 49
+1 49
+5 49
+1 49
+1 49
+1 49
+1 49
+3 49
+1 49
+1 49
+1 49
+3 49
+1 49
+1 10
+1 20

fl=(243) ./string/../sysdeps/x86_64/multiarch/memchr-avx2.S
fn=(1842) __memchr_avx2
61 421385
+7 421385
+2 421385
+3 421385
+1 421385
+2 421385
+1 421385
+1 421385
+1 421385
+3 421371
+1 421371
+3 421371
+1 421371
+2 1426
+1 1426
+1 1426
+1 1426
+2 2852
+7 419959
+5 419959
+7 419959
+1 419959
+1 380738
+1 380738
+12 39221
+1 39221
412 14
+3 14
+1 14
+1 14
+3 14
+1 14
+7 14
+3 14
+1 14

fl=(103)
fn=(330)
65 1
-22 2
+1 1
-2 4
+2 2
+3 2
+4 3
+3 3
+11 1

fl=(201) ./stdlib/./stdlib/secure-getenv.c
fn=(1122) secure_getenv
28 1
+1 5
cfi=(202) ./stdlib/./stdlib/getenv.c
cfn=(1124) getenv
calls=1 -5 
* 447

fl=(203) ./string/../sysdeps/x86_64/multiarch/strcmp-avx2.S
fn=(1128) __strncmp_avx2
206 3
+24 3
+5 3
+14 3
+25 3
+1 3
+1 3
+2 3
+1 3
+4 2
+4 2
+2 2
+2 2
+3 2
+2 2
+1 2
+11 2
+10 2
+1 2
+3 2
+4 4
+5 2
+1 2
+1 2
957 1
+1 1
+1 1
+1 1
+2 1
+3 1
+1 1
+27 1
+1 1
+1 1
+1 1
+1 1
+1 1
+2 1
+47 1
+1 1
+3 1
+1 1
+1 1
+3 2
+7 1
+1 1
+1 1
+1 1
+10 1
+1 1
+3 1
+1 1
+1 1
+1 1
+6 1
+2 1
+3 1
+1 1

fl=(104)
fn=(332)
29 1
fi=(105) ./debug/../sysdeps/x86_64/multiarch/ifunc-memset.h
+25 5
+3 3
+7 2
+9 2
+2 2
+10 2
+8 2
+3 5
fe=(104)

fl=(132)
fn=(410)
33 1
fi=(118) ./string/../sysdeps/x86_64/multiarch/ifunc-strcpy.h
+5 2
+1 1
-1 2
+1 2
+3 2
+4 3
+3 3
fe=(132)
-16 1

fl=(123)
fn=(378)
31 2
fi=(124) ./wcsmbs/../sysdeps/x86_64/multiarch/ifunc-wmemset.h
+5 10
+1 6
fe=(123)
-6 2

fl=(240) ./misc/../sysdeps/unix/sysv/linux/setvmaname.c
fn=(1782) __set_vma_name
33 168
+2 120
+14 219
-9 4
cob=(4)
cfi=(175)
cfn=(564) 0x0000000004c10720
calls=1 -40 
* 26
* 3
+7 1
+1 1

fl=(120)
fn=(370)
31 1
fi=(84)
+9 3
-2 4
fe=(120)
-7 2
fi=(84)
+10 2
+1 3
+3 2
+4 3
+3 5
fe=(120)

fl=(234) ./string/../sysdeps/x86_64/multiarch/memset-vec-unaligned-erms.S
fn=(1682) __memset_avx2_unaligned_erms
158 33375869
+1 66751738
+5 33375869
+1 33375869
+1 17042621
+1 17042621
+1 17042621
+2 15290298
+1 15290298
+1 30580596
+9 1752059
+1 1752059
+2 3504118
+53 1752323
+1 1752323
+6 1752144
+1 1752144
+12 1752144
+3 1752144
+1 1752144
+12 85
+1 85
+13 85
+1 85
+2 85
+3 75
+3 75
+3 75
+1 75
+1 75
+1 75
+1 75
+1 75
+1 75
-6 319
+1 319
+1 319
+1 319
+1 319
+1 319
+1 394
+3 75
+1 75
+1 75
+1 75
+3 150
-6 10
+1 10
+1 10
+1 10
+3 20
+11 179
+1 179
+1 179
+1 3781227
+1 179
+1 358
+7 16333248
+9 16333248
+1 16333248
+5 4407201
+1 4407201
+1 81237
+1 81237
+1 229
+1 229
+21 11926047
+1 11926047
+1 11926047
+9 4325964
+1 4325964
+5 4325964
+8 81008
+1 81008
+5 81008
+7 229
+1 229
+1 229
+5 229

fl=(196) ./iconv/./iconv/gconv_simple.c
fn=(806) __gconv_btwoc_ascii
49 128
+2 512
+3 128

fl=(257)
fn=(2174)
27 6
+1 54
+7 6

fl=(276)
fn=(2426) _IO_flush_all
686 5
+5 1
-5 1
+5 1
-5 6
+5 4
cfi=(277)
cfn=(2428)
calls=1 24 
* 13
+1 6
-5 1
fi=(216) ./libio/./libio/libioP.h
1025 2
fe=(276)
708 33
+1 3
-14 9
+2 3
+1 27
+2 21
+13 7
+1 2
cfi=(277)
cfn=(2430)
calls=1 54 
* 9
+4 12
-20 9
-6 2
-5 2
+8 1
-3 1
+3 2

fn=(2424)
842 6
-66 1
+66 6
+1 1
cfn=(2426)
calls=1 686 
* 183
-67 2
+67 1
-67 3
cfi=(277)
cfn=(2428)
calls=1 24 
* 13
+1 6
fi=(216)
1025 1
fe=(276)
785 1
-1 1
+1 4
-1 2
+1 25
+9 6
+20 2
+2 4
+1 3
-37 9
+41 7
+1 2
cfi=(277)
cfn=(2430)
calls=1 54 
* 9
+33 12
-78 2
+39 24
-2 1
+2 1
-31 6
+7 7
-15 1
+3 2
-3 1
+3 2

fl=(106)
fn=(336)
28 1
fi=(84)
+12 3
-2 4
fe=(106)
-10 2
fi=(84)
+13 2
+1 3
+3 2
+4 3
+3 5
fe=(106)

fl=(133)
fn=(414)
29 2
fi=(99)
+28 6
-1 4
+4 6
+14 4
+3 4
+8 4
+8 4
+3 10
fe=(133)

fl=(202)
fn=(1124)
24 9
+1 8
+3 1
cob=(4)
cfi=(175)
cfn=(820)
calls=1 -28 
* 16
+1 1
-1 1
+1 190
+2 94
+1 12
cob=(4)
cfi=(175)
cfn=(1126) 0x0000000004c10600
calls=3 -32 
* 100
* 6
+5 9

fl=(266) ./misc/../sysdeps/unix/sysv/linux/writev.c
fn=(2230) writev
25 57
+1 342
+1 57

fl=(198) ./string/../sysdeps/x86_64/multiarch/strlen-avx2.S
fn=(822) __strlen_avx2
52 42231
+13 42231
+1 42231
+1 42231
+3 42231
+2 42231
+1 42231
+3 42231
+1 42231
+8 42231
+1 42231
+1 42124
+5 84248
+26 6
+13 6
+1 6
+1 6
+6 12
+29 101
+13 101
+1 101
+1 101
+6 202
+32 107
+15 107
+6 107
+1 107
+1 107
+2 101
+1 101
+1 101
+1 101
+2 101
+1 101
+1 101
+1 101

fl=(220) ./setjmp/./setjmp/sigjmp.c
fn=(1472) __sigjmp_save
28 6
+2 2
-1 1
+5 4

fl=(212) ./csu/../csu/libc-start.c
fn=(1308) __libc_start_main@@GLIBC_2.34
242 13
+69 3
+1 3
cfi=(200) ./stdlib/./stdlib/cxa_atexit.c
cfn=(1080) __cxa_atexit
calls=1 67 
* 76
+25 6
+6 2
-3 2
+10 2
cob=(4)
cfi=(175)
cfn=(1462) 0x0000000004c107b0
calls=1 0 
* 7
+2 2
+8 4
cfi=(217)
cfn=(1466)
calls=1 29 
* 61546074533
128 2
+6 3
+1 6
cob=(4)
cfi=(175)
cfn=(1310) 0x000000000010c000
calls=1 0 
* 7
* 1
+3 1
+1 2
+3 2
+1 2
-1 1
+2 9
+1 4
cob=(8)
cfi=(211)
cfn=(1320) _GLOBAL__sub_I_ioinit
calls=1 0 
* 19896
* 4
cob=(8)
cfi=(211)
cfn=(1314) 0x0000000000005ce0
calls=1 0 
* 12
-1 7

fl=(174) ./nptl/./nptl/pthread_mutex_conf.c
fn=(562) __pthread_tunables_init
55 2
+1 2
-1 2
+1 2
-1 4
+1 1
cob=(4)
cfi=(175)
cfn=(564)
calls=1 -56 
* 26
+2 4
cob=(4)
cfi=(175)
cfn=(564)
calls=1 -58 
* 25
+2 4
cob=(4)
cfi=(175)
cfn=(564)
calls=1 -60 
* 26
+2 6

fl=(92)
fn=(304)
29 1
fi=(93)
+28 3
-1 2
+4 3
+14 2
+3 2
+8 2
+8 2
+3 5
fe=(92)

fl=(207) ./malloc/./malloc/morecore.c
fn=(1154) __glibc_morecore
25 78
+1 156
-1 156
+4 78
cfi=(208)
cfn=(1156)
calls=78 +8 
* 2726
+1 156
+4 142
-7 7
+7 14

fl=(239) ./misc/../sysdeps/unix/sysv/linux/mmap64.c
fn=(1780) mmap
47 24
+3 48
-3 144
+6 48
+5 144
+2 96
-7 120

fl=(86)
fn=(290)
79 2
-31 4
+1 2
-2 8
+2 4
+3 4
+4 6
+3 6
+20 2

fl=(247) ./stdlib/./stdlib/random.c
fn=(2058) random
288 805152
+3 402576
-3 2012880
+3 805152
+2 1207728
cfi=(248)
cfn=(2060)
calls=402576 +61 
* 11259142
+2 1610304
+2 402576
+1 2012880

fl=(193) ./wcsmbs/./wcsmbs/wctob.c
fn=(796) wctob
30 1280
+9 384
+6 128
-1 256
+35 1152

fl=(209)
fn=(1158)
36 57
fi=(291) ./misc/../sysdeps/unix/sysv/linux/brk_call.h
-12 114
fe=(209)
+13 114
+1 114
+6 50
+1 50
-5 14
+1 14

fl=(195) ./elf/./elf/libc-dl-profstub.c
fn=(804) _dl_mcount_wrapper_check
36 128
+1 384
+1 128

fl=(219)
fn=(1470)
31 1
+2 1
+9 1
+1 2
+1 1
+4 1
+1 1
+1 1
+1 1
+1 1
+2 2
+2 1
+1 1
+1 1
+2 2
+2 1
+5 1
+1 1
+17 1
cfi=(220)
cfn=(1472)
calls=1 -57 
* 13

fl=(223) ./io/../sysdeps/unix/sysv/linux/read.c
fn=(1526) read
25 3
+1 18
+1 3

fl=(107)
fn=(340)
30 1
fi=(101) ./wcsmbs/../sysdeps/x86_64/multiarch/ifunc-avx2.h
+10 3
-2 4
fe=(107)
-8 2
fi=(101)
+11 2
+1 3
+3 2
+4 3
+3 5
fe=(107)

fl=(171) ./ctype/./ctype/ctype-info.c
fn=(556) __ctype_init
29 1
+2 7
+2 4
+2 4
+1 1

fl=(125)
fn=(382)
29 1
fi=(118)
+9 2
+1 1
-1 2
+1 2
+3 2
+4 3
+3 3
fe=(125)
-20 1

fl=(197) ./wctype/./wctype/wctype_l.c
fn=(818) wctype_l
26 80
+7 10
-7 30
+3 10
cob=(4)
cfi=(175)
cfn=(820)
calls=10 -29 
* 160
* 10
+3 30
+1 10
+7 48
+1 96
-8 48
+2 96
cob=(4)
cfi=(175)
cfn=(820)
calls=48 -35 
* 768
* 20
cob=(4)
cfi=(175)
cfn=(820)
calls=10 -35 
* 160
* 58
+2 312
cob=(4)
cfi=(175)
cfn=(824) 0x0000000004c10580
calls=49 -37 
* 1146
* 98
+8 20
+1 10
+1 80

fl=(181) ./string/../sysdeps/x86_64/multiarch/strrchr-avx2.S
fn=(604) __strrchr_avx2
53 1
+1 1
+1 1
+2 1
+1 1
+4 1
+1 1
+1 1
+3 1
+2 1
+1 1
+1 1
+1 1
+3 1
+1 1
+2 1
+1 1
+1 1
+1 1
+1 1
+9 2

fl=(274) ./posix/./posix/register-atfork.c
fn=(2282) __unregister_atfork
82 10
+1 10
-1 20
+1 10
fi=(275) ./posix/../malloc/dynarray-skeleton.c
243 5
fe=(274)
71 10
+38 20
+1 15

fl=(204) ./malloc/./malloc/malloc.c
fn=(1772) systrim.constprop.0
2957 156
+9 78
+2 26
+1 52
+5 26
+1 26
-1 52
+4 130
+2 52
-10 26
+50 156
-33 42
cfi=(207)
cfn=(1154)
calls=21 25 
* 693
* 21
+1 84

fn=(1160) alloc_perturb
1985 1489422
+2 496474

fn=(1778) sysmalloc_mmap.isra.0
2400 85
+13 51
-13 17
+18 34
+3 153
cfi=(239)
cfn=(1780)
calls=17 47 
* 442
* 17
+3 34
+4 34
2008 68
2432 68
cfi=(240)
cfn=(1782)
calls=17 33 
* 395
+16 51
+19 17
-1 17
+5 17
-4 34
+4 34
+1 55
+3 51
+1 85
+5 119

fn=(1140) malloc
3294 1227987056
+7 306996764
1326 306996762
+19 747077105
3311 266167154
+2 613993528
+3 306996762
+10 4905562
+28 14716686
3248 4
cfn=(1150) tcache_init.part.0
calls=1 -6 
* 473
+68 2
+2 460390176
3178 302091202
+4 302091202
+4 151045601
+4 151045601
-4 453136803
+4 151045601
+1 151045601
3354 906273606
-26 9811124
cfn=(1152) _int_malloc
calls=2452781 3846 
* 832567771
+1 12263905
fi=(205) ./malloc/./malloc/arena.c
153 4905528
264 1
cfn=(1144) ptmalloc_init.part.0
calls=1 -2 
* 1151
fe=(204)
1326 2

fn=(1664) free
3359 153498375
+4 306996750
-4 460495125
+14 153498375
-14 460495125
+12 153498375
+4 153498375
-4 153498375
+4 306996750
+17 460495074
fi=(205)
153 460495074
fe=(204)
3398 460495074
cfn=(1668) _int_free
calls=153498358 4495 
* 8613864245
+3 153498358
+1 920990148
-23 51
+2 68
+2 17
+1 17
-1 17
+1 17
+1 17
+3 34
cfn=(1784) munmap_chunk
calls=17 3024 
* 612
+13 17
+1 102

fn=(1760) malloc_consolidate
4811 20398
+17 20398
-17 101990
+28 20398
-28 61194
+15 20398
+2 20398
+13 40796
+1 40796
-1 367164
+1 367164
+62 611940
+1 163184
-31 6712618
+4 5715002
+2 2857501
+1 5715002
+1 5715002
+2 5715002
-4 498808
+1 997616
+1 997616
+2 997616
+1 824476
+4 412238
+2 412238
-2 824476
+3 412238
+9 824476
-12 2944071
+2 2944071
-2 5888142
+3 2944071
+9 9199660
-56 6717160
+4 10075740
+1 13434320
+8 3358580
-3 6717160
+3 3358580
-3 3358580
+4 3358580
-4 3358580
+5 3358580
-5 3358580
+5 6717160
+2 6717160
+1 62602
+2 62602
-1 62602
+2 250408
+2 438214
cfn=(1766) unlink_chunk.isra.0
calls=62602 1608 
* 1324044
* 313010
+3 6717160
+25 2271
+1 4542
+1 4542
-23 498808
+1 1496424
+16 997616
-16 498808
cfn=(1766)
calls=498808 1608 
* 11703216
* 1995232

fn=(1762) _int_free_merge_chunk
4665 174890
+1 34978
-1 104934
+5 209868
+3 69956
+5 104934
+3 69956
+1 69956
+1 69956
1992 104934
4689 69956
+2 14233
+2 14233
-1 14233
+2 56932
+2 28466
cfn=(1766)
calls=14233 1608 
* 429213
+18 69956
+6 69946
+4 14715
+9 14715
-1 14715
+1 44145
+1 29430
-1 20258
-1 20258
+1 60774
+1 40516
+2 34973
+2 69946
+5 34973
+1 34973
+2 104919
+1 34973
-45 34973
-1 69946
+1 209838
-1 34973
cfn=(1764) _int_free_maybe_consolidate
calls=34973 +69 
* 26175445
+1 5
-1 10
+1 30
-1 5
cfn=(1764)
calls=5 +69 
* 2051066
+39 104901
+16 5
+1 15
+1 10
-37 20258
+1 20258
-1 20258
cfn=(1766)
calls=20258 1608 
* 602802
+1 20258
-47 1107
-2 738

fn=(1764)
4770 384758
+6 69956
+22 384472
-20 528
+3 396
-2 63
cfn=(1760)
calls=63 +32 
* 27383683
* 63
+5 660
+1 104
+13 182
-13 26
cfn=(1772)
calls=26 2957 
* 1620

fn=(1784)
3024 17
+2 17
-1 17
+1 34
+2 17
-3 17
-1 17
+4 17
+3 34
+7 17
-8 17
+9 17
-8 17
+1 17
+6 51
+1 68
+3 17
+1 51
+6 17
-1 34
cfi=(241) ./misc/../sysdeps/unix/syscall-template.S
cfn=(1786) munmap
calls=17 117 
* 102

fn=(1788) sysmalloc_mmap_fallback.constprop.0
2490 77
+4 7
+3 21
+1 5
+3 14
+1 14
+4 7
-1 14
+3 56
cfi=(239)
cfn=(1780)
calls=7 47 
* 182
* 7
+3 14
+4 14
+4 28
cfi=(240)
cfn=(1782)
calls=7 33 
* 147
+5 7
+2 7
+2 63
2008 28

fn=(1152)
3846 26980602
1326 4905564
+19 14041265
3887 3554710
1794 1777355
3914 3554710
+65 3484450
-63 6968900
+3 1742225
+2 3484450
+2 2862226
-6 1431113
+9 2862226
+1 7155565
+5 2862226
+1 2862226
+7 1431113
-1 2862226
+1 7155565
+5 2862226
3165 1431113
3945 1431113
+1 2862226
+5 55262784
3165 9210464
-2 9210464
+4 9210464
-2 9210464
3945 9210464
3163 9210464
+3 9210464
+1 9210464
3946 46493578
+2 18420928
+2 18420928
+27 70260
+62 276093
+1 104979
+20 670600
-1 670600
-1 670600
+1 1341200
+1 1341200
-2 1341198
+12 3353000
-1 1077904
+4 1077904
+1 538952
+2 1077904
-3 5739654
+1 2869827
+2 5739654
+1 10226337
+2 3408779
+1 13635116
+2 13635116
-10 3408779
+12 6817558
+1 6817558
+2 6817558
+11 7895456
+29 2919272
+1 2919272
+4 5838544
+29 5838366
+8 514904
+1 18504
+1 18504
-1 18504
+4 37008
-4 40881
+1 40881
-1 40881
+4 81762
+5 10149
-2 10149
+2 30447
+1 20298
+7 8539
-1 34156
+2 25617
3887 1350854
+27 1350854
+66 986676
+2 986676
-2 986676
+2 1973352
+2 351069
+1 702138
+6 351069
-4 351069
+1 351069
+1 351069
+2 702138
+7 1404276
-1 702138
+1 702138
+5 8874486
+1 4777678
+2 4746094
-92 2026281
1345 675427
3919 1350854
+2 1350854
+9 2959617
4041 40670
cfn=(1760)
calls=20335 4811 
* 138345336
* 20335
+93 14724
+1 14724
-1 14724
+1 29448
-14 14724
+19 29448
+1 88212
1985 4293405
4487 29433384
1985 351069
4020 351069
1985 702138
4163 5802524
+1 8703786
+1 2901262
-1 2901262
+57 5802524
+9 2901262
-9 5802524
+9 2901262
-9 8703786
+1 2901262
+1 2901262
+1 2901262
+1 2901262
+6 5802524
-10 118770
+9 59385
-9 118770
+9 59385
-9 178155
+1 59385
+1 59385
+1 59385
+1 59385
+6 118770
+1 105
+1 210
+7 420
4070 8881941
4246 181772
+11 667425
+2 104913
+3 34971
-3 34971
+3 69942
+1 222847
+71 666855
-4 222285
+1 222285
+1 222285
-1 222285
+1 222285
+1 444570
+1 666855
+5 1065563
+16 782455
+2 1564910
-4 2094838
+8 264964
+3 529928
+2 105555
+1 105555
+1 105555
-2 422220
-27 105555
-99 11842168
3163 14702
+4 14702
-4 14702
+2 117616
+1 29404
+1 14702
4070 29470
+74 132
-45 1008110
+2 489507
-1 979014
+27 56099
+1 56099
+4 112198
+29 96102
+8 65870
4008 2373047
+1 2373047
+1 4746094
3159 2373047
4012 2373047
3167 2373047
-8 2373047
+4 2373047
4013 2373047
3163 2373047
+2 9492188
+1 2373047
+2 2373047
-2 2373047
+1 2373047
+1 2373047
4218 49236
-48 49236
+48 147708
4343 246129
+3 326972
-3 190395
+3 253736
-3 189450
+3 252524
-3 125052
4443 62876
+1 125752
+2 125752
+3 188628
+17 292
4070 137
-91 822
4169 230546
+23 4830
+3 12
+1 36
-3 3244
+6 1610
+7 1546
-1 6184
+2 3092
+2 1546
+1 4638
+2 1546
+1 3092
-1 64
+1 128
-44 77198
+33 128
-33 627
4343 19167
+5 76668
+1 38334
+24 637636
+3 318818
+2 159409
+3 318818
-3 318818
+3 159409
cfn=(1766)
calls=159409 1608 
* 3776979
+3 637636
+15 206086
-5 103043
+5 206086
+1 206086
+3 103043
+1 103043
+1 103043
+3 206086
+1 68509
+1 206086
+2 68894
+3 275576
+2 103341
+1 34447
1985 34447
4421 34447
1985 68894
4415 548768
+2 205788
+1 68596
1985 68596
4421 68596
1985 193558
4421 56366
1985 112732
4387 56366
-1 56366
+1 112732
4070 14636
3199 14636
-21 14636
+4 29272
+17 59
-21 59
+4 118
+8 14695
-4 58780
+4 14695
+1 29390
4248 14695
4105 433408
-1 433408
+3 433408
-1 433408
+1 866816
+1 1300224
+1 866816
+2 737582
+4 368791
+6 368791
-6 368791
+7 368791
-7 2212746
+2 1106373
+5 368791
-4 368791
+4 368791
cfn=(1160)
calls=368791 1985 
* 1475164
-7 64617
+6 64617
-6 64617
+7 64617
-7 387702
+2 193851
+5 64617
-4 64617
+4 64617
cfn=(1160)
calls=64617 1985 
* 258468
+1 433408
2552 73
+12 73
-12 365
+12 73
+1 51
+3 68
+8 85
cfn=(1778)
calls=17 2400 
* 1878
* 17
+1 34
4482 34
-22 189198
cfn=(1160)
calls=63066 1985 
* 252264
+1 63066
-9 125606
+2 125606
-1 62803
+1 62803
-3 62803
+3 62803
+2 62803
-2 251212
+2 62803
+3 125986
4266 190
+1 190
+2 5
-2 975
+6 380
+2 3
+1 6
+2 3
+1 6
-1 6
+1 3
cfn=(1766)
calls=3 1608 
* 99
-1 187
+1 374
-1 374
+1 187
cfn=(1766)
calls=187 1608 
* 6171
+3 760
+13 356
-4 178
+4 356
+1 356
+3 178
+1 178
+1 178
+1 356
+2 80
+3 320
+2 120
+1 40
+3 40
-6 1104
+2 414
+1 138
+3 138
2553 56
+36 168
+1 56
-1 56
+1 56
+9 554
+6 165
+3 168
2921 168
+1 56
+4 56
+4 280
+5 56
-2 56
+5 56
-3 112
-3 56
+2 56
+1 56
+1 56
-1 168
+1 56
4482 56
2669 168
+8 112
+1 150
+13 50
+2 50
-2 106
+2 6
-2 12
+8 280
+8 112
+20 7
+1 7
-1 14
+11 14
+4 14
+2 7
+2 7
-2 7
+2 7
+6 7
-6 7
+9 18
+40 3
+19 2
+3 2
+1 6
+2 1
+1 5
cfi=(207)
cfn=(1154)
calls=1 25 
* 33
+12 4
-12 1
+12 1
2008 4
3882 1
2873 1
+3 1
-1 1
+1 4
+12 1
-11 1
+11 2
-15 7
+3 7
-1 7
+1 28
+12 7
-11 7
+11 14
+7 14
+1 21
+8 7
+2 7
+5 14
+2 20
cfn=(1668)
calls=5 4495 
* 909
* 5
-66 14
-65 7
+84 14
-83 1
-1 2
2017 2
2745 1
+1 1
+6 3
-6 1
+6 3
-6 48
+6 144
-6 48
+6 240
+1 288
-21 42
cfn=(1788)
calls=7 2490 
* 712
* 7
+2 14
-25 168
cfi=(207)
cfn=(1154)
calls=56 25 
* 2787
+1 112
-1 56
+1 56
2008 49
2711 49
2008 147
2712 56
+3 112
+29 339
4285 12
-1 12
+1 24
+91 177

fn=(1150)
3242 4
+9 8
+1 3
cfn=(1152)
calls=1 3846 
* 359
+1 2
+8 4
+9 1
fi=(210) ./malloc/../string/bits/string_fortified.h
59 2
fe=(204)
3270 1
fi=(210)
59 86
fe=(204)
3274 3

fn=(1668)
4495 1074488541
+4 460495089
+6 613993452
+1 306996726
+4 767491815
+8 613993452
-1 306996726
+1 306996726
+29 153463392
-20 153463392
-6 153463392
+6 306926784
+20 613853568
1792 14036101
4561 28072202
+11 56004492
+2 42003369
1992 14001123
4593 14001123
1992 28002246
4595 14001123
+1 14001123
+4 28002246
+2 14001123
-2 14001123
+2 14001123
+4 28002246
+2 42003369
+1 14001123
+19 55596442
+30 920780310
-21 69956
+3 69956
+18 34978
-12 34978
+12 139912
-12 34978
cfn=(1762)
calls=34978 +19 
* 31722714
3163 139462262
+4 139462262
-4 139462262
+2 557849048
+1 139462262
+1 139462262
4550 139462262

fn=(1766)
1608 755500
+2 2266500
-2 755500
+2 1511000
+3 755500
+1 1511000
+2 3022000
-3 755500
+6 755500
+1 755500
+1 2954135
+2 118642
+1 177963
+3 118642
+14 59321
+1 59321
+3 1511000

fl=(224) ./stdlib/./stdlib/strtod_l.c
fn=(1620) ____strtod_l_internal
508 6072
+45 3036
-45 30360
+53 9108
+26 3036
-24 6072
+32 6072
+1 6072
cob=(4)
cfi=(175)
cfn=(820)
calls=3036 0 
* 48576
+1 6072
-1 3036
+1 3036
+14 3036
-4 3036
-6 3036
+10 6072
-1 12144
+1 6072
+3 6072
-12 3036
+17 6072
+13 18216
+1 6072
+8 9108
+91 6072
-43 6072
+19 6072
+67 9108
+1 6072
+12 6072
+16 12144
+42 6072
+9 24288
+1 6072
980 6072
+33 6072
+2 6072
877 658
1017 329
-2 658
+2 32
-2 393
+3 329
+2 987
+3 658
+19 8121
+1 2707
+5 6072
+9 8
+2 24
-2 16
+2 16
1770 33396
739 21252
+1 6072
-7 9108
862 9108
+1 3036
+1 3036
1068 32
+1 32
+3 40
+4 8
+1 8
+98 80
+2 8
-1 8
+1 16
+3 32
-5 30280
+2 3028
-1 3028
+1 6056
+3 12112
+12 6072
+3 6072
1357 15180
+18 9108
+3 3036
+13 3036
-13 21252
+8 6072
+10 18216
603 6072
1399 6072
+3 9108
-3 3036
+3 18216
+8 3036
-55 3036
+75 3036
-17 3036
-3 3036
+20 3036
-16 3036
-4 6072
-56 3036
+76 3036
-20 3036
-56 3036
-1 3036
+77 3036
-77 3036
+77 6072
-6 3036
+1 3036
fi=(228) ./stdlib/../string/bits/string_fortified.h
29 6072
fe=(224)
1425 3036
fi=(228)
29 3036
cob=(4)
cfi=(175)
cfn=(1622) 0x0000000004c106f0
calls=3036 -29 
* 66792
fe=(224)
1440 6346
+1 6346
+2 12692
-26 18158
+7 5769
+1 5769
-5 5769
+2 11538
+8 16398
cfi=(226)
cfn=(1630)
calls=2733 48 
* 177645
+4 5466
+1 5466
+1 5466
+4 2733
+1 2733
-4 8199
+6 5466
+2 15180
+4 27324
cfn=(1636) str_to_mpn.isra.0
calls=3036 365 
* 329118
+17 6072
+2 3036
-2 3036
+2 3036
-2 6072
+2 6072
+17 6072
+2 6072
1042 987
+1 329
+2 658
689 9108
514 3036
708 9108
514 6072
710 6072
-1 9108
+24 9108
-1 3036
+2 3036
-2 3036
+2 15180
882 15180
1081 6056
-9 6056
739 12144
+8 6072
1494 3036
+1 3036
+1 18216
+42 3036
-38 18216
+38 6072
+6 3036
-1 3036
-1 6072
+2 3036
-2 3036
+1 3036
-1 15180
cfn=(1640) round_and_return
calls=3036 215 
* 253376
* 9108
-4 57684
+2 9108
-68 15180
cfi=(229)
cfn=(1638)
calls=3036 28 
* 48576
+1 18216
cfi=(229)
cfn=(1638)
calls=3036 28 
* 48576
+1 6072
-83 3036
+5 6072
fi=(228)
29 2733
fe=(224)
1446 2733
fi=(228)
29 10932
cob=(4)
cfi=(175)
cfn=(1622)
calls=2733 -29 
* 60126
* 5466
fe=(224)
864 6072
+1 6072
+9 6072
+6 9108
+1 6072
-16 12144
+3 33405
+1 3045
-1 3045
+1 12180
+2 3045
-6 3045
-1 3045
+1 6090
+6 12135
-6 12135
-1 12135
+1 30342
+5 6072

fn=(1636)
365 30360
+13 3036
+1 18216
-4 3036
-1 6072
+52 14810
+1 29620
-14 59240
+3 6056
+7 3028
+3 9084
+3 6056
-3 23564
+3 23564
-47 29620
+49 12144
+7 9108
+2 9108
+2 3036
+1 3036
+15 27324

fn=(1640)
215 48576
fi=(230) ./stdlib/../sysdeps/generic/get-rounding-mode.h
94 3036
+1 27324
fe=(224)
218 6072
fi=(231) ./stdlib/../include/rounding-mode.h
46 15180
fe=(224)
355 1528
-3 3056
+3 4584
-3 3016
+3 4524
+1 3036
-1 6072
+1 18216
-1 3036
cfi=(232) ./stdlib/../sysdeps/ieee754/dbl-64/mpn2dbl.c
cfn=(1646) __mpn_construct_double
calls=3036 29 
* 48576
-42 6072
-80 3036
+83 3036
-90 3036
+90 3036
+4 6072
-1 6072
+36 1508
-5 4524
fi=(233) ./stdlib/../stdlib/gmp.h
453 1508
fe=(224)
328 1508
fi=(233)
454 1508
fe=(224)
328 1508
+22 3016
-12 3016
fi=(231)
52 9088
fe=(224)

fn=(1618) strtod_l
1782 6072
+1 6072
cfn=(1620)
calls=3036 508 
* 2416496

fl=(255)
fn=(2168)
33 6
+2 6
-2 12
+4 18
+1 30
+9 12
+9 6
-9 6
+9 12
+47 6
+4 6
-4 6
+4 6

fl=(116)
fn=(360)
60 1
-17 2
-1 4
+2 3
+2 2
+4 3
+10 1

fl=(136)
fn=(422)
29 1
fi=(289)
+7 5
fe=(136)
-7 1

fl=(265)
fn=(2206)
46 686
+3 98
234 441
62 49
+1 49
-16 49
+18 98
+7 252
+1 35
-1 70
+1 70
-1 70
+4 98
+3 49
+2 49
-13 3
-1 3
+1 3

fl=(225) ./string/../sysdeps/x86_64/multiarch/memmove-vec-unaligned-erms.S
fn=(1624) __memcpy_chk_avx_unaligned_erms
249 5769
+1 5769
+1 28845
+4 5769
+1 5769
+6 5769
+1 5769
+42 5769
+1 5769
+2 5769
+1 5769
+55 5769
+1 5769
+1 5769
+1 5769
+1 5769

fn=(1628) __memcpy_avx_unaligned_erms
255 113256064
+1 113256064
+6 113256064
+1 113256064
+2 58927294
+1 58927294
+1 58927294
+3 41430908
+1 41430908
+1 41430908
+3 82861816
+30 54328770
+1 54328770
+2 14964914
+1 14964914
+2 407783
+4 407783
+1 365485
+1 365485
+1 365485
+1 365485
+1 259629
+1 259629
+2 259629
+2 259629
-2 105856
+2 105856
+6 42298
+1 42298
+1 42298
+1 42298
+1 42298
+7 39363856
+1 39363856
+1 39363856
+1 39363856
+2 39363856
+17 14557131
+1 14557131
+1 14557131
+1 14557131
+1 14557131
+7 17457916
+1 17457916
+1 17457916
+1 17457916
+1 17457916
+1 17457916
+1 34915832
+5 17496386
+1 17496386
+5 17496292
+1 17496292
+2 17458924
+1 17458924
+1 17458924
+2 1008
+1 1008
+1 1008
+1 1008
+1 1008
+1 1008
+1 1008
+1 1008
+1 1008
+1 1008
+1 1008
+1 1008
+1 1008
+1 1008
+1 2016
+4 37368
+1 37368
+4 37368
+2 37368
+4 37368
+1 37368
+11 37368
+3 37368
+2 37368
+2 37368
+4 37368
+1 37368
+9 37202
+1 37202
+2 37202
+2 37202
+1 37202
+1 37202
+3 37202
+2 37202
+2 37202
+2 74404
+6 37202
+1 37202
+1 37202
+1 37202
+1 37202
+1 37202
+1 37202
+1 37202
+1 37202
+1 37202
+1 37202
+1 37202
-11 137077
+1 137077
+1 137077
+1 137077
+1 137077
+1 137077
+1 137077
+1 137077
+1 137077
+1 137077
+1 137077
+1 137077
+2 37202
+1 37202
+1 37202
+1 37202
+2 37202
+4 74404
+13 166
+1 166
+2 166
+1 166
+1 166
+2 166
+2 166
+2 332
+6 166
+1 166
+1 166
+1 166
+1 166
+1 166
+1 166
+1 166
+1 166
+1 166
+1 166
+1 166
-11 696
+1 696
+1 696
+1 696
+1 696
+1 696
+1 696
+1 696
+1 696
+1 696
+1 696
+1 696
+2 166
+1 166
+1 166
+1 166
+2 166
+1 332
+9 94
+7 94
+1 94
+6 17
+3 17
+2 17
+3 17
+1 17
+2 17
+2 2555545
+2 17
+2 17
+2 34
+5 94
+1 94
+4 94
+2 94
+3 94
+4 94
+1 94
+4 94
+4 94
+24 77
+2 77
+2 77
+2 77
+3 77
+1 77
+2 3076677
+3 77
+2 77
+2 154

fl=(264)
fn=(2204)
28 10
+1 10
+1 10
+1 10
+13 10
+1 10
+16 10
+1 10
+1 10
+1 10
+1 10
+1 10
+1 10
+5 10
+1 10
+1 10
+1 10
+1 10

fl=(227)
fn=(1632)
31 2784
+1 2784
+3 2784
+1 2784
+1 2784
+1 2784
+1 2784
+2 2784
+1 2784
+2 2784
+1 2784
+1 2784
+1 2784
+1 2782
+2 2782
+1 2782
+1 2782
+1 2782
+26 2
+1 2
+1 2
+1 2
+1 2
+1 2
+1 2
+1 2
+1 2
+26 2
+1 2
+1 2
+2 2
+1 2
+1 2
+1 2
+1 2
+1 2
+2 2
+3 2
-5 2782
+2 2782
+3 2782

fl=(188) ./nptl/./nptl/pthread_once.c
fn=(694) pthread_once@@GLIBC_2.34
136 3056
+3 3056
+1 6112
+4 6110
-1 1
cfn=(696) __pthread_once_slow
calls=1 -75 
* 1928

fn=(696)
68 11
+8 1
+4 2
+52 10
-44 2
+4 2
+9 2
+13 13
cfi=(189) ./nptl/./nptl/cleanup_compat.c
cfn=(698) _pthread_cleanup_push@@GLIBC_2.34
calls=1 -89 
* 7
+2 1
cob=(7)
cfi=(185)
cfn=(700) 0x00000000000d0450
calls=1 0 
* 1859
+2 3
cfi=(189)
cfn=(716) _pthread_cleanup_pop@@GLIBC_2.34
calls=1 -78 
* 6
fi=(191) ./nptl/../sysdeps/nptl/futex-internal.h
+91 3
fe=(188)
-85 1
fi=(191)
+85 5
fe=(188)

fl=(127)
fn=(394)
29 2
fi=(84)
+11 6
-2 8
fe=(127)
-9 4
fi=(84)
+12 4
+1 6
+3 4
+4 6
+3 10
fe=(127)

fl=(176) ./nptl/../sysdeps/unix/sysv/linux/x86/elision-conf.c
fn=(566) __lll_elision_init
92 2
+4 1
-4 2
+4 2
-4 1
+4 1
-4 3
+4 1
cob=(4)
cfi=(175)
cfn=(564)
calls=1 -96 
* 26
+2 4
cob=(4)
cfi=(175)
cfn=(564)
calls=1 -98 
* 26
+2 4
cob=(4)
cfi=(175)
cfn=(564)
calls=1 0 
* 26
+2 4
cob=(4)
cfi=(175)
cfn=(564)
calls=1 0 
* 26
+2 4
cob=(4)
cfi=(175)
cfn=(564)
calls=1 0 
* 26
+3 3
+1 1
+1 6

fl=(94)
fn=(308)
29 1
fi=(93)
+28 3
-1 2
+4 3
+14 2
+3 2
+8 2
+8 2
+3 5
fe=(94)

fl=(200)
fn=(1080)
67 147
-26 42
+2 168
+1 42
cfn=(1082) __new_exitfn
calls=21 +36 
* 773
+2 42
+8 21
-2 21
+3 21
+1 21
-4 42
+1 21
+4 84
+1 21
+11 126

fn=(1082)
80 21
+6 42
-6 84
+11 42
-10 21
+10 84
+2 42
+1 100
-1 42
-2 1
+10 1
-10 3
+13 40
+25 20
+1 40
-1 40
+7 20
+5 60
-4 20
+4 40
-5 1
+5 3
-4 1
+4 2
-18 1
-1 1
+12 1

fl=(214) ./libio/./libio/iofflush.c
fn=(1374) fflush
32 6
+1 12
-1 30
+7 12
+1 6
fi=(216)
1025 18
+1 12
fe=(214)
40 12
cfi=(215)
cfn=(1376)
calls=6 793 
* 126
* 12
fi=(216)
979 12
+1 48
fe=(214)
44 30
-5 60

fl=(189)
fn=(716)
40 1
+3 2
+4 2
+2 1

fn=(698)
25 1
+3 1
+1 1
+1 2
+2 1
+1 1

fl=(251) ./string/../sysdeps/x86_64/multiarch/strchr-avx2.S
fn=(2158) __strchrnul_avx2
53 12
+2 12
+1 12
+1 12
+1 12
+1 12
+3 12
+1 12
+4 12
+1 12
+1 12
+1 12
+1 12
+1 12
+1 12
+1 12
+13 12
+2 24

fl=(172) ./resource/../sysdeps/unix/sysv/linux/getrlimit64.c
fn=(558) getrlimit
38 2
+1 7
+1 1

fl=(100)
fn=(324)
31 2
fi=(101)
+9 6
-2 8
fi=(102) ./wcsmbs/../sysdeps/x86_64/multiarch/wcschr.c
-7 4
fi=(101)
+10 4
+1 6
+3 4
+4 6
+3 10
fe=(100)

fn=(390)
31 1
fi=(97)
+9 3
-1 4
+2 3
+3 2
+4 4
fe=(100)
-17 1

fl=(108)
fn=(344)
31 1
fi=(109)
+4 5
+1 3
+3 2
+4 3
+3 4
fe=(108)
-15 1

fl=(271)
fn=(2268)
367 1
51 3
+1 2
367 3
57 2
+8 1
-3 1
-23 1
+1 4
+1 1
+29 1
+2 1
369 2
74 2
+6 4
+4 3
+3 2

fl=(170)
fn=(554)
33 9
+2 1
cfi=(171)
cfn=(556)
calls=1 -6 
* 17
+3 1
fi=(173) ./elf/../sysdeps/nptl/pthread_early_init.h
-5 2
fe=(170)
+8 1
-3 1
+3 1
fi=(173)
-8 1
cfi=(172)
cfn=(558)
calls=1 +5 
* 10
* 3
+1 1
+4 5
+7 1
fi=(292) ./elf/../nptl/nptl-stack.h
+16 3
fi=(173)
-16 1
fi=(292)
+16 2
fi=(173)
-7 1
fi=(292)
+7 3
fi=(173)
-9 1
-6 1
+2 2
+4 4
+1 1
+3 1
cfi=(174)
cfn=(562)
calls=1 -1 
* 104
fe=(170)
-9 3
+2 2
-2 1
cfi=(176)
cfn=(566)
calls=1 +45 
* 169

fl=(179)
fn=(598)
46 6
+5 2
+4 5
+8 1
-2 1
+10 1
-9 1
+1 1
+9 3
-1 1
cfi=(180) ./misc/./misc/init-misc.c
cfn=(600) __init_misc
calls=1 -41 
* 50

fl=(182)
fn=(606)
545 1
+1 4
+1 3
+1 3
+2 1

fl=(222) ./libio/./libio/fileno.c
fn=(1520) fileno
32 2135
+3 10675
+7 2135

fl=(245) ./io/../sysdeps/unix/sysv/linux/write.c
fn=(1998) write
25 2075
+1 12450
+1 2075

fl=(117)
fn=(362)
29 1
fi=(118)
+9 2
+1 1
-1 2
+1 2
+3 2
+4 3
+3 3
fe=(117)
-20 1

fl=(213) ./csu/./csu/errno-loc.c
fn=(1368) __errno_location
25 6
+1 12
+1 6

fl=(139)
fn=(432)
31 1
fi=(114)
+6 2
-1 4
fe=(139)
-5 2
fi=(114)
+7 3
+3 2
+4 3
+3 4
fe=(139)

fl=(110)
fn=(348)
31 2
fi=(111) ./wcsmbs/../sysdeps/x86_64/multiarch/ifunc-evex.h
+7 6
-1 8
+2 6
+6 4
-3 4
+9 6
+3 8
fe=(110)
-23 2

fl=(87)
fn=(292)
30 1
fi=(88)
+11 2
-1 4
+2 3
+3 2
+4 3
+3 3
fe=(87)
-22 1

fl=(194) ./wcsmbs/./wcsmbs/btowc.c
fn=(802) btowc
32 512
+5 256
-5 2048
+5 1536
+5 512
+4 384
fi=(293) ./wcsmbs/./wcsmbsload.h
+23 128
+1 384
fe=(194)
-23 128
+1 128
-1 128
+1 128
+4 512
+3 256
cfi=(195)
cfn=(804)
calls=128 -19 
* 640
* 512
+39 128
-39 256
+39 512
-39 128
cfi=(196)
cfn=(806)
calls=128 -6 
* 768
+39 1152

fl=(241)
fn=(1786)
117 85
+5 17

fl=(95)
fn=(312)
29 1
fi=(84)
+11 3
-2 4
fe=(95)
-9 2
fi=(84)
+12 2
+1 3
+3 2
+4 3
+3 5
fe=(95)

fl=(180)
fn=(600)
30 1
+1 2
-1 4
+1 4
+2 3
cob=(4)
cfi=(175)
cfn=(602) 0x0000000004c10660
calls=1 -33 
* 24
+4 5
+1 3
+2 4

fl=(246) ./stdlib/./stdlib/rand.c
fn=(2056) rand
26 1207728
+1 402576
cfi=(247)
cfn=(2058)
calls=402576 288 
* 20518390
+1 805152

fl=(273) ./stdlib/./stdlib/cxa_finalize.c
fn=(2280) __cxa_finalize
30 10
+3 10
-3 40
+3 25
+3 20
+4 162
+1 132
+2 11
+2 11
+36 11
-5 11
-33 11
+35 33
+3 33
+1 33
cob=(7)
cfi=(185)
cfn=(1452) std::ios_base::Init::~Init()
calls=1 -82 
* 2688
cob=(7)
cfi=(185)
cfn=(2350) 0x00000000000b8da0
calls=1 -82 
* 8
cob=(7)
cfi=(185)
cfn=(2342) 0x00000000000b8d50
calls=1 -82 
* 773
cob=(7)
cfi=(185)
cfn=(2340) 0x00000000000e75a0
calls=1 -82 
* 2
cob=(7)
cfi=(185)
cfn=(2338) 0x00000000000e8920
calls=1 -82 
* 2
cob=(7)
cfi=(185)
cfn=(2336) 0x00000000000eca30
calls=1 -82 
* 2
cob=(7)
cfi=(185)
cfn=(2334) 0x00000000000eca40
calls=1 -82 
* 2
cob=(7)
cfi=(185)
cfn=(2332) 0x00000000001b4e80
calls=1 -82 
* 2
cob=(7)
cfi=(185)
cfn=(2330) 0x00000000001b4e90
calls=1 -82 
* 2
cob=(7)
cfi=(185)
cfn=(2328) 0x00000000001b4ea0
calls=1 -82 
* 2
cob=(7)
cfi=(185)
cfn=(2324) 0x00000000001d0060
calls=1 -82 
* 5
+1 44
+4 33
-47 34
-4 15
+57 20
+4 30
-4 15
+12 10
cfi=(274)
cfn=(2282)
calls=5 -23 
* 100
+1 20
+1 40

fl=(205)
fn=(1144)
262 1
fi=(206) ./malloc/../sysdeps/unix/sysv/linux/not-cancel.h
97 3
fe=(205)
262 7
+5 1
fi=(206)
97 3
fi=(204)
3143 2
fe=(205)
292 2
+4 3
fi=(204)
1946 4
+3 1
-3 1
+3 2
-3 2
+3 126
-3 126
+3 252
-3 252
+11 1
fe=(205)
300 3
fi=(204)
1958 1
+2 1
fe=(205)
300 1
cob=(4)
cfi=(175)
cfn=(564)
calls=1 0 
* 25
+1 4
cob=(4)
cfi=(175)
cfn=(564)
calls=1 0 
* 26
+1 4
cob=(4)
cfi=(175)
cfn=(564)
calls=1 0 
* 25
+1 4
cob=(4)
cfi=(175)
cfn=(564)
calls=1 0 
* 25
+1 4
cob=(4)
cfi=(175)
cfn=(564)
calls=1 0 
* 26
+1 4
cob=(4)
cfi=(175)
cfn=(564)
calls=1 0 
* 25
+1 4
cob=(4)
cfi=(175)
cfn=(564)
calls=1 0 
* 25
+2 4
cob=(4)
cfi=(175)
cfn=(564)
calls=1 0 
* 25
+1 4
cob=(4)
cfi=(175)
cfn=(564)
calls=1 0 
* 25
+1 4
cob=(4)
cfi=(175)
cfn=(564)
calls=1 0 
* 25
+3 4
cob=(4)
cfi=(175)
cfn=(564)
calls=1 0 
* 25
+1 4
cob=(4)
cfi=(175)
cfn=(564)
calls=1 0 
* 25
+2 2
+10 8

fl=(232)
fn=(1646)
29 3036
+10 3036
-6 3036
+7 30360
+6 3036
+1 6072

ob=(7)
fl=(185)
fn=(736) std::codecvt<char, char, __mbstate_t>::codecvt(unsigned long)
0 14
cob=(4)
cfi=(175)
cfn=(684) 0x00000000048f73c0
calls=1 0 
0 25
0 5

fn=(754) std::__cxx11::moneypunct<char, true>::_M_initialize_moneypunct(__locale_struct*, char const*)
0 115

fn=(930) std::messages<char>::messages(unsigned long)
0 14
cob=(4)
cfi=(175)
cfn=(684)
calls=1 0 
0 25
0 2
cob=(4)
cfi=(175)
cfn=(672) 0x00000000048f53e0
calls=1 0 
0 5
0 5

fn=(1030) std::ios_base::ios_base()
0 11465220
cob=(4)
cfi=(175)
cfn=(650) 0x00000000048f58d0
calls=191087 0 
0 6114784

fn=(1202)
0 5
cob=(4)
cfi=(175)
cfn=(1076) 0x00000000048f5620
calls=1 0 
0 78

fn=(1448) std::basic_ios<wchar_t, std::char_traits<wchar_t> >::clear(std::_Ios_Iostate)
0 28

fn=(1492) std::istream::operator>>(int&)
0 70
cob=(4)
cfi=(175)
cfn=(1494) 0x00000000048f7ab0
calls=5 0 
0 4288
0 125
cfn=(1528) std::num_get<char, std::istreambuf_iterator<char, std::char_traits<char> > >::do_get(std::istreambuf_iterator<char, std::char_traits<char> >, std::istreambuf_iterator<char, std::char_traits<char> >, std::ios_base&, std::_Ios_Iostate&, long&) const
calls=5 0 
0 3255
0 100

fn=(1596) std::num_get<char, std::istreambuf_iterator<char, std::char_traits<char> > >::_M_extract_float(std::istreambuf_iterator<char, std::char_traits<char> >, std::istreambuf_iterator<char, std::char_traits<char> >, std::ios_base&, std::_Ios_Iostate&, std::string&) const
0 60720
cfn=(1536) 0x0000000000142070
calls=3036 0 
0 91080
0 21252
cfn=(1542) 0x0000000000147b90
calls=3036 0 
0 109296
0 24288
cfn=(1560) 0x000000000013eae0
calls=3036 0 
0 39468
0 54648
cfn=(1552) 0x00000000001164e0
calls=3036 0 
0 57684
0 100188
cfn=(1604) 0x000000000013e850
calls=3036 0 
0 18216
0 21252
cfn=(1542)
calls=3036 0 
0 109426
0 18216
cfn=(1552)
calls=3036 0 
0 57684
0 33396
cob=(4)
cfi=(175)
cfn=(1598) 0x00000000048f6ed0
calls=3036 0 
0 116054
0 916872
cob=(4)
cfi=(175)
cfn=(1598)
calls=3036 0 
0 115368
0 57684

fn=(1694) std::_Rb_tree_increment(std::_Rb_tree_node_base const*)
0 54

fn=(1892) std::num_put<char, std::ostreambuf_iterator<char, std::char_traits<char> > >::do_put(std::ostreambuf_iterator<char, std::char_traits<char> >, std::ios_base&, char, long) const
0 573219
cob=(4)
cfi=(175)
cfn=(1894) 0x00000000048f6c20
calls=191073 0 
0 45672144

fn=(1946) std::basic_ostream<char, std::char_traits<char> >& std::__ostream_insert<char, std::char_traits<char> >(std::basic_ostream<char, std::char_traits<char> >&, char const*, long)
0 1549602
cob=(4)
cfi=(175)
cfn=(1886) 0x00000000048f8360
calls=81558 0 
0 2119864
0 1306901
cob=(4)
cfi=(175)
cfn=(1964) 0x00000000048f5970
calls=1973 0 
0 71393
0 992507
cfn=(1954) std::basic_filebuf<char, std::char_traits<char> >::sync()
calls=1973 0 
0 325207
0 411736
cfn=(1956) std::basic_filebuf<char, std::char_traits<char> >::xsputn(char const*, long)
calls=81558 0 
0 8372028
0 407790

fn=(2338)
0 2

fn=(2350)
0 4
cob=(4)
cfi=(175)
cfn=(2344) 0x00000000048f6320
calls=1 0 
0 4

fn=(2356) std::basic_ostream<wchar_t, std::char_traits<wchar_t> >::flush()
0 51
cob=(4)
cfi=(175)
cfn=(2358) 0x00000000048f6340
calls=3 0 
0 1076
0 21
cfn=(2364) std::basic_filebuf<wchar_t, std::char_traits<wchar_t> >::sync()
calls=3 0 
0 18
0 52
cob=(4)
cfi=(175)
cfn=(1964)
calls=1 0 
0 35
0 7
cfn=(2364)
calls=1 0 
0 6
0 2

fn=(2357) std::basic_ostream<wchar_t, std::char_traits<wchar_t> >::flush()'2
0 17
cob=(4)
cfi=(175)
cfn=(2359) 0x00000000048f6340'2
calls=1 0 
0 24
0 7
cfn=(2364)
calls=1 0 
0 6
0 17

fn=(656) 0x00000000000e98b0
0 12
cob=(4)
cfi=(175)
cfn=(666) 0x00000000048f5410
calls=1 0 
0 72921
0 9
cob=(4)
cfi=(175)
cfn=(1018) 0x00000000048f4780
calls=1 0 
0 744
0 3996368

fn=(760) std::__timepunct<char>::__timepunct(std::__timepunct_cache<char>*, unsigned long)
0 16
cob=(4)
cfi=(175)
cfn=(672)
calls=1 0 
0 5
0 4
cob=(4)
cfi=(175)
cfn=(762) 0x00000000048f6ec0
calls=1 0 
0 1126
0 4

fn=(942) std::numpunct<wchar_t>::_M_initialize_numpunct(__locale_struct*)
0 353

fn=(1022) std::locale::locale(std::locale::_Impl*)
0 3

fn=(1072) std::basic_ios<wchar_t, std::char_traits<wchar_t> >::_M_cache_locale(std::locale const&)
0 36
cob=(4)
cfi=(175)
cfn=(726) 0x00000000048f5800
calls=4 0 
0 32
0 28
cob=(4)
cfi=(175)
cfn=(726)
calls=4 0 
0 32
0 28
cob=(4)
cfi=(175)
cfn=(726)
calls=4 0 
0 32
0 36

fn=(1200)
0 5
cob=(4)
cfi=(175)
cfn=(1076)
calls=1 0 
0 78

fn=(1342) std::basic_filebuf<char, std::char_traits<char> >::basic_filebuf()
0 51
cob=(4)
cfi=(175)
cfn=(650)
calls=3 0 
0 96
0 30
cob=(4)
cfi=(175)
cfn=(1344) 0x00000000048f7f80
calls=3 0 
0 877
0 45
cob=(4)
cfi=(175)
cfn=(726)
calls=3 0 
0 24
0 24

fn=(1420) std::basic_filebuf<wchar_t, std::char_traits<wchar_t> >::basic_filebuf()
0 51
cob=(4)
cfi=(175)
cfn=(650)
calls=3 0 
0 96
0 30
cob=(4)
cfi=(175)
cfn=(1344)
calls=3 0 
0 18
0 54
cob=(4)
cfi=(175)
cfn=(726)
calls=3 0 
0 24
0 24

fn=(1500) std::basic_filebuf<char, std::char_traits<char> >::underflow()
0 99
cfn=(1502) std::codecvt<char, char, __mbstate_t>::do_always_noconv() const
calls=3 0 
0 9
0 54
cob=(4)
cfi=(175)
cfn=(1504) 0x00000000048f6010
calls=3 0 
0 3297
0 51

fn=(1514) std::__basic_file<char>::fd()
0 6405
cob=(4)
cfi=(175)
cfn=(1516) 0x00000000048f45c0
calls=2135 0 
0 20031

fn=(1536)
0 1747080
cob=(4)
cfi=(175)
cfn=(726)
calls=194120 0 
0 1552960
0 2523560

fn=(1956)
0 1386486
cfn=(1502)
calls=81558 0 
0 244674
0 1060661
cob=(4)
cfi=(175)
cfn=(2220) 0x00000000048f7e70
calls=57 0 
0 5868
0 734307
cob=(4)
cfi=(175)
cfn=(1958) 0x00000000048f6a10
calls=81501 0 
0 4939063
0 969

fn=(2334)
0 2

fn=(670) std::locale::_Impl::_Impl(unsigned long)
0 142
cob=(4)
cfi=(175)
cfn=(672)
calls=1 0 
0 822
0 7
cob=(4)
cfi=(175)
cfn=(678) 0x00000000048f47a0
calls=1 0 
0 4662
0 4
cob=(4)
cfi=(175)
cfn=(720) 0x00000000048f60e0
calls=1 0 
0 2066
0 4
cob=(4)
cfi=(175)
cfn=(732) 0x00000000048f59e0
calls=1 0 
0 833
0 4
cob=(4)
cfi=(175)
cfn=(720)
calls=1 0 
0 400
0 24
cob=(4)
cfi=(175)
cfn=(738) 0x00000000048f7700
calls=1 0 
0 1426
0 4
cob=(4)
cfi=(175)
cfn=(720)
calls=1 0 
0 400
0 8
cob=(4)
cfi=(175)
cfn=(720)
calls=1 0 
0 400
0 8
cob=(4)
cfi=(175)
cfn=(720)
calls=1 0 
0 400
0 5
cob=(4)
cfi=(175)
cfn=(684)
calls=1 0 
0 25
0 5
cob=(4)
cfi=(175)
cfn=(720)
calls=1 0 
0 400
0 29
cob=(4)
cfi=(175)
cfn=(744) 0x00000000048f5e30
calls=1 0 
0 1187
0 4
cob=(4)
cfi=(175)
cfn=(720)
calls=1 0 
0 400
0 29
cob=(4)
cfi=(175)
cfn=(750) 0x00000000048f7530
calls=1 0 
0 1188
0 4
cob=(4)
cfi=(175)
cfn=(720)
calls=1 0 
0 400
0 8
cob=(4)
cfi=(175)
cfn=(720)
calls=1 0 
0 400
0 8
cob=(4)
cfi=(175)
cfn=(720)
calls=1 0 
0 400
0 35
cob=(4)
cfi=(175)
cfn=(756) 0x00000000048f6a00
calls=1 0 
0 2039
0 4
cob=(4)
cfi=(175)
cfn=(720)
calls=1 0 
0 400
0 8
cob=(4)
cfi=(175)
cfn=(720)
calls=1 0 
0 400
0 8
cob=(4)
cfi=(175)
cfn=(720)
calls=1 0 
0 400
0 4
cob=(4)
cfi=(175)
cfn=(768) 0x00000000048f4630
calls=1 0 
0 803
0 4
cob=(4)
cfi=(175)
cfn=(720)
calls=1 0 
0 400
0 4
cob=(4)
cfi=(175)
cfn=(774) 0x00000000048f4b70
calls=1 0 
0 27040
0 4
cob=(4)
cfi=(175)
cfn=(720)
calls=1 0 
0 400
0 4
cob=(4)
cfi=(175)
cfn=(828) 0x00000000048f55a0
calls=1 0 
0 833
0 4
cob=(4)
cfi=(175)
cfn=(720)
calls=1 0 
0 400
0 23
cob=(4)
cfi=(175)
cfn=(834) 0x00000000048f4c60
calls=1 0 
0 1338
0 4
cob=(4)
cfi=(175)
cfn=(720)
calls=1 0 
0 400
0 8
cob=(4)
cfi=(175)
cfn=(720)
calls=1 0 
0 400
0 8
cob=(4)
cfi=(175)
cfn=(720)
calls=1 0 
0 400
0 5
cob=(4)
cfi=(175)
cfn=(684)
calls=1 0 
0 25
0 18
cob=(4)
cfi=(175)
cfn=(720)
calls=1 0 
0 400
0 28
cob=(4)
cfi=(175)
cfn=(840) 0x00000000048f6d70
calls=1 0 
0 1198
0 4
cob=(4)
cfi=(175)
cfn=(720)
calls=1 0 
0 400
0 27
cob=(4)
cfi=(175)
cfn=(846) 0x00000000048f5060
calls=1 0 
0 1166
0 4
cob=(4)
cfi=(175)
cfn=(720)
calls=1 0 
0 400
0 8
cob=(4)
cfi=(175)
cfn=(720)
calls=1 0 
0 400
0 8
cob=(4)
cfi=(175)
cfn=(720)
calls=1 0 
0 400
0 35
cob=(4)
cfi=(175)
cfn=(852) 0x00000000048f73b0
calls=1 0 
0 2144
0 4
cob=(4)
cfi=(175)
cfn=(720)
calls=1 0 
0 400
0 8
cob=(4)
cfi=(175)
cfn=(720)
calls=1 0 
0 400
0 8
cob=(4)
cfi=(175)
cfn=(720)
calls=1 0 
0 400
0 4
cob=(4)
cfi=(175)
cfn=(864) 0x00000000048f4ca0
calls=1 0 
0 803
0 4
cob=(4)
cfi=(175)
cfn=(720)
calls=1 0 
0 400
0 8
cob=(4)
cfi=(175)
cfn=(720)
calls=1 0 
0 400
0 8
cob=(4)
cfi=(175)
cfn=(720)
calls=1 0 
0 400
0 8
cob=(4)
cfi=(175)
cfn=(720)
calls=1 0 
0 400
0 8
cob=(4)
cfi=(175)
cfn=(720)
calls=1 0 
0 400
0 9
cfn=(870) 0x00000000000ed260
calls=1 0 
0 9477
0 3
cob=(4)
cfi=(175)
cfn=(726)
calls=1 0 
0 8
0 5
cob=(4)
cfi=(175)
cfn=(726)
calls=1 0 
0 8
0 4
cob=(4)
cfi=(175)
cfn=(726)
calls=1 0 
0 8
0 5
cob=(4)
cfi=(175)
cfn=(726)
calls=1 0 
0 8
0 5
cob=(4)
cfi=(175)
cfn=(726)
calls=1 0 
0 8
0 4
cob=(4)
cfi=(175)
cfn=(726)
calls=1 0 
0 8
0 5
cob=(4)
cfi=(175)
cfn=(726)
calls=1 0 
0 8
0 4
cob=(4)
cfi=(175)
cfn=(726)
calls=1 0 
0 8
0 13

fn=(742) std::__cxx11::numpunct<char>::_M_initialize_numpunct(__locale_struct*)
0 417

fn=(778) std::ctype<wchar_t>::ctype(unsigned long)
0 14
cob=(4)
cfi=(175)
cfn=(684)
calls=1 0 
0 25
0 7
cob=(4)
cfi=(175)
cfn=(780) 0x00000000048f5a90
calls=1 0 
0 26301

fn=(862) std::__timepunct<wchar_t>::_M_initialize_timepunct(__locale_struct*)
0 12
cob=(4)
cfi=(175)
cfn=(684)
calls=1 0 
0 25
0 117

fn=(876) std::numpunct<char>::_M_initialize_numpunct(__locale_struct*)
0 417

fn=(894) std::moneypunct<char, false>::_M_initialize_moneypunct(__locale_struct*, char const*)
0 114

fn=(972) std::moneypunct<wchar_t, true>::_M_initialize_moneypunct(__locale_struct*, char const*)
0 109

fn=(996) std::messages<wchar_t>::messages(unsigned long)
0 14
cob=(4)
cfi=(175)
cfn=(684)
calls=1 0 
0 25
0 2
cob=(4)
cfi=(175)
cfn=(672)
calls=1 0 
0 5
0 5

fn=(1048) std::locale::operator=(std::locale const&)
0 4395001

fn=(1060) std::basic_ios<char, std::char_traits<char> >::_M_cache_locale(std::locale const&)
0 1719747
cob=(4)
cfi=(175)
cfn=(726)
calls=191083 0 
0 1528664
0 1337581
cob=(4)
cfi=(175)
cfn=(726)
calls=191083 0 
0 1528664
0 1337581
cob=(4)
cfi=(175)
cfn=(726)
calls=191083 0 
0 1528664
0 1719747

fn=(1066) std::basic_ios<wchar_t, std::char_traits<wchar_t> >::init(std::basic_streambuf<wchar_t, std::char_traits<wchar_t> >*)
0 32
cob=(4)
cfi=(175)
cfn=(1038) 0x00000000048f7780
calls=4 0 
0 404
0 12
cob=(4)
cfi=(175)
cfn=(1068) 0x00000000048f8270
calls=4 0 
0 1222
0 52

fn=(1244)
0 50

fn=(1394) operator new[](unsigned long)
0 12
cob=(4)
cfi=(175)
cfn=(1396) 0x00000000048f4cc0
calls=6 0 
0 1923

fn=(1534) std::istreambuf_iterator<char, std::char_traits<char> > std::num_get<char, std::istreambuf_iterator<char, std::char_traits<char> > >::_M_extract_int<long>(std::istreambuf_iterator<char, std::char_traits<char> >, std::istreambuf_iterator<char, std::char_traits<char> >, std::ios_base&, std::_Ios_Iostate&, long&) const
0 115
cfn=(1536)
calls=5 0 
0 150
0 75
cfn=(1542)
calls=5 0 
0 180
0 45
cfn=(1552)
calls=5 0 
0 95
0 1074
cfn=(1560)
calls=5 0 
0 65
0 130

fn=(1884) std::ostream& std::ostream::_M_insert<long>(long)
0 3248241
cob=(4)
cfi=(175)
cfn=(1886)
calls=191073 0 
0 4586466
0 4012533
cfn=(1892)
calls=191073 0 
0 46245363
0 3821460

fn=(1986) std::basic_filebuf<char, std::char_traits<char> >::_M_convert_to_external(char*, long)
0 39425
cfn=(1502)
calls=2075 0 
0 6225
0 12450
cob=(4)
cfi=(175)
cfn=(1988) 0x00000000048f5bb0
calls=2075 0 
0 111560
0 26975

fn=(2128) std::num_put<char, std::ostreambuf_iterator<char, std::char_traits<char> > >::do_put(std::ostreambuf_iterator<char, std::char_traits<char> >, std::ios_base&, char, double) const
0 24
cob=(4)
cfi=(175)
cfn=(2130) 0x00000000048f6560
calls=6 0 
0 19723

fn=(2134) std::ostreambuf_iterator<char, std::char_traits<char> > std::num_put<char, std::ostreambuf_iterator<char, std::char_traits<char> > >::_M_insert_float<double>(std::ostreambuf_iterator<char, std::char_traits<char> >, std::ios_base&, char, char, double) const
0 120
cfn=(1536)
calls=6 0 
0 180
0 66
cob=(4)
cfi=(175)
cfn=(2136) 0x00000000048f61d0
calls=6 0 
0 1041
0 78
cob=(4)
cfi=(175)
cfn=(684)
calls=6 0 
0 150
0 66
cfn=(2142) 0x000000000010d1d0
calls=6 0 
0 14741
0 30
cob=(4)
cfi=(175)
cfn=(726)
calls=6 0 
0 48
0 198
cob=(4)
cfi=(175)
cfn=(2194) 0x00000000048f4bd0
calls=6 0 
0 955
0 156
cfn=(1906) std::basic_streambuf<char, std::char_traits<char> >::xsputn(char const*, long)
calls=6 0 
0 342
0 144
cob=(4)
cfi=(175)
cfn=(1932) 0x00000000048f8260
calls=6 0 
0 90
0 24

fn=(2316)
0 9
cob=(4)
cfi=(175)
cfn=(2322) 0x00000000048f42b0
calls=1 0 
0 3876
0 1
cfn=(2368) 0x00000000000b7a30
calls=1 0 
0 5
0 3

fn=(2324)
0 5

fn=(2330)
0 2

fn=(2342)
0 4
cob=(4)
cfi=(175)
cfn=(2344)
calls=1 0 
0 769

fn=(2368)
0 5

fn=(648) std::ios_base::Init::Init()
0 66
cob=(4)
cfi=(175)
cfn=(650)
calls=1 0 
0 74397
0 16
cob=(4)
cfi=(175)
cfn=(650)
calls=1 0 
0 32
0 14
cob=(4)
cfi=(175)
cfn=(650)
calls=1 0 
0 32
0 7
cob=(4)
cfi=(175)
cfn=(1026) 0x00000000048f5300
calls=1 0 
0 777
0 11
cob=(4)
cfi=(175)
cfn=(1032) 0x00000000048f76e0
calls=1 0 
0 4342
0 4
cob=(4)
cfi=(175)
cfn=(1026)
calls=1 0 
0 94
0 15
cob=(4)
cfi=(175)
cfn=(1032)
calls=1 0 
0 185
0 4
cob=(4)
cfi=(175)
cfn=(1026)
calls=1 0 
0 94
0 11
cob=(4)
cfi=(175)
cfn=(1032)
calls=1 0 
0 185
0 4
cob=(4)
cfi=(175)
cfn=(1026)
calls=1 0 
0 94
0 11
cob=(4)
cfi=(175)
cfn=(1032)
calls=1 0 
0 185
0 23
cob=(4)
cfi=(175)
cfn=(650)
calls=1 0 
0 32
0 16
cob=(4)
cfi=(175)
cfn=(650)
calls=1 0 
0 32
0 14
cob=(4)
cfi=(175)
cfn=(650)
calls=1 0 
0 32
0 7
cob=(4)
cfi=(175)
cfn=(1026)
calls=1 0 
0 94
0 11
cob=(4)
cfi=(175)
cfn=(1062) 0x00000000048f6b50
calls=1 0 
0 2165
0 4
cob=(4)
cfi=(175)
cfn=(1026)
calls=1 0 
0 94
0 15
cob=(4)
cfi=(175)
cfn=(1062)
calls=1 0 
0 185
0 4
cob=(4)
cfi=(175)
cfn=(1026)
calls=1 0 
0 94
0 11
cob=(4)
cfi=(175)
cfn=(1062)
calls=1 0 
0 185
0 4
cob=(4)
cfi=(175)
cfn=(1026)
calls=1 0 
0 94
0 11
cob=(4)
cfi=(175)
cfn=(1062)
calls=1 0 
0 185
0 15

fn=(654) std::locale::locale()
0 4995460
cfn=(656)
calls=499546 0 
0 4070054
0 5994552

fn=(844) std::__cxx11::moneypunct<wchar_t, false>::_M_initialize_moneypunct(__locale_struct*, char const*)
0 109

fn=(1054) std::locale::~locale()
0 5994384

fn=(1226)
0 34

fn=(1270)
0 50

fn=(1502)
0 250908

fn=(1578) std::string::reserve(unsigned long)
0 57684
cob=(4)
cfi=(175)
cfn=(1580) 0x00000000048f66c0
calls=3036 0 
0 362941
0 39468

fn=(1590) std::string::_Rep::_S_create(unsigned long, unsigned long, std::allocator<char> const&)
0 57684
cob=(4)
cfi=(175)
cfn=(1396)
calls=3036 0 
0 197485
0 15180

fn=(1906)
0 7826742
cob=(4)
cfi=(175)
cfn=(1932)
calls=233554 0 
0 4262860
0 3427736
cfn=(1962) std::basic_filebuf<char, std::char_traits<char> >::overflow(int)
calls=2 0 
0 106
cob=(8)
cfi=(211)
cfn=(1908) boost::io::basic_altstringbuf<char, std::char_traits<char>, std::allocator<char> >::overflow(int)
calls=39120 0 
0 4616160
0 195610

fn=(1968) std::uncaught_exception()
0 8756
cob=(4)
cfi=(175)
cfn=(1970) 0x00000000048f6e80
calls=2189 0 
0 54147
0 10945

fn=(700)
0 7
cob=(4)
cfi=(175)
cfn=(704) 0x00000000048f5500
calls=1 0 
0 1852

fn=(838) std::__cxx11::numpunct<wchar_t>::_M_initialize_numpunct(__locale_struct*)
0 353

fn=(850) std::__cxx11::moneypunct<wchar_t, true>::_M_initialize_moneypunct(__locale_struct*, char const*)
0 109

fn=(870)
0 25
cob=(4)
cfi=(175)
cfn=(872) 0x00000000048f5750
calls=1 0 
0 1354
0 8
cob=(4)
cfi=(175)
cfn=(726)
calls=1 0 
0 17
0 7
cob=(4)
cfi=(175)
cfn=(684)
calls=1 0 
0 25
0 7
cob=(4)
cfi=(175)
cfn=(726)
calls=1 0 
0 17
0 13
cob=(4)
cfi=(175)
cfn=(890) 0x00000000048f4a50
calls=1 0 
0 1199
0 7
cob=(4)
cfi=(175)
cfn=(726)
calls=1 0 
0 17
0 13
cob=(4)
cfi=(175)
cfn=(902) 0x00000000048f8050
calls=1 0 
0 1140
0 7
cob=(4)
cfi=(175)
cfn=(726)
calls=1 0 
0 17
0 12
cob=(4)
cfi=(175)
cfn=(726)
calls=1 0 
0 17
0 12
cob=(4)
cfi=(175)
cfn=(726)
calls=1 0 
0 17
0 12
cob=(4)
cfi=(175)
cfn=(726)
calls=1 0 
0 17
0 6
cob=(4)
cfi=(175)
cfn=(926) 0x00000000048f8510
calls=1 0 
0 771
0 7
cob=(4)
cfi=(175)
cfn=(726)
calls=1 0 
0 17
0 16
cob=(4)
cfi=(175)
cfn=(938) 0x00000000048f60a0
calls=1 0 
0 1298
0 7
cob=(4)
cfi=(175)
cfn=(726)
calls=1 0 
0 17
0 7
cob=(4)
cfi=(175)
cfn=(684)
calls=1 0 
0 25
0 7
cob=(4)
cfi=(175)
cfn=(726)
calls=1 0 
0 17
0 13
cob=(4)
cfi=(175)
cfn=(956) 0x00000000048f66f0
calls=1 0 
0 1150
0 7
cob=(4)
cfi=(175)
cfn=(726)
calls=1 0 
0 17
0 13
cob=(4)
cfi=(175)
cfn=(968) 0x00000000048f7280
calls=1 0 
0 1126
0 7
cob=(4)
cfi=(175)
cfn=(726)
calls=1 0 
0 17
0 12
cob=(4)
cfi=(175)
cfn=(726)
calls=1 0 
0 17
0 12
cob=(4)
cfi=(175)
cfn=(726)
calls=1 0 
0 17
0 12
cob=(4)
cfi=(175)
cfn=(726)
calls=1 0 
0 17
0 6
cob=(4)
cfi=(175)
cfn=(992) 0x00000000048f6c70
calls=1 0 
0 771
0 6
cob=(4)
cfi=(175)
cfn=(726)
calls=1 0 
0 17
0 4
cob=(4)
cfi=(175)
cfn=(726)
calls=1 0 
0 8
0 4
cob=(4)
cfi=(175)
cfn=(726)
calls=1 0 
0 8
0 5
cob=(4)
cfi=(175)
cfn=(726)
calls=1 0 
0 8
0 5
cob=(4)
cfi=(175)
cfn=(726)
calls=1 0 
0 8
0 4
cob=(4)
cfi=(175)
cfn=(726)
calls=1 0 
0 8
0 5
cob=(4)
cfi=(175)
cfn=(726)
calls=1 0 
0 8
0 10

fn=(1106)
0 4
cob=(4)
cfi=(175)
cfn=(1108) 0x00000000048f5560
calls=1 0 
0 750
0 4

fn=(1112) std::future_category()
0 3

fn=(1204)
0 10
cob=(4)
cfi=(175)
cfn=(1076)
calls=1 0 
0 78
0 7
cob=(4)
cfi=(175)
cfn=(1076)
calls=1 0 
0 78

fn=(1208)
0 34

fn=(1296)
0 10
cob=(4)
cfi=(175)
cfn=(1076)
calls=1 0 
0 78
0 4
cob=(4)
cfi=(175)
cfn=(1076)
calls=1 0 
0 78
0 7
cob=(4)
cfi=(175)
cfn=(1076)
calls=1 0 
0 78

fn=(1348) std::__basic_file<char>::__basic_file(pthread_mutex_t*)
0 24

fn=(1356) std::__basic_file<char>::sys_open(_IO_FILE*, std::_Ios_Openmode)
0 60
cob=(4)
cfi=(175)
cfn=(1358) 0x00000000048f74f0
calls=6 0 
0 819
0 30
cob=(4)
cfi=(175)
cfn=(1364) 0x00000000048f6e50
calls=6 0 
0 956
0 36
cob=(4)
cfi=(175)
cfn=(1370) 0x00000000048f84b0
calls=6 0 
0 1186
0 72

fn=(1412) std::basic_ios<char, std::char_traits<char> >::clear(std::_Ios_Iostate)
0 2675134

fn=(1452)
0 25
cob=(4)
cfi=(175)
cfn=(1948) 0x00000000048f68a0
calls=1 0 
0 231
0 2
cob=(4)
cfi=(175)
cfn=(1948)
calls=1 0 
0 206
0 2
cob=(4)
cfi=(175)
cfn=(1948)
calls=1 0 
0 73
0 2
cob=(4)
cfi=(175)
cfn=(2352) 0x00000000048f7980
calls=1 0 
0 1873
0 2
cob=(4)
cfi=(175)
cfn=(2352)
calls=1 0 
0 206
0 2
cob=(4)
cfi=(175)
cfn=(2352)
calls=1 0 
0 73
0 2

fn=(1552)
0 115463

fn=(1560)
0 39533

fn=(1584) std::string::_Rep::_M_clone(std::allocator<char> const&, unsigned long)
0 33396
cob=(4)
cfi=(175)
cfn=(1586) 0x00000000048f4610
calls=3036 0 
0 277175
0 45540

fn=(1612) void std::__convert_to_v<double>(char const*, double&, std::_Ios_Iostate&, __locale_struct* const&)
0 45540
cob=(4)
cfi=(175)
cfn=(1614) 0x00000000048f7330
calls=3036 0 
0 2435601
0 63756

fn=(1652) std::string::_Rep::_M_destroy(std::allocator<char> const&)
0 6072
cob=(4)
cfi=(175)
cfn=(1654) 0x00000000048f5430
calls=3036 0 
0 277753

fn=(1686) operator delete(void*, unsigned long)
0 264868446
cob=(4)
cfi=(175)
cfn=(1654)
calls=132434223 0 
0 12369579876

fn=(1728) std::__detail::_Prime_rehash_policy::_M_next_bkt(unsigned long) const
0 3896

fn=(1924) std::ios_base::_M_call_callbacks(std::ios_base::event)
0 3057264

fn=(1930) std::ios_base::_M_dispose_callbacks()
0 3439422

fn=(2340)
0 2

fn=(812) std::ctype<wchar_t>::_M_convert_to_wmask(unsigned short) const
0 88
cob=(4)
cfi=(175)
cfn=(814) 0x00000000048f5580
calls=1 0 
0 505
0 24
cob=(4)
cfi=(175)
cfn=(814)
calls=1 0 
0 395
0 3
cob=(4)
cfi=(175)
cfn=(814)
calls=1 0 
0 560
0 9
cob=(4)
cfi=(175)
cfn=(814)
calls=1 0 
0 205
0 3
cob=(4)
cfi=(175)
cfn=(814)
calls=1 0 
0 150
0 3
cob=(4)
cfi=(175)
cfn=(814)
calls=1 0 
0 890
0 3
cob=(4)
cfi=(175)
cfn=(814)
calls=1 0 
0 260
0 7
cob=(4)
cfi=(175)
cfn=(814)
calls=1 0 
0 340
0 3
cob=(4)
cfi=(175)
cfn=(814)
calls=1 0 
0 195
0 3
cob=(4)
cfi=(175)
cfn=(814)
calls=1 0 
0 615

fn=(1090)
0 10
cob=(4)
cfi=(175)
cfn=(1092) 0x00000000048f60c0
calls=1 0 
0 756
0 7
cob=(4)
cfi=(175)
cfn=(1076)
calls=1 0 
0 78
0 3
cob=(4)
cfi=(175)
cfn=(1092)
calls=1 0 
0 7
0 9
cob=(4)
cfi=(175)
cfn=(1076)
calls=1 0 
0 78

fn=(1334) std::ios_base::sync_with_stdio(bool)
0 33
cob=(4)
cfi=(175)
cfn=(636) 0x00000000048f7040
calls=1 0 
0 28
0 6
cob=(4)
cfi=(175)
cfn=(1050) 0x00000000048f6ea0
calls=1 0 
0 14
0 3
cob=(4)
cfi=(175)
cfn=(1050)
calls=1 0 
0 14
0 3
cob=(4)
cfi=(175)
cfn=(1050)
calls=1 0 
0 14
0 5
cob=(4)
cfi=(175)
cfn=(1050)
calls=1 0 
0 14
0 3
cob=(4)
cfi=(175)
cfn=(1050)
calls=1 0 
0 14
0 3
cob=(4)
cfi=(175)
cfn=(1050)
calls=1 0 
0 14
0 6
cfn=(1336) 0x0000000000128850
calls=1 0 
0 7221
0 7
cfn=(1336)
calls=1 0 
0 483
0 7
cfn=(1336)
calls=1 0 
0 483
0 4
cob=(4)
cfi=(175)
cfn=(1402) 0x00000000048f7a90
calls=1 0 
0 1976
0 4
cob=(4)
cfi=(175)
cfn=(1402)
calls=1 0 
0 24
0 4
cob=(4)
cfi=(175)
cfn=(1402)
calls=1 0 
0 24
0 4
cob=(4)
cfi=(175)
cfn=(1402)
calls=1 0 
0 24
0 7
cfn=(1414) 0x0000000000128a50
calls=1 0 
0 2386
0 7
cfn=(1414)
calls=1 0 
0 643
0 7
cfn=(1414)
calls=1 0 
0 494
0 4
cob=(4)
cfi=(175)
cfn=(1438) 0x00000000048f6ee0
calls=1 0 
0 1952
0 4
cob=(4)
cfi=(175)
cfn=(1438)
calls=1 0 
0 24
0 4
cob=(4)
cfi=(175)
cfn=(1438)
calls=1 0 
0 24
0 4
cob=(4)
cfi=(175)
cfn=(1438)
calls=1 0 
0 24
0 2
cob=(4)
cfi=(175)
cfn=(1450) 0x00000000048f4320
calls=1 0 
0 13
0 1

fn=(1434) std::basic_filebuf<wchar_t, std::char_traits<wchar_t> >::_M_allocate_internal_buffer()
0 48
cob=(4)
cfi=(175)
cfn=(1392) 0x00000000048f42a0
calls=3 0 
0 752
0 15

fn=(1460) std::_Rb_tree_insert_and_rebalance(bool, std::_Rb_tree_node_base*, std::_Rb_tree_node_base*, std::_Rb_tree_node_base&)
0 732

fn=(1480) std::chrono::_V2::steady_clock::now()
0 18
cob=(4)
cfi=(175)
cfn=(1482) 0x00000000048f4c30
calls=2 0 
0 895
0 14

fn=(1508) std::__basic_file<char>::xsgetn(char*, long)
0 39
cob=(4)
cfi=(175)
cfn=(1510) 0x00000000048f50d0
calls=3 0 
0 1613
0 12
cob=(4)
cfi=(175)
cfn=(1522) 0x00000000048f51e0
calls=3 0 
0 814
0 30

fn=(1542)
0 218775
cfn=(1500)
calls=1 0 
0 124
0 3

fn=(1570) std::istream& std::istream::_M_extract<double>(double&)
0 42504
cob=(4)
cfi=(175)
cfn=(1494)
calls=3036 0 
0 197468
0 72864
cfn=(1572) std::num_get<char, std::istreambuf_iterator<char, std::char_traits<char> > >::do_get(std::istreambuf_iterator<char, std::char_traits<char> >, std::istreambuf_iterator<char, std::char_traits<char> >, std::ios_base&, std::_Ios_Iostate&, double&) const
calls=3036 0 
0 5734304
0 42504

fn=(1572)
0 88044
cob=(4)
cfi=(175)
cfn=(1574) 0x00000000048f4c20
calls=3036 0 
0 466839
0 30360
cob=(4)
cfi=(175)
cfn=(1592) 0x00000000048f8380
calls=3036 0 
0 2030178
0 18216
cob=(4)
cfi=(175)
cfn=(684)
calls=3036 0 
0 75900
0 24288
cob=(4)
cfi=(175)
cfn=(1608) 0x00000000048f6660
calls=3036 0 
0 2551956
0 154836
cob=(4)
cfi=(175)
cfn=(1648) 0x00000000048f4a00
calls=3036 0 
0 290651
0 3036

fn=(1918) std::ios_base::~ios_base()
0 2101869
cob=(4)
cfi=(175)
cfn=(1920) 0x00000000048f64d0
calls=191079 0 
0 3440307
0 382158
cob=(4)
cfi=(175)
cfn=(1926) 0x00000000048f4870
calls=191079 0 
0 3822465
0 1528632
cob=(4)
cfi=(175)
cfn=(1050)
calls=191079 0 
0 2675106

fn=(2002) std::ostream::put(char)
0 1605
cob=(4)
cfi=(175)
cfn=(1886)
calls=107 0 
0 11342
0 1819
cob=(4)
cfi=(175)
cfn=(1964)
calls=107 0 
0 3745
0 1819
cfn=(1954)
calls=107 0 
0 17548
0 214

fn=(2224) std::__basic_file<char>::xsputn_2(char const*, long, char const*, long)
0 1083
cob=(4)
cfi=(175)
cfn=(1510)
calls=57 0 
0 798
0 798
cob=(4)
cfi=(175)
cfn=(2226) 0x00000000048f7750
calls=57 0 
0 1340
0 912

fn=(2336)
0 2

fn=(688) std::locale::facet::_S_get_c_locale()
0 24448
cob=(4)
cfi=(175)
cfn=(690) 0x00000000048f5790
calls=3056 0 
0 27424
0 21392

fn=(708) std::locale::facet::_S_create_c_locale(__locale_struct*&, char const*, __locale_struct*)
0 8
cob=(4)
cfi=(175)
cfn=(710) 0x00000000048f6490
calls=1 0 
0 861
0 6

fn=(748) std::__cxx11::moneypunct<char, false>::_M_initialize_moneypunct(__locale_struct*, char const*)
0 114

fn=(1036) std::basic_ios<char, std::char_traits<char> >::init(std::basic_streambuf<char, std::char_traits<char> >*)
0 1528664
cob=(4)
cfi=(175)
cfn=(1038)
calls=191083 0 
0 19301520
0 573249
cob=(4)
cfi=(175)
cfn=(1056) 0x00000000048f7920
calls=191083 0 
0 11083804
0 2484079

fn=(1104)
0 3

fn=(1172)
0 78

fn=(1302)
0 5
cob=(4)
cfi=(175)
cfn=(1076)
calls=1 0 
0 78

fn=(1362) std::__basic_file<char>::is_open() const
0 48

fn=(1528)
0 10
cob=(4)
cfi=(175)
cfn=(1530) 0x00000000048f6250
calls=5 0 
0 3245

fn=(1890) std::ostream::sentry::sentry(std::ostream&)
0 3833084
cob=(4)
cfi=(175)
cfn=(1949) 0x00000000048f68a0'2
calls=1 0 
0 73
cob=(4)
cfi=(175)
cfn=(1948)
calls=2187 0 
0 160337
0 2189396

fn=(1891) std::ostream::sentry::sentry(std::ostream&)'2
0 48136

fn=(1898) std::ostreambuf_iterator<char, std::char_traits<char> > std::num_put<char, std::ostreambuf_iterator<char, std::char_traits<char> > >::_M_insert_int<long>(std::ostreambuf_iterator<char, std::char_traits<char> >, std::ios_base&, char, long) const
0 3630387
cfn=(1536)
calls=191073 0 
0 5732190
0 4102183
cfn=(1900) 0x0000000000146900
calls=8150 0 
0 220050
0 1463384
cfn=(1900)
calls=182923 0 
0 6179601
0 5350044
cfn=(1906)
calls=191073 0 
0 15553801
0 3057168

fn=(1962)
0 49838
cob=(4)
cfi=(175)
cfn=(1982) 0x00000000048f8090
calls=2075 0 
0 201783
0 60243

fn=(1974) __cxa_get_globals
0 10945
cob=(4)
cfi=(175)
cfn=(1976) 0x00000000048f6140
calls=2189 0 
0 31562
0 6567

fn=(2126) std::ostream& std::ostream::_M_insert<double>(double)
0 102
cob=(4)
cfi=(175)
cfn=(1886)
calls=6 0 
0 144
0 126
cfn=(2128)
calls=6 0 
0 19747
0 120

fn=(2140) std::__num_base::_S_format_float(std::ios_base const&, char*, char)
0 138

fn=(2142)
0 168
cob=(4)
cfi=(175)
cfn=(786) 0x00000000048f7000
calls=6 0 
0 144
0 72
cob=(4)
cfi=(175)
cfn=(2148) 0x00000000048f6c90
calls=6 0 
0 14129
0 18
cob=(4)
cfi=(175)
cfn=(786)
calls=6 0 
0 144
0 66

fn=(2332)
0 2

fn=(682) std::ctype<char>::ctype(unsigned short const*, bool, unsigned long)
0 18
cob=(4)
cfi=(175)
cfn=(684)
calls=1 0 
0 3832
0 103

fn=(730) std::locale::id::_M_id() const
0 5074602

fn=(832) std::codecvt<wchar_t, char, __mbstate_t>::codecvt(unsigned long)
0 14
cob=(4)
cfi=(175)
cfn=(684)
calls=1 0 
0 25
0 5

fn=(1084)
0 12

fn=(1116)
0 23
cob=(4)
cfi=(175)
cfn=(1118) 0x00000000048f5cb0
calls=1 0 
0 1416
0 27
cob=(4)
cfi=(175)
cfn=(1136) 0x00000000048f5210
calls=1 0 
0 2719
0 8

fn=(1328) operator new(unsigned long)
0 1456809915
cob=(4)
cfi=(175)
cfn=(1136)
calls=132437265 0 
0 6982878282
0 662186325

fn=(1336)
0 45
cob=(4)
cfi=(175)
cfn=(1338) 0x00000000048f4d40
calls=3 0 
0 1999
0 21
cob=(4)
cfi=(175)
cfn=(1352) 0x00000000048f5c50
calls=3 0 
0 3765
0 6
cob=(4)
cfi=(175)
cfn=(1358)
calls=3 0 
0 18
0 18
cob=(4)
cfi=(175)
cfn=(1386) 0x00000000048f4dc0
calls=3 0 
0 2261
0 54

fn=(1406) std::basic_ios<char, std::char_traits<char> >::rdbuf(std::basic_streambuf<char, std::char_traits<char> >*)
0 36
cob=(4)
cfi=(175)
cfn=(1408) 0x00000000048f7e20
calls=4 0 
0 974
0 16

fn=(1414)
0 45
cob=(4)
cfi=(175)
cfn=(1416) 0x00000000048f6c80
calls=3 0 
0 1165
0 21
cob=(4)
cfi=(175)
cfn=(1352)
calls=3 0 
0 345
0 6
cob=(4)
cfi=(175)
cfn=(1358)
calls=3 0 
0 18
0 18
cob=(4)
cfi=(175)
cfn=(1430) 0x00000000048f8130
calls=3 0 
0 1851
0 54

fn=(1604)
0 18216

fn=(1722) std::__detail::_Prime_rehash_policy::_M_need_rehash(unsigned long, unsigned long, unsigned long) const
0 165102
cob=(4)
cfi=(175)
cfn=(1724) 0x00000000048f5610
calls=36 0 
0 4915
0 288

fn=(1830) std::ctype<char>::_M_widen_init() const
0 741
cob=(4)
cfi=(175)
cfn=(1832) 0x00000000048f7620
calls=1 0 
0 855
0 13

fn=(1878) std::ostream::operator<<(int)
0 2101803
cob=(4)
cfi=(175)
cfn=(1880) 0x00000000048f54c0
calls=191073 0 
0 62296927

fn=(1900)
0 6399651

fn=(1952) std::ostream::flush()
0 37230
cob=(4)
cfi=(175)
cfn=(1886)
calls=110 0 
0 11496
cob=(4)
cfi=(175)
cfn=(1887) 0x00000000048f8360'2
calls=2080 0 
0 49920
0 15330
cfn=(1954)
calls=2190 0 
0 13298
0 37338
cob=(4)
cfi=(175)
cfn=(1964)
calls=108 0 
0 3780
0 756
cfn=(1954)
calls=108 0 
0 648
0 216

fn=(1953) std::ostream::flush()'2
0 1836
cob=(4)
cfi=(175)
cfn=(1887)
calls=108 0 
0 2592
0 756
cfn=(1954)
calls=108 0 
0 648
0 1836

fn=(634)
0 8
cob=(4)
cfi=(175)
cfn=(636)
calls=1 0 
0 84606
0 7
cob=(4)
cfi=(175)
cfn=(1076)
calls=1 0 
0 1024

fn=(2328)
0 2

fn=(2348) std::error_category::~error_category()
0 4

fn=(2362) std::basic_ostream<wchar_t, std::char_traits<wchar_t> >::sentry::sentry(std::basic_ostream<wchar_t, std::char_traits<wchar_t> >&)
0 48
cob=(4)
cfi=(175)
cfn=(2353) 0x00000000048f7980'2
calls=1 0 
0 73
0 27

fn=(2363) std::basic_ostream<wchar_t, std::char_traits<wchar_t> >::sentry::sentry(std::basic_ostream<wchar_t, std::char_traits<wchar_t> >&)'2
0 22

fn=(676) std::locale::facet::_S_get_c_name()
0 21

fn=(724) std::locale::_Impl::_M_install_facet(std::locale::id const*, std::locale::facet const*)
0 480
cob=(4)
cfi=(175)
cfn=(726)
calls=32 0 
0 1263
0 11712

fn=(766) std::__timepunct<char>::_M_initialize_timepunct(__locale_struct*)
0 13
cob=(4)
cfi=(175)
cfn=(684)
calls=1 0 
0 25
0 119

fn=(772) std::__cxx11::messages<char>::messages(unsigned long)
0 14
cob=(4)
cfi=(175)
cfn=(684)
calls=1 0 
0 25
0 2
cob=(4)
cfi=(175)
cfn=(672)
calls=1 0 
0 5
0 5

fn=(784) std::ctype<wchar_t>::_M_initialize_ctype()
0 11
cob=(4)
cfi=(175)
cfn=(786)
calls=1 0 
0 843
0 770
cob=(4)
cfi=(175)
cfn=(792) 0x00000000048f6040
calls=128 0 
0 4363
0 262
cob=(4)
cfi=(175)
cfn=(798) 0x00000000048f7b80
calls=1 0 
0 812
0 510
cob=(4)
cfi=(175)
cfn=(798)
calls=255 0 
0 11618
0 1086
cob=(4)
cfi=(175)
cfn=(808) 0x00000000048f5f00
calls=8 0 
0 3359
0 72
cob=(4)
cfi=(175)
cfn=(808)
calls=4 0 
0 1745
0 23
cob=(4)
cfi=(175)
cfn=(786)
calls=1 0 
0 24
0 2

fn=(856) std::__timepunct<wchar_t>::__timepunct(std::__timepunct_cache<wchar_t>*, unsigned long)
0 16
cob=(4)
cfi=(175)
cfn=(672)
calls=1 0 
0 5
0 4
cob=(4)
cfi=(175)
cfn=(858) 0x00000000048f6300
calls=1 0 
0 1223
0 4

fn=(868) std::__cxx11::messages<wchar_t>::messages(unsigned long)
0 14
cob=(4)
cfi=(175)
cfn=(684)
calls=1 0 
0 25
0 2
cob=(4)
cfi=(175)
cfn=(672)
calls=1 0 
0 5
0 5

fn=(906) std::moneypunct<char, true>::_M_initialize_moneypunct(__locale_struct*, char const*)
0 115

fn=(960) std::moneypunct<wchar_t, false>::_M_initialize_moneypunct(__locale_struct*, char const*)
0 109

fn=(1042) std::ios_base::_M_init()
0 2866305
cob=(4)
cfi=(175)
cfn=(650)
calls=191087 0 
0 6114784
0 573261
cob=(4)
cfi=(175)
cfn=(1044) 0x00000000048f69c0
calls=191087 0 
0 4777874
0 382174
cob=(4)
cfi=(175)
cfn=(1050)
calls=191087 0 
0 2675929
0 1528696

fn=(1096) std::error_category::error_category()
0 10

fn=(1198)
0 48

fn=(1390) std::basic_filebuf<char, std::char_traits<char> >::_M_allocate_internal_buffer()
0 45
cob=(4)
cfi=(175)
cfn=(1392)
calls=3 0 
0 1195
0 9

fn=(1442) std::basic_ios<wchar_t, std::char_traits<wchar_t> >::rdbuf(std::basic_streambuf<wchar_t, std::char_traits<wchar_t> >*)
0 36
cob=(4)
cfi=(175)
cfn=(1444) 0x00000000048f6780
calls=4 0 
0 974
0 16

fn=(1498) std::istream::sentry::sentry(std::istream&, bool)
0 191568
cfn=(1500)
calls=1 0 
0 124
0 5
cfn=(1500)
calls=1 0 
0 3262
0 9

fn=(1602) std::string::push_back(char)
0 218592

fn=(1658) operator delete(void*)
0 264874518
cob=(4)
cfi=(175)
cfn=(1660) 0x00000000048f5c60
calls=132437259 0 
0 11840107982

fn=(1954)
0 28319
cfn=(1962)
calls=2075 0 
0 311758
0 17272

fn=(1992) std::__basic_file<char>::xsputn(char const*, long)
0 22825
cob=(4)
cfi=(175)
cfn=(1510)
calls=2075 0 
0 29050
0 10375
cob=(4)
cfi=(175)
cfn=(1994) 0x00000000048f8040
calls=2075 0 
0 21540
0 22825

fn=(2200) std::_Rb_tree_increment(std::_Rb_tree_node_base*)
0 63

fn=(2364)
0 30

ob=(8)
fl=(211)
fn=(1738) void std::__insertion_sort<__gnu_cxx::__normal_iterator<unsigned long*, std::vector<unsigned long, std::allocator<unsigned long> > >, __gnu_cxx::__ops::_Iter_comp_iter<make_sorted_indices<double>(std::vector<double, std::allocator<double> > const&, bool)::{lambda(unsigned long, unsigned long)#1}> >(__gnu_cxx::__normal_iterator<unsigned long*, std::vector<unsigned long, std::allocator<unsigned long> > >, __gnu_cxx::__normal_iterator<unsigned long*, std::vector<unsigned long, std::allocator<unsigned long> > >, __gnu_cxx::__ops::_Iter_comp_iter<make_sorted_indices<double>(std::vector<double, std::allocator<double> > const&, bool)::{lambda(unsigned long, unsigned long)#1}>)
0 7743
cob=(4)
cfi=(175)
cfn=(1702) 0x000000000010c7c0
calls=37 0 
0 645
0 60229

fn=(1800) std::vector<std::vector<bool, std::allocator<bool> >, std::allocator<std::vector<bool, std::allocator<bool> > > >::~vector()
0 762
cob=(4)
cfi=(175)
cfn=(1684) 0x000000000010c660
calls=117 0 
0 13295
0 411
cob=(4)
cfi=(175)
cfn=(1684)
calls=6 0 
0 570

fn=(1850) boost::io::detail::format_item<char, std::char_traits<char>, std::allocator<char> >::~format_item()
0 586800

fn=(1908)
0 1447440
cob=(4)
cfi=(175)
cfn=(1326) 0x000000000010c650
calls=39120 0 
0 2542800
0 625920

fn=(2026) ColorMixer::calc_gram_inv(std::vector<int, std::allocator<int> > const&)
0 74910000
cob=(4)
cfi=(175)
cfn=(1326)
calls=2497000 0 
0 162698053
0 19976000
cob=(4)
cfi=(175)
cfn=(1680) 0x000000000010c560
calls=2497000 0 
0 34672000
0 17479000
cfn=(2028) std::vector<std::vector<double, std::allocator<double> >, std::allocator<std::vector<double, std::allocator<double> > > >::_M_fill_assign(unsigned long, std::vector<double, std::allocator<double> > const&)
calls=2497000 0 
0 825713956
0 7491000
cob=(4)
cfi=(175)
cfn=(1684)
calls=2497000 0 
0 237237680
0 915695000
cob=(4)
cfi=(175)
cfn=(1326)
calls=2497000 0 
0 162305000
0 19976000
cob=(4)
cfi=(175)
cfn=(1680)
calls=2497000 0 
0 46970000
0 22473000
cob=(4)
cfi=(175)
cfn=(1326)
calls=2497000 0 
0 162306398
0 37455000
cob=(4)
cfi=(175)
cfn=(1326)
calls=2497000 0 
0 162305000
0 48895000
cob=(4)
cfi=(175)
cfn=(1326)
calls=9779000 0 
0 635635491
0 110484000
cob=(4)
cfi=(175)
cfn=(1808) 0x000000000010c610
calls=12276000 0 
0 266904000
0 56595000
cfn=(1768) std::_Vector_base<double, std::allocator<double> >::~_Vector_base()
calls=2497000 0 
0 257191000
0 1072247000
cfn=(2028)
calls=2497000 0 
0 826166092
0 4994000
cfn=(1768)
calls=2497000 0 
0 257220996
0 586190000
cob=(4)
cfi=(175)
cfn=(1684)
calls=12276000 0 
0 1166220021
0 49313000
cob=(4)
cfi=(175)
cfn=(1684)
calls=2497000 0 
0 237235979
0 4994000
cob=(4)
cfi=(175)
cfn=(1326)
calls=2497000 0 
0 164892764
0 32461000
cfn=(2028)
calls=2497000 0 
0 812972114
0 7491000
cob=(4)
cfi=(175)
cfn=(1684)
calls=2497000 0 
0 237382394
0 7631914000
cob=(4)
cfi=(175)
cfn=(1326)
calls=2497000 0 
0 162478917
0 17479000
cob=(4)
cfi=(175)
cfn=(1680)
calls=2497000 0 
0 34672000
0 26752000

fn=(2082) void std::__insertion_sort<__gnu_cxx::__normal_iterator<ColorMixer::Result*, std::vector<ColorMixer::Result, std::allocator<ColorMixer::Result> > >, __gnu_cxx::__ops::_Iter_comp_iter<ColorMixer::solve_nnls(std::array<double, 3ul> const&, int, int)::{lambda(ColorMixer::Result const&, ColorMixer::Result const&)#1}> >(__gnu_cxx::__normal_iterator<ColorMixer::Result*, std::vector<ColorMixer::Result, std::allocator<ColorMixer::Result> > >, __gnu_cxx::__normal_iterator<ColorMixer::Result*, std::vector<ColorMixer::Result, std::allocator<ColorMixer::Result> > >, __gnu_cxx::__ops::_Iter_comp_iter<ColorMixer::solve_nnls(std::array<double, 3ul> const&, int, int)::{lambda(ColorMixer::Result const&, ColorMixer::Result const&)#1}>)
0 7546474

fn=(2088) void cartesian_product<int, DicisionActionPerResult::eval_one_result(ColorMixer::Result&, int)::{lambda(std::vector<int, std::allocator<int> >&)#2}>(std::vector<std::vector<int, std::allocator<int> >, std::allocator<std::vector<int, std::allocator<int> > > > const&, DicisionActionPerResult::eval_one_result(ColorMixer::Result&, int)::{lambda(std::vector<int, std::allocator<int> >&)#2})
0 12000000
cob=(4)
cfi=(175)
cfn=(1326)
calls=400000 0 
0 25760000
0 3200000
cob=(4)
cfi=(175)
cfn=(1680)
calls=400000 0 
0 5520000
0 2000000
cob=(4)
cfi=(175)
cfn=(1326)
calls=400000 0 
0 25760000
0 5600000
cob=(4)
cfi=(175)
cfn=(1680)
calls=400000 0 
0 5840000
0 1350160000
cob=(4)
cfi=(175)
cfn=(1684)
calls=400000 0 
0 38000000
0 6400000
cob=(4)
cfi=(175)
cfn=(1684)
calls=400000 0 
0 41360000
0 35815375
cfn=(2090) DicisionActionPerResult::eval_one_result(ColorMixer::Result&, int)::{lambda(std::vector<int, std::allocator<int> >&)#1}::operator()(std::vector<int, std::allocator<int> >&) const
calls=7163075 0 
0 14847397225
0 31426764
cfn=(2094) std::vector<int, std::allocator<int> >::operator=(std::vector<int, std::allocator<int> > const&) [clone .isra.0]
calls=693616 0 
0 63235944
0 693616

fn=(2090)
0 3390338767
cfn=(2092) mix(std::vector<double, std::allocator<double> >&, std::vector<std::array<double, 3ul>, std::allocator<std::array<double, 3ul> > >&)
calls=7163075 0 
0 510391866
0 207642963
cob=(4)
cfi=(175)
cfn=(1684)
calls=7163075 0 
0 680492125
0 14326150
cfn=(1768)
calls=7163075 0 
0 737796725
0 165668056
cob=(4)
cfi=(175)
cfn=(1702)
calls=19927789 0 
0 279153929
0 119566734
cob=(4)
cfi=(175)
cfn=(1684)
calls=19927789 0 
0 1899859955
0 139494523
cob=(4)
cfi=(175)
cfn=(1702)
calls=19927789 0 
0 329491191
0 159422312
cob=(4)
cfi=(175)
cfn=(1684)
calls=19927789 0 
0 1896499955
0 124466572
cob=(4)
cfi=(175)
cfn=(1326)
calls=7163075 0 
0 444110650
0 39855578
cob=(4)
cfi=(175)
cfn=(1326)
calls=19927789 0 
0 1333546285
0 207085070
cob=(4)
cfi=(175)
cfn=(1326)
calls=7163075 0 
0 465599875
0 39855578
cob=(4)
cfi=(175)
cfn=(1326)
calls=19927789 0 
0 1295307653
0 367424713

fn=(2116) State::apply_add(Action const&) [clone .isra.0]
0 69207

fn=(2218) boost::basic_format<char, std::char_traits<char>, std::allocator<char> >::str[abi:cxx11]() const
0 12857057
cob=(4)
cfi=(175)
cfn=(1808)
calls=86077 0 
0 1721540
0 3593540
cfn=(1856) std::__cxx11::basic_string<char, std::char_traits<char>, std::allocator<char> >::_M_dispose()
calls=39013 0 
0 234078
0 1390762

fn=(2248)
0 11
cfn=(2232) std::_Rb_tree<int, std::pair<int const, int>, std::_Select1st<std::pair<int const, int> >, std::less<int>, std::allocator<std::pair<int const, int> > >::_M_erase(std::_Rb_tree_node<std::pair<int const, int> >*) [clone .isra.0]
calls=3 0 
0 688
0 12
cob=(4)
cfi=(175)
cfn=(1684)
calls=3 0 
0 348
0 8

fn=(2256)
0 8
cfn=(1330) std::_Function_handler<unsigned long (unsigned long, std::function<unsigned long ()> const&), cpp_dump::_detail::_default_skip_size_func::{lambda(unsigned long, std::function<unsigned long ()> const&)#1}>::_M_manager(std::_Any_data&, std::_Any_data const&, std::_Manager_operation)
calls=1 0 
0 7
0 2

fn=(1714) reduce_fraction(std::pair<int, int>)
0 24083451

fn=(1734) void std::__introsort_loop<__gnu_cxx::__normal_iterator<unsigned long*, std::vector<unsigned long, std::allocator<unsigned long> > >, long, __gnu_cxx::__ops::_Iter_comp_iter<make_sorted_indices<double>(std::vector<double, std::allocator<double> > const&, bool)::{lambda(unsigned long, unsigned long)#1}> >(__gnu_cxx::__normal_iterator<unsigned long*, std::vector<unsigned long, std::allocator<unsigned long> > >, __gnu_cxx::__normal_iterator<unsigned long*, std::vector<unsigned long, std::allocator<unsigned long> > >, long, __gnu_cxx::__ops::_Iter_comp_iter<make_sorted_indices<double>(std::vector<double, std::allocator<double> > const&, bool)::{lambda(unsigned long, unsigned long)#1}>)
0 8261
cfn=(1736) make_sorted_indices<double>(std::vector<double, std::allocator<double> > const&, bool)::{lambda(unsigned long, unsigned long)#1}::operator()(unsigned long, unsigned long) const [clone .isra.0]
calls=284 0 
0 2272
0 1057
cfn=(1736)
calls=163 0 
0 1304
0 2944961
cfn=(1736)
calls=1 0 
0 8
0 67403
cfn=(1735) void std::__introsort_loop<__gnu_cxx::__normal_iterator<unsigned long*, std::vector<unsigned long, std::allocator<unsigned long> > >, long, __gnu_cxx::__ops::_Iter_comp_iter<make_sorted_indices<double>(std::vector<double, std::allocator<double> > const&, bool)::{lambda(unsigned long, unsigned long)#1}> >(__gnu_cxx::__normal_iterator<unsigned long*, std::vector<unsigned long, std::allocator<unsigned long> > >, __gnu_cxx::__normal_iterator<unsigned long*, std::vector<unsigned long, std::allocator<unsigned long> > >, long, __gnu_cxx::__ops::_Iter_comp_iter<make_sorted_indices<double>(std::vector<double, std::allocator<double> > const&, bool)::{lambda(unsigned long, unsigned long)#1}>)'2
calls=285 0 
0 30312307
0 4317

fn=(1735)
0 988113
cfn=(1736)
calls=17111 0 
0 136888
0 59629
cfn=(1736)
calls=8469 0 
0 67752
0 20498528
cfn=(1736)
calls=9715 0 
0 77720
0 32531
cfn=(1736)
calls=4367 0 
0 34936
0 2262378
cfn=(1735)
calls=26826 0 
0 208570022
0 386568
cfn=(1770) void std::__adjust_heap<__gnu_cxx::__normal_iterator<unsigned long*, std::vector<unsigned long, std::allocator<unsigned long> > >, long, unsigned long, __gnu_cxx::__ops::_Iter_comp_iter<make_sorted_indices<double>(std::vector<double, std::allocator<double> > const&, bool)::{lambda(unsigned long, unsigned long)#1}> >(__gnu_cxx::__normal_iterator<unsigned long*, std::vector<unsigned long, std::allocator<unsigned long> > >, long, long, unsigned long, __gnu_cxx::__ops::_Iter_comp_iter<make_sorted_indices<double>(std::vector<double, std::allocator<double> > const&, bool)::{lambda(unsigned long, unsigned long)#1}>)
calls=10268 0 
0 1084964
0 1414
cfn=(1770)
calls=202 0 
0 14971
0 24172
cfn=(1770)
calls=202 0 
0 30416
0 268177
cfn=(1770)
calls=20629 0 
0 4084600
0 258550

fn=(1790) ManageGroupInfo::struct_init_wall(Input&)
0 33
cfn=(1792) std::vector<std::vector<bool, std::allocator<bool> >, std::allocator<std::vector<bool, std::allocator<bool> > > >::vector(unsigned long, std::vector<bool, std::allocator<bool> > const&, std::allocator<std::vector<bool, std::allocator<bool> > > const&)
calls=1 0 
0 499120
0 2
cfn=(1796) std::_Bvector_base<std::allocator<bool> >::_M_deallocate()
calls=1 0 
0 111
0 16
cfn=(1792)
calls=1 0 
0 9606
0 2
cfn=(1796)
calls=1 0 
0 130
0 14215
cfn=(1798) std::vector<std::vector<bool, std::allocator<bool> >, std::allocator<std::vector<bool, std::allocator<bool> > > >::operator=(std::vector<std::vector<bool, std::allocator<bool> >, std::allocator<std::vector<bool, std::allocator<bool> > > > const&) [clone .isra.0]
calls=1 0 
0 9357
0 3
cfn=(1798)
calls=1 0 
0 9426
0 2
cfn=(1800)
calls=1 0 
0 2487
0 2
cfn=(1800)
calls=1 0 
0 2490
0 17
cob=(4)
cfi=(175)
cfn=(1326)
calls=1 0 
0 62
0 24
cob=(4)
cfi=(175)
cfn=(1680)
calls=1 0 
0 15
0 8
cob=(4)
cfi=(175)
cfn=(1326)
calls=1 0 
0 62
0 25
cob=(4)
cfi=(175)
cfn=(1680)
calls=1 0 
0 15
0 4

fn=(1794) std::vector<bool, std::allocator<bool> >::_M_copy_aligned(std::_Bit_const_iterator, std::_Bit_const_iterator, std::_Bit_iterator) [clone .isra.0]
0 63045

fn=(1804) std::vector<std::array<double, 3ul>, std::allocator<std::array<double, 3ul> > >::operator=(std::vector<std::array<double, 3ul>, std::allocator<std::array<double, 3ul> > > const&) [clone .isra.0]
0 46
cob=(4)
cfi=(175)
cfn=(1326)
calls=2 0 
0 3959
0 14
cob=(4)
cfi=(175)
cfn=(1702)
calls=2 0 
0 24073
0 26

fn=(1826) std::ctype<char>::widen(char) const [clone .part.0]
0 6
cob=(4)
cfi=(175)
cfn=(1828) 0x000000000010c6c0
calls=1 0 
0 1611
0 10

fn=(1848) boost::io::detail::format_item<char, std::char_traits<char>, std::allocator<char> >* std::__do_uninit_fill_n<boost::io::detail::format_item<char, std::char_traits<char>, std::allocator<char> >*, unsigned long, boost::io::detail::format_item<char, std::char_traits<char>, std::allocator<char> > >(boost::io::detail::format_item<char, std::char_traits<char>, std::allocator<char> >*, unsigned long, boost::io::detail::format_item<char, std::char_traits<char>, std::allocator<char> > const&)
0 9385476

fn=(1868) boost::io::detail::stream_format_state<char, std::char_traits<char> >::apply_on(std::basic_ios<char, std::char_traits<char> >&, std::locale*) const
0 5732370
cob=(4)
cfi=(175)
cfn=(1870) 0x000000000010c7e0
calls=191079 0 
0 1719711
0 2292948
cob=(4)
cfi=(175)
cfn=(1870)
calls=191079 0 
0 1719711
0 2101869

fn=(2030) void std::vector<ColorMixer::Result, std::allocator<ColorMixer::Result> >::_M_realloc_insert<ColorMixer::Result const&>(__gnu_cxx::__normal_iterator<ColorMixer::Result*, std::vector<ColorMixer::Result, std::allocator<ColorMixer::Result> > >, ColorMixer::Result const&)
0 3320000
cob=(4)
cfi=(175)
cfn=(1326)
calls=65000 0 
0 4186000
0 975000
cob=(4)
cfi=(175)
cfn=(1702)
calls=65000 0 
0 897000
0 1105000
cob=(4)
cfi=(175)
cfn=(1326)
calls=65000 0 
0 4651668
0 975000
cob=(4)
cfi=(175)
cfn=(1702)
calls=65000 0 
0 884000
0 6885000
cob=(4)
cfi=(175)
cfn=(1684)
calls=55000 0 
0 5719826
0 1160000
cob=(4)
cfi=(175)
cfn=(1326)
calls=65000 0 
0 21925368
0 690000

fn=(2048) void Eigen::internal::gemv_dense_selector<2, 1, true>::run<Eigen::Transpose<Eigen::Matrix<double, -1, -1, 0, -1, -1> const>, Eigen::Matrix<double, -1, 1, 0, -1, 1>, Eigen::Matrix<double, -1, 1, 0, -1, 1> >(Eigen::Transpose<Eigen::Matrix<double, -1, -1, 0, -1, -1> const> const&, Eigen::Matrix<double, -1, 1, 0, -1, 1> const&, Eigen::Matrix<double, -1, 1, 0, -1, 1>&, Eigen::Matrix<double, -1, 1, 0, -1, 1>::Scalar const&) [clone .isra.0]
0 77909370
cfn=(2050) Eigen::internal::general_matrix_vector_product<long, double, Eigen::internal::const_blas_data_mapper<double, long, 1>, 1, false, double, Eigen::internal::const_blas_data_mapper<double, long, 0>, false, 0>::run(long, long, Eigen::internal::const_blas_data_mapper<double, long, 1> const&, Eigen::internal::const_blas_data_mapper<double, long, 0> const&, double*, long, double)
calls=2225982 0 
0 422452162
0 26711784

fn=(2076) Eigen::Matrix<double, -1, 1, 0, -1, 1>::Matrix<int>(int const&)
0 5261412
cob=(4)
cfi=(175)
cfn=(2040) 0x000000000010c730
calls=404724 0 
0 26171929
0 4856688

fn=(2080) std::enable_if<std::__and_<std::__not_<std::__is_tuple_like<ColorMixer::Result> >, std::is_move_constructible<ColorMixer::Result>, std::is_move_assignable<ColorMixer::Result> >::value, void>::type std::swap<ColorMixer::Result>(ColorMixer::Result&, ColorMixer::Result&)
0 296647

fn=(2118) discard_mix_well(State&, Input&)
0 31538
cfn=(2102) State::apply(Action const&)
calls=958 0 
0 58438
0 21412

fn=(2120) void boost::io::detail::call_put_head<char, std::char_traits<char>, double>(std::basic_ostream<char, std::char_traits<char> >&, void const*)
0 10

fn=(2122) void boost::io::detail::call_put_last<char, std::char_traits<char>, double>(std::basic_ostream<char, std::char_traits<char> >&, void const*)
0 15
cob=(4)
cfi=(175)
cfn=(2124) 0x000000000010c7a0
calls=5 0 
0 16664

fn=(2236) std::_Hashtable<std::tuple<int, int, int>, std::pair<std::tuple<int, int, int> const, std::vector<double, std::allocator<double> > >, std::allocator<std::pair<std::tuple<int, int, int> const, std::vector<double, std::allocator<double> > > >, std::__detail::_Select1st, std::equal_to<std::tuple<int, int, int> >, std::hash<std::tuple<int, int, int> >, std::__detail::_Mod_range_hashing, std::__detail::_Default_ranged_hash, std::__detail::_Prime_rehash_policy, std::__detail::_Hashtable_traits<false, false, true> >::clear()
0 921
cob=(4)
cfi=(175)
cfn=(1684)
calls=114 0 
0 30931
0 342
cob=(4)
cfi=(175)
cfn=(1684)
calls=114 0 
0 13216
0 233
cob=(4)
cfi=(175)
cfn=(1680)
calls=1 0 
0 80
0 6

fn=(2238) std::_Hashtable<std::tuple<int, int, int>, std::pair<std::tuple<int, int, int> const, std::vector<std::vector<std::pair<int, int>, std::allocator<std::pair<int, int> > >, std::allocator<std::vector<std::pair<int, int>, std::allocator<std::pair<int, int> > > > > >, std::allocator<std::pair<std::tuple<int, int, int> const, std::vector<std::vector<std::pair<int, int>, std::allocator<std::pair<int, int> > >, std::allocator<std::vector<std::pair<int, int>, std::allocator<std::pair<int, int> > > > > > >, std::__detail::_Select1st, std::equal_to<std::tuple<int, int, int> >, std::hash<std::tuple<int, int, int> >, std::__detail::_Mod_range_hashing, std::__detail::_Default_ranged_hash, std::__detail::_Prime_rehash_policy, std::__detail::_Hashtable_traits<false, false, true> >::clear()
0 1325717
cob=(4)
cfi=(175)
cfn=(1684)
calls=220818 0 
0 25614750
0 663252
cob=(4)
cfi=(175)
cfn=(1684)
calls=114 0 
0 17352289
0 342
cob=(4)
cfi=(175)
cfn=(1684)
calls=114 0 
0 13148
0 233
cob=(4)
cfi=(175)
cfn=(1680)
calls=1 0 
0 80
0 8

fn=(1718) std::pair<std::__detail::_Node_iterator<std::pair<int, int>, true, false>, bool> std::_Hashtable<std::pair<int, int>, std::pair<int, int>, std::allocator<std::pair<int, int> >, std::__detail::_Identity, std::equal_to<std::pair<int, int> >, std::hash<std::pair<int, int> >, std::__detail::_Mod_range_hashing, std::__detail::_Default_ranged_hash, std::__detail::_Prime_rehash_policy, std::__detail::_Hashtable_traits<false, true, true> >::_M_insert_unique<std::pair<int, int> const&, std::pair<int, int> const&, std::__detail::_AllocNode<std::allocator<std::__detail::_Hash_node<std::pair<int, int>, false> > > >(std::pair<int, int> const&, std::pair<int, int> const&, std::__detail::_AllocNode<std::allocator<std::__detail::_Hash_node<std::pair<int, int>, false> > > const&) [clone .isra.0]
0 558679
cob=(4)
cfi=(175)
cfn=(1326)
calls=10017 0 
0 783165
0 110187
cob=(4)
cfi=(175)
cfn=(1720) 0x000000000010c710
calls=10017 0 
0 185539
0 260716
cfn=(1730) std::_Hashtable<std::pair<int, int>, std::pair<int, int>, std::allocator<std::pair<int, int> >, std::__detail::_Identity, std::equal_to<std::pair<int, int> >, std::hash<std::pair<int, int> >, std::__detail::_Mod_range_hashing, std::__detail::_Default_ranged_hash, std::__detail::_Prime_rehash_policy, std::__detail::_Hashtable_traits<false, true, true> >::_M_rehash(unsigned long, unsigned long const&)
calls=28 0 
0 544224
0 108986

fn=(1732) std::vector<unsigned long, std::allocator<unsigned long> > make_sorted_indices<double>(std::vector<double, std::allocator<double> > const&, bool)
0 3078
cob=(4)
cfi=(175)
cfn=(1326)
calls=114 0 
0 32007
0 2280
cob=(4)
cfi=(175)
cfn=(1680)
calls=114 0 
0 1742753
0 665702
cfn=(1734)
calls=114 0 
0 33341890
0 912
cfn=(1738)
calls=114 0 
0 68617
0 6143693

fn=(1750) std::__detail::_Map_base<std::tuple<int, int, int>, std::pair<std::tuple<int, int, int> const, std::vector<double, std::allocator<double> > >, std::allocator<std::pair<std::tuple<int, int, int> const, std::vector<double, std::allocator<double> > > >, std::__detail::_Select1st, std::equal_to<std::tuple<int, int, int> >, std::hash<std::tuple<int, int, int> >, std::__detail::_Mod_range_hashing, std::__detail::_Default_ranged_hash, std::__detail::_Prime_rehash_policy, std::__detail::_Hashtable_traits<false, false, true>, true>::operator[](std::tuple<int, int, int> const&)
0 4674
cfn=(1752) std::_Hashtable<std::tuple<int, int, int>, std::pair<std::tuple<int, int, int> const, std::vector<double, std::allocator<double> > >, std::allocator<std::pair<std::tuple<int, int, int> const, std::vector<double, std::allocator<double> > > >, std::__detail::_Select1st, std::equal_to<std::tuple<int, int, int> >, std::hash<std::tuple<int, int, int> >, std::__detail::_Mod_range_hashing, std::__detail::_Default_ranged_hash, std::__detail::_Prime_rehash_policy, std::__detail::_Hashtable_traits<false, false, true> >::_M_find_before_node(unsigned long, std::tuple<int, int, int> const&, unsigned long) const [clone .isra.0]
calls=114 0 
0 3559
0 1710
cob=(4)
cfi=(175)
cfn=(1326)
calls=114 0 
0 24243
0 1938
cob=(4)
cfi=(175)
cfn=(1720)
calls=114 0 
0 2628
0 1356
cfn=(1754) std::_Hashtable<std::tuple<int, int, int>, std::pair<std::tuple<int, int, int> const, std::vector<double, std::allocator<double> > >, std::allocator<std::pair<std::tuple<int, int, int> const, std::vector<double, std::allocator<double> > > >, std::__detail::_Select1st, std::equal_to<std::tuple<int, int, int> >, std::hash<std::tuple<int, int, int> >, std::__detail::_Mod_range_hashing, std::__detail::_Default_ranged_hash, std::__detail::_Prime_rehash_policy, std::__detail::_Hashtable_traits<false, false, true> >::_M_rehash(unsigned long, unsigned long const&)
calls=4 0 
0 5077
0 497
cfn=(1758) unsigned long HashTupleCore<3>::operator()<std::tuple<int, int, int> >(std::tuple<int, int, int> const&) const [clone .isra.0]
calls=57 0 
0 1254
0 345

fn=(1798)
0 210
cob=(4)
cfi=(175)
cfn=(1326)
calls=6 0 
0 1190
0 732
cfn=(1794)
calls=117 0 
0 37827
0 2925
cob=(4)
cfi=(175)
cfn=(1326)
calls=117 0 
0 10803
0 2763

fn=(1802) State::State(Wall const&, Input const&)
0 49
cfn=(1804)
calls=1 0 
0 163
0 10
cfn=(1804)
calls=1 0 
0 27955
0 9
cfn=(1798)
calls=1 0 
0 9144
0 7
cfn=(1798)
calls=1 0 
0 9291
0 5
cfn=(1798)
calls=1 0 
0 9806
0 5
cfn=(1798)
calls=1 0 
0 9426
0 4
cfn=(1806) get_ids(Wall&)
calls=1 0 
0 69585
0 6
cfn=(1812) std::vector<std::vector<int, std::allocator<int> >, std::allocator<std::vector<int, std::allocator<int> > > >::operator=(std::vector<std::vector<int, std::allocator<int> >, std::allocator<std::vector<int, std::allocator<int> > > > const&) [clone .isra.0]
calls=1 0 
0 2946
0 466
cob=(4)
cfi=(175)
cfn=(1684)
calls=20 0 
0 2192
0 66
cob=(4)
cfi=(175)
cfn=(1684)
calls=1 0 
0 95
0 2
cfn=(1688) std::_Vector_base<int, std::allocator<int> >::~_Vector_base()
calls=1 0 
0 103
0 35
cob=(4)
cfi=(175)
cfn=(1702)
calls=4 0 
0 137
0 28
cob=(4)
cfi=(175)
cfn=(1684)
calls=4 0 
0 380
0 19
cob=(4)
cfi=(175)
cfn=(1326)
calls=1 0 
0 65
0 12
cob=(4)
cfi=(175)
cfn=(1326)
calls=4 0 
0 533
0 53

fn=(1910) void boost::io::detail::mk_str<char, std::char_traits<char>, std::allocator<char> >(std::__cxx11::basic_string<char, std::char_traits<char>, std::allocator<char> >&, char const*, std::__cxx11::basic_string<char, std::char_traits<char>, std::allocator<char> >::size_type, long, char, std::_Ios_Fmtflags, char, bool)
0 9623040
cob=(4)
cfi=(175)
cfn=(1808)
calls=86471 0 
0 1728238
0 98636
cob=(4)
cfi=(175)
cfn=(1808)
calls=519 0 
0 10308
0 391578
cob=(4)
cfi=(175)
cfn=(1680)
calls=237 0 
0 4716
0 2900677

fn=(2068) Eigen::DenseStorage<double, -1, -1, 1, 0>::~DenseStorage()
0 8711844
cob=(4)
cfi=(175)
cfn=(2064) 0x000000000010c6e0
calls=1451974 0 
0 133027341

fn=(2078) void std::__introsort_loop<__gnu_cxx::__normal_iterator<ColorMixer::Result*, std::vector<ColorMixer::Result, std::allocator<ColorMixer::Result> > >, long, __gnu_cxx::__ops::_Iter_comp_iter<ColorMixer::solve_nnls(std::array<double, 3ul> const&, int, int)::{lambda(ColorMixer::Result const&, ColorMixer::Result const&)#1}> >(__gnu_cxx::__normal_iterator<ColorMixer::Result*, std::vector<ColorMixer::Result, std::allocator<ColorMixer::Result> > >, __gnu_cxx::__normal_iterator<ColorMixer::Result*, std::vector<ColorMixer::Result, std::allocator<ColorMixer::Result> > >, long, __gnu_cxx::__ops::_Iter_comp_iter<ColorMixer::solve_nnls(std::array<double, 3ul> const&, int, int)::{lambda(ColorMixer::Result const&, ColorMixer::Result const&)#1}>)
0 270239
cfn=(2080)
calls=899 0 
0 17081
0 2763549
cfn=(2079) void std::__introsort_loop<__gnu_cxx::__normal_iterator<ColorMixer::Result*, std::vector<ColorMixer::Result, std::allocator<ColorMixer::Result> > >, long, __gnu_cxx::__ops::_Iter_comp_iter<ColorMixer::solve_nnls(std::array<double, 3ul> const&, int, int)::{lambda(ColorMixer::Result const&, ColorMixer::Result const&)#1}> >(__gnu_cxx::__normal_iterator<ColorMixer::Result*, std::vector<ColorMixer::Result, std::allocator<ColorMixer::Result> > >, __gnu_cxx::__normal_iterator<ColorMixer::Result*, std::vector<ColorMixer::Result, std::allocator<ColorMixer::Result> > >, long, __gnu_cxx::__ops::_Iter_comp_iter<ColorMixer::solve_nnls(std::array<double, 3ul> const&, int, int)::{lambda(ColorMixer::Result const&, ColorMixer::Result const&)#1}>)'2
calls=2390 0 
0 476362
0 32075
cfn=(2079)
calls=6415 0 
0 1514052
0 69588
cfn=(2080)
calls=1450 0 
0 27550
0 12234
cfn=(2080)
calls=6117 0 
0 116223
0 88718
cfn=(2080)
calls=339 0 
0 6441
0 1017

fn=(2079)
0 439001
cfn=(2080)
calls=264 0 
0 5016
0 1122787
cfn=(2079)
calls=2715 0 
0 110577
0 20465
cfn=(2079)
calls=4093 0 
0 303037
0 43433
cfn=(2080)
calls=961 0 
0 18259
0 7948
cfn=(2080)
calls=3974 0 
0 75506
0 222601
cfn=(2080)
calls=1609 0 
0 30571
0 4827

fn=(2098) construct_from_immediateinfo(std::vector<ImmediateInfo, std::allocator<ImmediateInfo> >&, ManageGroupInfo&)
0 1842372
cob=(4)
cfi=(175)
cfn=(1702)
calls=1481 0 
0 45345
0 13329
cob=(4)
cfi=(175)
cfn=(1684)
calls=1481 0 
0 140695
0 4523
cob=(4)
cfi=(175)
cfn=(1326)
calls=8 0 
0 520
0 2962
cob=(4)
cfi=(175)
cfn=(1326)
calls=1481 0 
0 7853157
0 17441
cob=(4)
cfi=(175)
cfn=(1702)
calls=2297 0 
0 34929
0 20673
cob=(4)
cfi=(175)
cfn=(1684)
calls=2297 0 
0 218215
0 16721
cob=(4)
cfi=(175)
cfn=(1326)
calls=983 0 
0 63895
0 4594
cob=(4)
cfi=(175)
cfn=(1326)
calls=2297 0 
0 149305
0 178651
cob=(4)
cfi=(175)
cfn=(1702)
calls=746 0 
0 39375
0 6714
cob=(4)
cfi=(175)
cfn=(1684)
calls=746 0 
0 70870
0 14648
cob=(4)
cfi=(175)
cfn=(1702)
calls=2482 0 
0 74038
0 17374
cob=(4)
cfi=(175)
cfn=(1684)
calls=2482 0 
0 235790
0 14884
cob=(4)
cfi=(175)
cfn=(1326)
calls=992 0 
0 64480
0 1492
cob=(4)
cfi=(175)
cfn=(1326)
calls=746 0 
0 4346586
0 11916
cob=(4)
cfi=(175)
cfn=(1326)
calls=2482 0 
0 9805030
0 14698
cob=(4)
cfi=(175)
cfn=(1326)
calls=3626 0 
0 235690
0 27639
cob=(4)
cfi=(175)
cfn=(1702)
calls=2627 0 
0 42058
0 23643
cob=(4)
cfi=(175)
cfn=(1684)
calls=2627 0 
0 249565
0 36273
cob=(4)
cfi=(175)
cfn=(1326)
calls=483 0 
0 659523
0 1459
cob=(4)
cfi=(175)
cfn=(1326)
calls=1 0 
0 65
0 14
cob=(4)
cfi=(175)
cfn=(1326)
calls=1 0 
0 65
0 1936
cob=(4)
cfi=(175)
cfn=(1702)
calls=483 0 
0 11511
0 3381
cob=(4)
cfi=(175)
cfn=(1684)
calls=483 0 
0 45885
0 68813

fn=(2114) mix(double, std::array<double, 3ul>, double, std::array<double, 3ul>)
0 324377

fn=(2232)
0 122
cob=(4)
cfi=(175)
cfn=(1684)
calls=1 0 
0 116
0 22
cob=(4)
cfi=(175)
cfn=(1684)
calls=5 0 
0 578
0 46
cob=(4)
cfi=(175)
cfn=(1684)
calls=9 0 
0 1044
0 68

fn=(2252)
0 138
cob=(4)
cfi=(175)
cfn=(1684)
calls=18 0 
0 2088
0 84
cob=(4)
cfi=(175)
cfn=(1684)
calls=3 0 
0 285

fn=(2258)
0 36
cob=(4)
cfi=(175)
cfn=(1684)
calls=1 0 
0 116
0 26
cfn=(1856)
calls=1 0 
0 6
0 6
cfn=(1856)
calls=1 0 
0 6
0 8

fn=(1314)
0 12

fn=(1456) std::_Rb_tree<int, std::pair<int const, int>, std::_Select1st<std::pair<int const, int> >, std::less<int>, std::allocator<std::pair<int const, int> > >::_M_get_insert_unique_pos(int const&) [clone .isra.0]
0 57

fn=(1566) std::vector<std::array<double, 3ul>, std::allocator<std::array<double, 3ul> > >::_M_default_append(unsigned long)
0 7198
cob=(4)
cfi=(175)
cfn=(1326)
calls=2 0 
0 404
0 20

fn=(1688)
0 34572844
cob=(4)
cfi=(175)
cfn=(1684)
calls=894418 0 
0 90324984
0 6854375

fn=(1716) std::_Hashtable<std::pair<int, int>, std::pair<int, int>, std::allocator<std::pair<int, int> >, std::__detail::_Identity, std::equal_to<std::pair<int, int> >, std::hash<std::pair<int, int> >, std::__detail::_Mod_range_hashing, std::__detail::_Default_ranged_hash, std::__detail::_Prime_rehash_policy, std::__detail::_Hashtable_traits<false, true, true> >::find(std::pair<int, int> const&) const
0 16594168

fn=(1736)
0 320880

fn=(1754)
0 68
cob=(4)
cfi=(175)
cfn=(1326)
calls=4 0 
0 669
0 20
cob=(4)
cfi=(175)
cfn=(1680)
calls=4 0 
0 174
0 3829
cob=(4)
cfi=(175)
cfn=(1684)
calls=3 0 
0 285
0 32

fn=(1758)
0 2508

fn=(1792)
0 50
cob=(4)
cfi=(175)
cfn=(1326)
calls=2 0 
0 490324
0 293
cob=(4)
cfi=(175)
cfn=(1326)
calls=39 0 
0 3753
0 975
cfn=(1794)
calls=39 0 
0 12609
0 722

fn=(1812)
0 1406048
cfn=(2094)
calls=36052 0 
0 2199172
0 3424940
cfn=(2094)
calls=684988 0 
0 41784268
0 2018926
cob=(4)
cfi=(175)
cfn=(1326)
calls=1 0 
0 65
0 104
cob=(4)
cfi=(175)
cfn=(1326)
calls=20 0 
0 1712
0 280
cob=(4)
cfi=(175)
cfn=(1702)
calls=20 0 
0 480
0 271

fn=(1862) void boost::io::detail::put<char, std::char_traits<char>, std::allocator<char>, boost::io::detail::put_holder<char, std::char_traits<char> > const&>(boost::io::detail::put_holder<char, std::char_traits<char> > const&, boost::io::detail::format_item<char, std::char_traits<char>, std::allocator<char> > const&, boost::basic_format<char, std::char_traits<char>, std::allocator<char> >::string_type&, boost::basic_format<char, std::char_traits<char>, std::allocator<char> >::internal_streambuf_t&, std::locale*)
0 4776975
cob=(4)
cfi=(175)
cfn=(1864) 0x000000000010c4a0
calls=191079 0 
0 17961426
0 2101869
cob=(4)
cfi=(175)
cfn=(1326)
calls=191079 0 
0 12420135
0 2484027
cob=(4)
cfi=(175)
cfn=(1866) 0x000000000010c740
calls=191079 0 
0 35349615
0 2484027
cfn=(1868)
calls=191079 0 
0 13566609
0 955395
cfn=(2208) void boost::io::detail::call_put_head<char, std::char_traits<char>, double const>(std::basic_ostream<char, std::char_traits<char> >&, void const*)
calls=1 0 
0 2
cfn=(2120)
calls=5 0 
0 10
cfn=(1938) void boost::io::detail::call_put_head<char, std::char_traits<char>, int const>(std::basic_ostream<char, std::char_traits<char> >&, void const*)
calls=151235 0 
0 302470
cfn=(1872) void boost::io::detail::call_put_head<char, std::char_traits<char>, int>(std::basic_ostream<char, std::char_traits<char> >&, void const*)
calls=39838 0 
0 79676
0 3251070
cfn=(1940) void boost::io::detail::call_put_last<char, std::char_traits<char>, int const>(std::basic_ostream<char, std::char_traits<char> >&, void const*)
calls=101 0 
0 34363
cfn=(1874) void boost::io::detail::call_put_last<char, std::char_traits<char>, int>(std::basic_ostream<char, std::char_traits<char> >&, void const*)
calls=808 0 
0 304217
0 380340
cfn=(2210) void boost::io::detail::call_put_last<char, std::char_traits<char>, double const>(std::basic_ostream<char, std::char_traits<char> >&, void const*)
calls=1 0 
0 3590
cfn=(1940)
calls=151134 0 
0 48857928
cfn=(2122)
calls=5 0 
0 16679
cfn=(1874)
calls=39030 0 
0 16157587
0 5541291
cfn=(1910)
calls=191079 0 
0 14757193
0 764316
cfn=(1912) boost::io::basic_altstringbuf<char, std::char_traits<char>, std::allocator<char> >::clear_buffer()
calls=191079 0 
0 6066871
0 4394817
cfn=(1914) boost::detail::sp_counted_impl_pd<boost::io::basic_altstringbuf<char, std::char_traits<char>, std::allocator<char> >*, boost::io::basic_oaltstringstream<char, std::char_traits<char>, std::allocator<char> >::No_Op>::~sp_counted_impl_pd()
calls=191079 0 
0 18725742
0 955395
cob=(4)
cfi=(175)
cfn=(1916) 0x000000000010c4b0
calls=191079 0 
0 14332695
0 2484027

fn=(2010) ColorMixer::solve_nnls(std::array<double, 3ul> const&, int, int)
0 130000
cfn=(2012) construct_subsets(int, int)
calls=5000 0 
0 910985816
0 90000
cfn=(2020) void std::__introsort_loop<__gnu_cxx::__normal_iterator<std::vector<int, std::allocator<int> >*, std::vector<std::vector<int, std::allocator<int> >, std::allocator<std::vector<int, std::allocator<int> > > > >, long, __gnu_cxx::__ops::_Iter_comp_iter<ColorMixer::solve_nnls(std::array<double, 3ul> const&, int, int)::{lambda(auto:1&, auto:2&)#1}> >(__gnu_cxx::__normal_iterator<std::vector<int, std::allocator<int> >*, std::vector<std::vector<int, std::allocator<int> >, std::allocator<std::vector<int, std::allocator<int> > > > >, __gnu_cxx::__normal_iterator<std::vector<int, std::allocator<int> >*, std::vector<std::vector<int, std::allocator<int> >, std::allocator<std::vector<int, std::allocator<int> > > > >, long, __gnu_cxx::__ops::_Iter_comp_iter<ColorMixer::solve_nnls(std::array<double, 3ul> const&, int, int)::{lambda(auto:1&, auto:2&)#1}>)
calls=5000 0 
0 354896053
0 12570000
cob=(4)
cfi=(175)
cfn=(1326)
calls=2497000 0 
0 162107000
0 29964000
cob=(4)
cfi=(175)
cfn=(1702)
calls=2497000 0 
0 33033000
0 22473000
cfn=(2024) ColorMixer::solve_nnls_inv(std::array<double, 3ul> const&, std::vector<int, std::allocator<int> >)
calls=2497000 0 
0 20309455328
0 12485000
cob=(4)
cfi=(175)
cfn=(1684)
calls=2497000 0 
0 237425000
0 51270850
cob=(4)
cfi=(175)
cfn=(1684)
calls=2497000 0 
0 237386232
0 14982000
cob=(4)
cfi=(175)
cfn=(1684)
calls=2497000 0 
0 237215168
0 22493000
cfn=(2022) void std::__insertion_sort<__gnu_cxx::__normal_iterator<std::vector<int, std::allocator<int> >*, std::vector<std::vector<int, std::allocator<int> >, std::allocator<std::vector<int, std::allocator<int> > > > >, __gnu_cxx::__ops::_Iter_comp_iter<ColorMixer::solve_nnls(std::array<double, 3ul> const&, int, int)::{lambda(auto:1&, auto:2&)#1}> >(__gnu_cxx::__normal_iterator<std::vector<int, std::allocator<int> >*, std::vector<std::vector<int, std::allocator<int> >, std::allocator<std::vector<int, std::allocator<int> > > > >, __gnu_cxx::__normal_iterator<std::vector<int, std::allocator<int> >*, std::vector<std::vector<int, std::allocator<int> >, std::allocator<std::vector<int, std::allocator<int> > > > >, __gnu_cxx::__ops::_Iter_comp_iter<ColorMixer::solve_nnls(std::array<double, 3ul> const&, int, int)::{lambda(auto:1&, auto:2&)#1}>) [clone .isra.0]
calls=5000 0 
0 4427295
0 87045026
cfn=(1688)
calls=2417000 0 
0 12085000
0 4834000
cfn=(1688)
calls=2417000 0 
0 12085000
0 5669000
cfn=(1810) std::vector<int, std::allocator<int> >::vector(std::vector<int, std::allocator<int> > const&)
calls=70000 0 
0 8204000
0 910000
cob=(4)
cfi=(175)
cfn=(1326)
calls=70000 0 
0 4560584
0 910000
cob=(4)
cfi=(175)
cfn=(1702)
calls=70000 0 
0 952000
0 8164902
cfn=(2032) ColorMixer::Result::operator=(ColorMixer::Result&&) [clone .isra.0]
calls=100000 0 
0 3300000
0 283075
cfn=(2032)
calls=283075 0 
0 9341475
0 1149225
cfn=(1768)
calls=383075 0 
0 1915375
0 766150
cfn=(1688)
calls=383075 0 
0 1915375
0 766150
cfn=(1768)
calls=383075 0 
0 1915375
0 766150
cfn=(1688)
calls=383075 0 
0 1915375
0 12683833
cfn=(2034) std::priority_queue<ColorMixer::Result, std::vector<ColorMixer::Result, std::allocator<ColorMixer::Result> >, std::less<ColorMixer::Result> >::pop()
calls=283075 0 
0 164351238
0 2830750
cfn=(1810)
calls=283075 0 
0 33189400
0 3679975
cob=(4)
cfi=(175)
cfn=(1326)
calls=283075 0 
0 18399875
0 3679975
cob=(4)
cfi=(175)
cfn=(1702)
calls=283075 0 
0 3897186
0 27695116
cob=(4)
cfi=(175)
cfn=(1326)
calls=100000 0 
0 6440000
0 1300000
cob=(4)
cfi=(175)
cfn=(1702)
calls=100000 0 
0 1380000
0 1700000
cob=(4)
cfi=(175)
cfn=(1326)
calls=100000 0 
0 6500000
0 1500000
cob=(4)
cfi=(175)
cfn=(1702)
calls=100000 0 
0 1360000
0 800000
cfn=(2034)
calls=100000 0 
0 52133620
0 1310000
cob=(4)
cfi=(175)
cfn=(1326)
calls=70000 0 
0 4508000
0 770000
cob=(4)
cfi=(175)
cfn=(1808)
calls=70000 0 
0 966000
0 910000
cob=(4)
cfi=(175)
cfn=(1326)
calls=70000 0 
0 4550000
0 770000
cob=(4)
cfi=(175)
cfn=(1808)
calls=70000 0 
0 952000
0 840000
cfn=(2036) ColorMixer::solve_nnls_pdm(std::vector<int, std::allocator<int> > const&, std::array<double, 3ul> const&, double, double, int)
calls=70000 0 
0 6756047530
0 270000
cfn=(2036)
calls=30000 0 
0 2944867435
0 1028476
cfn=(1810)
calls=36098 0 
0 4223717
0 433176
cob=(4)
cfi=(175)
cfn=(1326)
calls=36098 0 
0 2359832
0 397078
cob=(4)
cfi=(175)
cfn=(1702)
calls=36098 0 
0 505224
0 252686
cob=(4)
cfi=(175)
cfn=(1684)
calls=36098 0 
0 3429918
0 255608
cob=(4)
cfi=(175)
cfn=(1684)
calls=63902 0 
0 6259702
0 600000
cob=(4)
cfi=(175)
cfn=(1684)
calls=100000 0 
0 9709580
0 600000
cob=(4)
cfi=(175)
cfn=(1684)
calls=100000 0 
0 9710000
0 600000
cob=(4)
cfi=(175)
cfn=(1684)
calls=100000 0 
0 9710000
0 405000
cfn=(2078)
calls=5000 0 
0 5395129
0 35000
cfn=(2082)
calls=5000 0 
0 7546474
0 7575614
cfn=(2032)
calls=120000 0 
0 3960000
0 240000
cfn=(1768)
calls=120000 0 
0 600000
0 240000
cfn=(1688)
calls=120000 0 
0 600000
0 319448
cfn=(2036)
calls=1181 0 
0 1965848462
0 10629
cfn=(1768)
calls=1181 0 
0 121643
0 2362
cfn=(1688)
calls=1181 0 
0 121643
0 30000
cob=(4)
cfi=(175)
cfn=(1684)
calls=5000 0 
0 1036636
0 15007000
cob=(4)
cfi=(175)
cfn=(1684)
calls=2497000 0 
0 289472146
0 7526000
cob=(4)
cfi=(175)
cfn=(1684)
calls=5000 0 
0 1123240
0 606524
cfn=(1810)
calls=58902 0 
0 6910283
0 706824
cob=(4)
cfi=(175)
cfn=(1326)
calls=58902 0 
0 7689560
0 647922
cob=(4)
cfi=(175)
cfn=(1808)
calls=58902 0 
0 786776
0 577314
cfn=(2030)
calls=30000 0 
0 29550246
0 240000
cfn=(2030)
calls=30000 0 
0 20923156
0 9979615
cfn=(2030)
calls=3203 0 
0 2012508
0 18985
cfn=(2030)
calls=1797 0 
0 887952
0 109455

fn=(2016) void std::vector<std::vector<int, std::allocator<int> >, std::allocator<std::vector<int, std::allocator<int> > > >::_M_realloc_insert<__gnu_cxx::__normal_iterator<int*, std::vector<int, std::allocator<int> > >, __gnu_cxx::__normal_iterator<int*, std::vector<int, std::allocator<int> > > >(__gnu_cxx::__normal_iterator<std::vector<int, std::allocator<int> >*, std::vector<std::vector<int, std::allocator<int> >, std::allocator<std::vector<int, std::allocator<int> > > > >, __gnu_cxx::__normal_iterator<int*, std::vector<int, std::allocator<int> > >&&, __gnu_cxx::__normal_iterator<int*, std::vector<int, std::allocator<int> > >&&)
0 2425000
cob=(4)
cfi=(175)
cfn=(1326)
calls=49000 0 
0 3161000
0 539000
cob=(4)
cfi=(175)
cfn=(1702)
calls=49000 0 
0 671000
0 24682000
cob=(4)
cfi=(175)
cfn=(1684)
calls=44000 0 
0 5700874
0 828000
cob=(4)
cfi=(175)
cfn=(1326)
calls=49000 0 
0 269115296
0 500000

fn=(2042) nnls_projected_gradient_bb_clipped(Eigen::Matrix<double, -1, -1, 0, -1, -1> const&, Eigen::Matrix<double, -1, 1, 0, -1, 1> const&, Eigen::Matrix<double, -1, 1, 0, -1, 1>&, double, int, bool)
0 5666136
cfn=(2044) Eigen::PlainObjectBase<Eigen::Matrix<double, -1, -1, 0, -1, -1> >::PlainObjectBase<Eigen::Product<Eigen::Transpose<Eigen::Matrix<double, -1, -1, 0, -1, -1> const>, Eigen::Matrix<double, -1, -1, 0, -1, -1>, 0> >(Eigen::DenseBase<Eigen::Product<Eigen::Transpose<Eigen::Matrix<double, -1, -1, 0, -1, -1> const>, Eigen::Matrix<double, -1, -1, 0, -1, -1>, 0> > const&)
calls=101181 0 
0 95997529
0 1416534
cfn=(2038) Eigen::PlainObjectBase<Eigen::Matrix<double, -1, 1, 0, -1, 1> >::resize(long, long)
calls=101181 0 
0 8195797
0 1214172
cob=(4)
cfi=(175)
cfn=(1680)
calls=101181 0 
0 1375359
0 809448
cfn=(2048)
calls=101181 0 
0 23957878
0 303543
cfn=(2052) estimateMaxEigenvalue(Eigen::Matrix<double, -1, -1, 0, -1, -1> const&, int)
calls=101181 0 
0 1986981882
0 1223620
cfn=(2070) ProjectOntoSimplex(Eigen::Matrix<double, -1, 1, 0, -1, 1> const&)
calls=1181 0 
0 803859
0 500000
cfn=(2070)
calls=100000 0 
0 88587062
0 1011810
cfn=(2068)
calls=101181 0 
0 9409833
0 1922439
cfn=(2038)
calls=101181 0 
0 8195661
0 303543
cfn=(2074) Eigen::internal::product_evaluator<Eigen::Product<Eigen::Matrix<double, -1, -1, 0, -1, -1>, Eigen::Matrix<double, -1, 1, 0, -1, 1>, 0>, 7, Eigen::DenseShape, Eigen::DenseShape, double, double>::product_evaluator(Eigen::Product<Eigen::Matrix<double, -1, -1, 0, -1, -1>, Eigen::Matrix<double, -1, 1, 0, -1, 1>, 0> const&)
calls=101181 0 
0 29944006
0 4186077
cob=(4)
cfi=(175)
cfn=(2064)
calls=101181 0 
0 8802747
0 910629
cfn=(2076)
calls=101181 0 
0 7285032
0 505905
cfn=(2076)
calls=101181 0 
0 7285032
0 505905
cfn=(2076)
calls=101181 0 
0 7657064
0 505905
cfn=(2076)
calls=101181 0 
0 14062901
0 434007734
cfn=(2038)
calls=5097933 0 
0 419814312
0 194316766
cfn=(2070)
calls=5097933 0 
0 3847636504
0 50979330
cob=(4)
cfi=(175)
cfn=(2064)
calls=5097933 0 
0 443619268
0 76468995
cfn=(2074)
calls=5097933 0 
0 1440405932
0 199160555
cob=(4)
cfi=(175)
cfn=(2064)
calls=5097933 0 
0 443563667
0 734228939
cfn=(2066) double Eigen::internal::redux_impl<Eigen::internal::scalar_sum_op<double, double>, Eigen::internal::redux_evaluator<Eigen::CwiseBinaryOp<Eigen::internal::scalar_conj_product_op<double, double>, Eigen::Matrix<double, -1, 1, 0, -1, 1> const, Eigen::Matrix<double, -1, 1, 0, -1, 1> const> >, 3, 0>::run<Eigen::CwiseBinaryOp<Eigen::internal::scalar_conj_product_op<double, double>, Eigen::Matrix<double, -1, 1, 0, -1, 1> const, Eigen::Matrix<double, -1, 1, 0, -1, 1> const> >(Eigen::internal::redux_evaluator<Eigen::CwiseBinaryOp<Eigen::internal::scalar_conj_product_op<double, double>, Eigen::Matrix<double, -1, 1, 0, -1, 1> const, Eigen::Matrix<double, -1, 1, 0, -1, 1> const> > const&, Eigen::internal::scalar_sum_op<double, double> const&, Eigen::CwiseBinaryOp<Eigen::internal::scalar_conj_product_op<double, double>, Eigen::Matrix<double, -1, 1, 0, -1, 1> const, Eigen::Matrix<double, -1, 1, 0, -1, 1> const> const&) [clone .isra.0]
calls=4287927 0 
0 90834008
0 3872830
cfn=(2066)
calls=774566 0 
0 20913282
0 120478976
cob=(4)
cfi=(175)
cfn=(2064)
calls=5062493 0 
0 440470122
0 20512936
cfn=(2068)
calls=65741 0 
0 6219815
0 70880
cfn=(2068)
calls=35440 0 
0 3296612
0 202362
cfn=(2068)
calls=101181 0 
0 9658595
0 202362
cfn=(2068)
calls=101181 0 
0 9722921
0 202362
cfn=(2068)
calls=101181 0 
0 9761333
0 202362
cfn=(2068)
calls=101181 0 
0 9967015
0 202362
cfn=(2068)
calls=101181 0 
0 11381379
0 505905
cob=(4)
cfi=(175)
cfn=(2064)
calls=101181 0 
0 8806713
0 38596469
cfn=(2068)
calls=35440 0 
0 3295920
0 35440

fn=(2072) void std::__introsort_loop<__gnu_cxx::__normal_iterator<double*, std::vector<double, std::allocator<double> > >, long, __gnu_cxx::__ops::_Iter_comp_iter<std::greater<double> > >(__gnu_cxx::__normal_iterator<double*, std::vector<double, std::allocator<double> > >, __gnu_cxx::__normal_iterator<double*, std::vector<double, std::allocator<double> > >, long, __gnu_cxx::__ops::_Iter_comp_iter<std::greater<double> >)
0 77986710

fn=(2092)
0 510391866

fn=(2102)
0 1669004
cfn=(2104) State::apply_toggle(Action const&) [clone .isra.0]
calls=36052 0 
0 2832841624
0 11033
cfn=(2116)
calls=1003 0 
0 69207
0 87208
cob=(4)
cfi=(175)
cfn=(1702)
calls=16 0 
0 1561864
0 96
cob=(4)
cfi=(175)
cfn=(1684)
calls=16 0 
0 2370
0 41
cob=(4)
cfi=(175)
cfn=(1326)
calls=1 0 
0 65
0 32
cob=(4)
cfi=(175)
cfn=(1326)
calls=16 0 
0 774501
0 339
cob=(4)
cfi=(175)
cfn=(1702)
calls=10 0 
0 13660
0 60
cob=(4)
cfi=(175)
cfn=(1684)
calls=10 0 
0 1479
0 25
cob=(4)
cfi=(175)
cfn=(1326)
calls=1 0 
0 65
0 40
cob=(4)
cfi=(175)
cfn=(1326)
calls=10 0 
0 438061
0 195

fn=(2210)
0 3
cob=(4)
cfi=(175)
cfn=(2124)
calls=1 0 
0 3587

fn=(2214) print_output(Output&)
0 4386
cob=(4)
cfi=(175)
cfn=(1944) 0x000000000010c6b0
calls=380 0 
0 71099
0 1520
cob=(4)
cfi=(175)
cfn=(1944)
calls=380 0 
0 71060
0 3580
cob=(4)
cfi=(175)
cfn=(1944)
calls=20 0 
0 3740
0 4545
cob=(4)
cfi=(175)
cfn=(1944)
calls=380 0 
0 71060
0 1520
cob=(4)
cfi=(175)
cfn=(1944)
calls=380 0 
0 71060
0 3572
cob=(4)
cfi=(175)
cfn=(1944)
calls=19 0 
0 3553
0 182
cfn=(2216) Action::to_string_output[abi:cxx11]() const
calls=1 0 
0 10055
0 117036
cfn=(2216)
calls=39012 0 
0 388195842
0 156052
cob=(4)
cfi=(175)
cfn=(1944)
calls=39013 0 
0 7186523
0 156052
cob=(4)
cfi=(175)
cfn=(1944)
calls=39013 0 
0 7295641
0 273102

fn=(1306)
0 12
cob=(2)
cfi=(212)
cfn=(1308)
calls=1 242 
0 61546094612

fn=(1324) cpp_dump::types::es_value_t::es_value_t()
0 64
cob=(4)
cfi=(175)
cfn=(1326)
calls=1 0 
0 210
0 30

fn=(1678) void std::__introsort_loop<__gnu_cxx::__normal_iterator<int*, std::vector<int, std::allocator<int> > >, long, __gnu_cxx::__ops::_Iter_less_iter>(__gnu_cxx::__normal_iterator<int*, std::vector<int, std::allocator<int> > >, __gnu_cxx::__normal_iterator<int*, std::vector<int, std::allocator<int> > >, long, __gnu_cxx::__ops::_Iter_less_iter) [clone .isra.0]
0 40

fn=(1730)
0 476
cob=(4)
cfi=(175)
cfn=(1326)
calls=28 0 
0 7435
0 140
cob=(4)
cfi=(175)
cfn=(1680)
calls=28 0 
0 198412
0 334432
cob=(4)
cfi=(175)
cfn=(1684)
calls=24 0 
0 3105
0 224

fn=(1744) std::__detail::_Map_base<std::tuple<int, int, int>, std::pair<std::tuple<int, int, int> const, std::vector<std::vector<std::pair<int, int>, std::allocator<std::pair<int, int> > >, std::allocator<std::vector<std::pair<int, int>, std::allocator<std::pair<int, int> > > > > >, std::allocator<std::pair<std::tuple<int, int, int> const, std::vector<std::vector<std::pair<int, int>, std::allocator<std::pair<int, int> > >, std::allocator<std::vector<std::pair<int, int>, std::allocator<std::pair<int, int> > > > > > >, std::__detail::_Select1st, std::equal_to<std::tuple<int, int, int> >, std::hash<std::tuple<int, int, int> >, std::__detail::_Mod_range_hashing, std::__detail::_Default_ranged_hash, std::__detail::_Prime_rehash_policy, std::__detail::_Hashtable_traits<false, false, true>, true>::operator[](std::tuple<int, int, int> const&)
0 4674
cfn=(1746) std::_Hashtable<std::tuple<int, int, int>, std::pair<std::tuple<int, int, int> const, std::vector<std::vector<std::pair<int, int>, std::allocator<std::pair<int, int> > >, std::allocator<std::vector<std::pair<int, int>, std::allocator<std::pair<int, int> > > > > >, std::allocator<std::pair<std::tuple<int, int, int> const, std::vector<std::vector<std::pair<int, int>, std::allocator<std::pair<int, int> > >, std::allocator<std::vector<std::pair<int, int>, std::allocator<std::pair<int, int> > > > > > >, std::__detail::_Select1st, std::equal_to<std::tuple<int, int, int> >, std::hash<std::tuple<int, int, int> >, std::__detail::_Mod_range_hashing, std::__detail::_Default_ranged_hash, std::__detail::_Prime_rehash_policy, std::__detail::_Hashtable_traits<false, false, true> >::_M_find_before_node(unsigned long, std::tuple<int, int, int> const&, unsigned long) const [clone .isra.0]
calls=114 0 
0 3559
0 1710
cob=(4)
cfi=(175)
cfn=(1326)
calls=114 0 
0 46794
0 1938
cob=(4)
cfi=(175)
cfn=(1720)
calls=114 0 
0 2628
0 1356
cfn=(1748) std::_Hashtable<std::tuple<int, int, int>, std::pair<std::tuple<int, int, int> const, std::vector<std::vector<std::pair<int, int>, std::allocator<std::pair<int, int> > >, std::allocator<std::vector<std::pair<int, int>, std::allocator<std::pair<int, int> > > > > >, std::allocator<std::pair<std::tuple<int, int, int> const, std::vector<std::vector<std::pair<int, int>, std::allocator<std::pair<int, int> > >, std::allocator<std::vector<std::pair<int, int>, std::allocator<std::pair<int, int> > > > > > >, std::__detail::_Select1st, std::equal_to<std::tuple<int, int, int> >, std::hash<std::tuple<int, int, int> >, std::__detail::_Mod_range_hashing, std::__detail::_Default_ranged_hash, std::__detail::_Prime_rehash_policy, std::__detail::_Hashtable_traits<false, false, true> >::_M_rehash(unsigned long, unsigned long const&)
calls=4 0 
0 4668
0 497
cfn=(1758)
calls=57 0 
0 1254
0 345

fn=(1746)
0 127026303

fn=(1770)
0 5214951

fn=(1796)
0 18
cob=(4)
cfi=(175)
cfn=(1684)
calls=2 0 
0 209
0 14

fn=(1806)
0 1081590
cob=(4)
cfi=(175)
cfn=(1326)
calls=36053 0 
0 2343528
0 288424
cob=(4)
cfi=(175)
cfn=(1680)
calls=36053 0 
0 757113
0 288424
cob=(4)
cfi=(175)
cfn=(1326)
calls=36053 0 
0 2343445
0 6092957
cob=(4)
cfi=(175)
cfn=(1326)
calls=721060 0 
0 66184547
0 7210600
cob=(4)
cfi=(175)
cfn=(1808)
calls=721060 0 
0 17305440
0 4542678
cfn=(1688)
calls=36053 0 
0 3713459
0 135466682
cob=(4)
cfi=(175)
cfn=(1326)
calls=637645 0 
0 39533990
0 1695638180
cob=(4)
cfi=(175)
cfn=(1684)
calls=435290 0 
0 41352550
0 809420
cob=(4)
cfi=(175)
cfn=(1684)
calls=202355 0 
0 19223744
0 54020434
cfn=(1810)
calls=36053 0 
0 4475291
0 432636
cob=(4)
cfi=(175)
cfn=(1326)
calls=36053 0 
0 2344058
0 3352929
cob=(4)
cfi=(175)
cfn=(1326)
calls=721060 0 
0 70550185
0 10094840
cob=(4)
cfi=(175)
cfn=(1702)
calls=721060 0 
0 17305440
0 10038988
cob=(4)
cfi=(175)
cfn=(1702)
calls=166302 0 
0 2436387
0 997812
cob=(4)
cfi=(175)
cfn=(1684)
calls=166302 0 
0 15798711
0 1728285
cob=(4)
cfi=(175)
cfn=(1684)
calls=35371 0 
0 3360245
0 693055
cob=(4)
cfi=(175)
cfn=(1684)
calls=10948 0 
0 1040060
0 9739365
cob=(4)
cfi=(175)
cfn=(1684)
calls=248043 0 
0 23564085
0 2024725
cob=(4)
cfi=(175)
cfn=(1326)
calls=36053 0 
0 2235553
0 332604
cob=(4)
cfi=(175)
cfn=(1326)
calls=166302 0 
0 10701471
0 677807
cob=(4)
cfi=(175)
cfn=(1326)
calls=35371 0 
0 2299115
0 340235
cob=(4)
cfi=(175)
cfn=(1326)
calls=10948 0 
0 711620
0 572722
cob=(4)
cfi=(175)
cfn=(1326)
calls=248043 0 
0 16122795
0 2696748
cfn=(1688)
calls=36053 0 
0 3713459
0 4434519
cob=(4)
cfi=(175)
cfn=(1684)
calls=721060 0 
0 78456673
0 2379498
cob=(4)
cfi=(175)
cfn=(1684)
calls=36053 0 
0 3425035
0 4389384

fn=(1854) std::__cxx11::basic_string<char, std::char_traits<char>, std::allocator<char> >::_M_mutate(unsigned long, unsigned long, char const*, unsigned long)
0 3737
cob=(4)
cfi=(175)
cfn=(1326)
calls=101 0 
0 6565
0 1515
cob=(4)
cfi=(175)
cfn=(1808)
calls=101 0 
0 1313
0 1919

fn=(1860) void boost::io::detail::distribute<char, std::char_traits<char>, std::allocator<char>, boost::io::detail::put_holder<char, std::char_traits<char> > const&>(boost::basic_format<char, std::char_traits<char>, std::allocator<char> >&, boost::io::detail::put_holder<char, std::char_traits<char> > const&)
0 18364591
cfn=(1862)
calls=191079 0 
0 229510357
0 2101869

fn=(1874)
0 119514
cob=(4)
cfi=(175)
cfn=(1876) 0x000000000010c800
calls=39838 0 
0 16342290

fn=(2024)
0 57431000
cfn=(2026)
calls=2497000 0 
0 17618443855
0 49940000
cob=(4)
cfi=(175)
cfn=(1326)
calls=2497000 0 
0 162391512
0 24970000
cob=(4)
cfi=(175)
cfn=(1680)
calls=2497000 0 
0 34672000
0 333515476
cob=(4)
cfi=(175)
cfn=(1326)
calls=2497000 0 
0 164098053
0 19976000
cob=(4)
cfi=(175)
cfn=(1680)
calls=2497000 0 
0 34672000
0 756393000
cob=(4)
cfi=(175)
cfn=(1326)
calls=2497000 0 
0 164593635
0 34958000
cob=(4)
cfi=(175)
cfn=(1702)
calls=2497000 0 
0 33033000
0 34958000
cob=(4)
cfi=(175)
cfn=(1326)
calls=2497000 0 
0 170956403
0 22473000
cob=(4)
cfi=(175)
cfn=(1808)
calls=2497000 0 
0 34672000
0 7491000
cfn=(1768)
calls=2497000 0 
0 257400752
0 4994000
cfn=(1768)
calls=2497000 0 
0 257458642
0 29964000

fn=(2050)
0 422452162

fn=(2052)
0 2934249
cfn=(2038)
calls=101181 0 
0 8195797
0 1214172
cob=(4)
cfi=(175)
cfn=(2054) 0x000000000010c490
calls=101181 0 
0 5966460
0 301395
cob=(4)
cfi=(175)
cfn=(2054)
calls=301395 0 
0 17772538
0 47472333
cob=(4)
cfi=(175)
cfn=(2040)
calls=2023620 0 
0 95110276
0 32377920
cob=(4)
cfi=(175)
cfn=(1680)
calls=2023620 0 
0 27507180
0 42496020
cfn=(2062) Eigen::internal::general_matrix_vector_product<long, double, Eigen::internal::const_blas_data_mapper<double, long, 0>, 0, false, double, Eigen::internal::const_blas_data_mapper<double, long, 1>, false, 0>::run(long, long, Eigen::internal::const_blas_data_mapper<double, long, 0> const&, Eigen::internal::const_blas_data_mapper<double, long, 1> const&, double*, long, double) [clone .isra.0]
calls=2023620 0 
0 373725300
0 14165340
cfn=(2048)
calls=2023620 0 
0 479157560
0 77650680
cob=(4)
cfi=(175)
cfn=(2064)
calls=2023620 0 
0 176054940
0 9005109
cfn=(2038)
calls=101181 0 
0 8195661
0 1416534
cob=(4)
cfi=(175)
cfn=(1680)
calls=101181 0 
0 1315353
0 1821258
cfn=(2062)
calls=101181 0 
0 18686265
0 1315353
cfn=(2038)
calls=101181 0 
0 8195661
0 1416534
cob=(4)
cfi=(175)
cfn=(1680)
calls=101181 0 
0 1375359
0 708267
cfn=(2048)
calls=101181 0 
0 23957878
0 809448
cfn=(2068)
calls=101181 0 
0 9409833
0 202362
cfn=(2068)
calls=101181 0 
0 9409833
0 202362
cfn=(2068)
calls=101181 0 
0 9409833
0 13558254
cfn=(2038)
calls=2023620 0 
0 164124831
0 28330680
cob=(4)
cfi=(175)
cfn=(1680)
calls=2023620 0 
0 26307060
0 14165340
cob=(4)
cfi=(175)
cfn=(2064)
calls=2023620 0 
0 176056656
0 51845586
cfn=(2066)
calls=101181 0 
0 2678228
0 960184

fn=(2094)
0 35610368
cob=(4)
cfi=(175)
cfn=(1702)
calls=1014656 0 
0 21197112
0 11131904
cob=(4)
cfi=(175)
cfn=(1326)
calls=400000 0 
0 25760000
0 2800000
cob=(4)
cfi=(175)
cfn=(1702)
calls=400000 0 
0 5520000
0 5200000

fn=(2110) std::vector<Paint, std::allocator<Paint> >::operator=(std::vector<Paint, std::allocator<Paint> > const&) [clone .isra.0]
0 955333
cob=(4)
cfi=(175)
cfn=(1702)
calls=18026 0 
0 1795070
0 360421
cob=(4)
cfi=(175)
cfn=(1702)
calls=18017 0 
0 1794071
0 198232
cob=(4)
cfi=(175)
cfn=(1326)
calls=9 0 
0 1395
0 63
cob=(4)
cfi=(175)
cfn=(1702)
calls=9 0 
0 1023
0 54
cob=(4)
cfi=(175)
cfn=(1684)
calls=9 0 
0 855
0 144226

fn=(2212) std::vector<std::vector<bool, std::allocator<bool> >, std::allocator<std::vector<bool, std::allocator<bool> > > >::vector(std::vector<std::vector<bool, std::allocator<bool> >, std::allocator<std::vector<bool, std::allocator<bool> > > > const&)
0 42
cob=(4)
cfi=(175)
cfn=(1326)
calls=2 0 
0 130
0 223
cfn=(1794)
calls=39 0 
0 12609
0 975
cob=(4)
cfi=(175)
cfn=(1326)
calls=39 0 
0 3486
0 917

fn=(2240) std::_Rb_tree<int, int, std::_Identity<int>, std::less<int>, std::allocator<int> >::_M_erase(std::_Rb_tree_node<int>*) [clone .isra.0]
0 23
cob=(4)
cfi=(175)
cfn=(1684)
calls=1 0 
0 116
0 6
cob=(4)
cfi=(175)
cfn=(1684)
calls=1 0 
0 116
0 10

fn=(2250)
0 8
cob=(4)
cfi=(175)
cfn=(1684)
calls=1 0 
0 116

fn=(2260)
0 8
cfn=(2262) std::_Function_handler<std::__cxx11::basic_string<char, std::char_traits<char>, std::allocator<char> > (std::basic_string_view<char, std::char_traits<char> >, unsigned long, std::basic_string_view<char, std::char_traits<char> >), std::__cxx11::basic_string<char, std::char_traits<char>, std::allocator<char> > (*)(std::basic_string_view<char, std::char_traits<char> >, unsigned long, std::basic_string_view<char, std::char_traits<char> >)>::_M_manager(std::_Any_data&, std::_Any_data const&, std::_Manager_operation)
calls=1 0 
0 9
0 2

fn=(2262)
0 9

fn=(1698) void std::vector<std::vector<std::pair<int, int>, std::allocator<std::pair<int, int> > >, std::allocator<std::vector<std::pair<int, int>, std::allocator<std::pair<int, int> > > > >::_M_realloc_insert<std::vector<std::pair<int, int>, std::allocator<std::pair<int, int> > > >(__gnu_cxx::__normal_iterator<std::vector<std::pair<int, int>, std::allocator<std::pair<int, int> > >*, std::vector<std::vector<std::pair<int, int>, std::allocator<std::pair<int, int> > >, std::allocator<std::vector<std::pair<int, int>, std::allocator<std::pair<int, int> > > > > >, std::vector<std::pair<int, int>, std::allocator<std::pair<int, int> > >&&)
0 1601024
cob=(4)
cfi=(175)
cfn=(1684)
calls=106 0 
0 19252
0 1536
cob=(4)
cfi=(175)
cfn=(1326)
calls=110 0 
0 373202
0 1218

fn=(1742) std::vector<std::pair<int, int>, std::allocator<std::pair<int, int> > >::operator=(std::vector<std::pair<int, int>, std::allocator<std::pair<int, int> > > const&) [clone .isra.0]
0 5350646
cob=(4)
cfi=(175)
cfn=(1326)
calls=226609 0 
0 45367430
0 4164248
cob=(4)
cfi=(175)
cfn=(1684)
calls=5791 0 
0 550145
0 2266090

fn=(1912)
0 6066871

fn=(2022)
0 4427295

fn=(2028)
0 217322811
cfn=(1756) std::vector<double, std::allocator<double> >::operator=(std::vector<double, std::allocator<double> > const&) [clone .isra.0]
calls=11988 0 
0 707292
0 119880
cfn=(1756)
calls=29970 0 
0 3951428
0 275724
cob=(4)
cfi=(175)
cfn=(1326)
calls=11988 0 
0 1064150
0 179820
cob=(4)
cfi=(175)
cfn=(1702)
calls=11988 0 
0 161838
0 82424811
cfn=(1756)
calls=7478997 0 
0 378365850
0 117179988
cfn=(1756)
calls=29294997 0 
0 1483271850
0 96062901
cob=(4)
cfi=(175)
cfn=(1684)
calls=11988 0 
0 1282972
0 82439934
cob=(4)
cfi=(175)
cfn=(1326)
calls=15 0 
0 1473
0 480
cob=(4)
cfi=(175)
cfn=(1326)
calls=60 0 
0 5934
0 1020
cob=(4)
cfi=(175)
cfn=(1702)
calls=60 0 
0 810
0 25290
cob=(4)
cfi=(175)
cfn=(1684)
calls=42 0 
0 4341
0 324
cob=(4)
cfi=(175)
cfn=(1684)
calls=12 0 
0 1241

fn=(2034)
0 9576875
cfn=(1768)
calls=383075 0 
0 39457229
0 4596900
cfn=(1688)
calls=383075 0 
0 39477557
0 6049200
cfn=(2032)
calls=378075 0 
0 12476475
0 74054174
cfn=(2032)
calls=378075 0 
0 12476475
0 756150
cfn=(1768)
calls=378075 0 
0 1890375
0 756150
cfn=(1688)
calls=378075 0 
0 1890375
0 756150
cfn=(1768)
calls=378075 0 
0 1890375
0 756150
cfn=(1688)
calls=378075 0 
0 1890375
0 756150
cfn=(1768)
calls=378075 0 
0 1890375
0 756150
cfn=(1688)
calls=378075 0 
0 1890375
0 1632155
cfn=(2032)
calls=16630 0 
0 548790
0 259878

fn=(2086) void std::vector<std::vector<int, std::allocator<int> >, std::allocator<std::vector<int, std::allocator<int> > > >::_M_realloc_insert<std::vector<int, std::allocator<int> > const&>(__gnu_cxx::__normal_iterator<std::vector<int, std::allocator<int> >*, std::vector<std::vector<int, std::allocator<int> >, std::allocator<std::vector<int, std::allocator<int> > > > >, std::vector<int, std::allocator<int> > const&)
0 56480000
cob=(4)
cfi=(175)
cfn=(1326)
calls=1280000 0 
0 79360000
0 19200000
cob=(4)
cfi=(175)
cfn=(1702)
calls=1280000 0 
0 19200000
0 39360000
cob=(4)
cfi=(175)
cfn=(1684)
calls=880000 0 
0 83600000
0 20080000
cob=(4)
cfi=(175)
cfn=(1326)
calls=1280000 0 
0 83200136
0 13120000

fn=(2104)
0 1252382
cfn=(2106) std::_Bit_iterator::operator[](long) const
calls=35326 0 
0 635868
0 211956
cfn=(2106)
calls=35326 0 
0 635868
0 1452
cfn=(2106)
calls=726 0 
0 13068
0 198286
cfn=(1806)
calls=18026 0 
0 1210211921
0 72104
cfn=(1806)
calls=18026 0 
0 1201382034
0 5083332
cob=(4)
cfi=(175)
cfn=(1684)
calls=721040 0 
0 83639888
0 2379432
cob=(4)
cfi=(175)
cfn=(1684)
calls=36052 0 
0 3424940
0 72104
cfn=(1688)
calls=36052 0 
0 3968233
0 937352
cfn=(2108) std::vector<double, std::allocator<double> >::vector(unsigned long, double const&, std::allocator<double> const&)
calls=18026 0 
0 2553625
0 216312
cob=(4)
cfi=(175)
cfn=(1326)
calls=18026 0 
0 1173091
0 113093903
cfn=(1812)
calls=18026 0 
0 25416660
0 198286
cob=(4)
cfi=(175)
cfn=(1326)
calls=18026 0 
0 1172770
0 6899074
cfn=(2110)
calls=18026 0 
0 2770685
0 54078
cob=(4)
cfi=(175)
cfn=(1684)
calls=18026 0 
0 1712470
0 72104
cfn=(2112) std::vector<std::array<double, 3ul>, std::allocator<std::array<double, 3ul> > >::~vector()
calls=36052 0 
0 3713356
0 72104
cfn=(1768)
calls=36052 0 
0 3713356
0 46942
cfn=(2106)
calls=726 0 
0 13068
0 544410
cfn=(2108)
calls=18026 0 
0 2510460
0 216312
cob=(4)
cfi=(175)
cfn=(1326)
calls=18026 0 
0 1171690
0 113292189
cfn=(2114)
calls=18026 0 
0 324377
0 216312
cfn=(1812)
calls=18026 0 
0 25416660
0 198286
cob=(4)
cfi=(175)
cfn=(1326)
calls=18026 0 
0 1171690
0 6502502
cfn=(2110)
calls=18026 0 
0 2480058
0 54078
cob=(4)
cfi=(175)
cfn=(1684)
calls=18026 0 
0 1712470
0 18026

fn=(2106)
0 1297872

fn=(2254)
0 21
cfn=(1330)
calls=1 0 
0 7
0 7

fn=(1320)
0 29
cob=(4)
cfi=(175)
cfn=(1322) 0x000000000010c620
calls=1 0 
0 78
0 5
cob=(4)
cfi=(175)
cfn=(1332) 0x000000000010c510
calls=1 0 
0 16041
0 11
cob=(4)
cfi=(175)
cfn=(1322)
calls=1 0 
0 78
0 4
cob=(4)
cfi=(175)
cfn=(1322)
calls=1 0 
0 78
0 4
cob=(4)
cfi=(175)
cfn=(1322)
calls=1 0 
0 78
0 5
cob=(4)
cfi=(175)
cfn=(1326)
calls=1 0 
0 204
0 13
cob=(4)
cfi=(175)
cfn=(1322)
calls=1 0 
0 78
0 30
cob=(4)
cfi=(175)
cfn=(1326)
calls=8 0 
0 1680
0 64
cob=(4)
cfi=(175)
cfn=(1458) 0x000000000010c470
calls=8 0 
0 379
0 80
cfn=(1454) std::_Rb_tree<int, std::pair<int const, int>, std::_Select1st<std::pair<int const, int> >, std::less<int>, std::allocator<std::pair<int const, int> > >::_M_get_insert_hint_unique_pos(std::_Rb_tree_const_iterator<std::pair<int const, int> >, int const&) [clone .isra.0]
calls=8 0 
0 168
0 115
cob=(4)
cfi=(175)
cfn=(1322)
calls=1 0 
0 78
0 14
cob=(4)
cfi=(175)
cfn=(1322)
calls=1 0 
0 78
0 17
cfn=(1330)
calls=1 0 
0 7
0 10
cob=(4)
cfi=(175)
cfn=(1322)
calls=1 0 
0 78
0 5
cfn=(1324)
calls=1 0 
0 304
0 4
cob=(4)
cfi=(175)
cfn=(1322)
calls=1 0 
0 78
0 1

fn=(1690) std::pair<std::_Rb_tree_iterator<int>, bool> std::_Rb_tree<int, int, std::_Identity<int>, std::less<int>, std::allocator<int> >::_M_insert_unique<int>(int&&)
0 387
cob=(4)
cfi=(175)
cfn=(1326)
calls=2 0 
0 275
0 16
cob=(4)
cfi=(175)
cfn=(1458)
calls=2 0 
0 43
0 135

fn=(1700) std::_Vector_base<std::pair<int, int>, std::allocator<std::pair<int, int> > >::~_Vector_base()
0 40

fn=(1740) void reorder_vector<std::vector<std::pair<int, int>, std::allocator<std::pair<int, int> > > >(std::vector<std::vector<std::pair<int, int>, std::allocator<std::pair<int, int> > >, std::allocator<std::vector<std::pair<int, int>, std::allocator<std::pair<int, int> > > > >&, std::vector<unsigned long, std::allocator<unsigned long> > const&)
0 2622
cob=(4)
cfi=(175)
cfn=(1326)
calls=114 0 
0 33615
0 1106256
cfn=(1742)
calls=114 0 
0 21926
0 1103520
cfn=(1742)
calls=220704 0 
0 56077902
0 3313752
cob=(4)
cfi=(175)
cfn=(1684)
calls=220818 0 
0 25598632
0 664278
cob=(4)
cfi=(175)
cfn=(1684)
calls=114 0 
0 9097155

fn=(1748)
0 68
cob=(4)
cfi=(175)
cfn=(1326)
calls=4 0 
0 260
0 20
cob=(4)
cfi=(175)
cfn=(1680)
calls=4 0 
0 174
0 3829
cob=(4)
cfi=(175)
cfn=(1684)
calls=3 0 
0 285
0 32

fn=(1752)
0 190537675

fn=(1810)
0 9950253
cob=(4)
cfi=(175)
cfn=(1326)
calls=585309 0 
0 37821176
0 8779635
cob=(4)
cfi=(175)
cfn=(1702)
calls=585309 0 
0 8212048
0 4097163

fn=(1814) print_info(State&)
0 3030
cob=(4)
cfi=(175)
cfn=(1774) 0x000000000010c500
calls=101 0 
0 2318
0 1414
cfn=(1816) boost::basic_format<char, std::char_traits<char>, std::allocator<char> >::basic_format(char const*)
calls=101 0 
0 9154940
0 606
cfn=(1858) boost::basic_format<char, std::char_traits<char>, std::allocator<char> >& boost::io::detail::feed_impl<char, std::char_traits<char>, std::allocator<char>, boost::io::detail::put_holder<char, std::char_traits<char> > const&>(boost::basic_format<char, std::char_traits<char>, std::allocator<char> >&, boost::io::detail::put_holder<char, std::char_traits<char> > const&)
calls=101 0 
0 164152
0 606
cfn=(1858)
calls=101 0 
0 146401
0 606
cfn=(1858)
calls=101 0 
0 144684
0 606
cfn=(1858)
calls=101 0 
0 145873
0 606
cfn=(1858)
calls=101 0 
0 145870
0 1010
cfn=(1858)
calls=101 0 
0 147711
0 707
cfn=(1858)
calls=101 0 
0 144612
0 707
cfn=(1858)
calls=101 0 
0 144615
0 707
cfn=(1858)
calls=101 0 
0 147891
0 303
cfn=(1942) std::basic_ostream<char, std::char_traits<char> >& boost::operator<< <char, std::char_traits<char>, std::allocator<char> >(std::basic_ostream<char, std::char_traits<char> >&, boost::basic_format<char, std::char_traits<char>, std::allocator<char> > const&)
calls=101 0 
0 942942
0 1111
cob=(4)
cfi=(175)
cfn=(2000) 0x000000000010c460
calls=101 0 
0 36158
0 202
cob=(4)
cfi=(175)
cfn=(2004) 0x000000000010c5c0
calls=101 0 
0 20806
0 202
cfn=(2006) boost::basic_format<char, std::char_traits<char>, std::allocator<char> >::~basic_format()
calls=101 0 
0 57962
0 1111

fn=(1838) int boost::io::detail::upper_bound_from_fstring<std::__cxx11::basic_string<char, std::char_traits<char>, std::allocator<char> >, std::ctype<char> >(std::__cxx11::basic_string<char, std::char_traits<char>, std::allocator<char> > const&, std::__cxx11::basic_string<char, std::char_traits<char>, std::allocator<char> >::value_type, std::ctype<char> const&, unsigned char)
0 1095360
cob=(4)
cfi=(175)
cfn=(1840) 0x000000000010c690
calls=39120 0 
0 821520
0 955395
cob=(4)
cfi=(175)
cfn=(1840)
calls=191079 0 
0 4012694
0 6094425

fn=(1844) boost::basic_format<char, std::char_traits<char>, std::allocator<char> >::make_or_reuse_data(unsigned long)
0 625920
cob=(4)
cfi=(175)
cfn=(1822) 0x000000000010c540
calls=39120 0 
0 312960
0 430320
cob=(4)
cfi=(175)
cfn=(1824) 0x000000000010c770
calls=39120 0 
0 547680
0 938880
cob=(4)
cfi=(175)
cfn=(1818) 0x000000000010c870
calls=39120 0 
0 1251840
0 938880
cfn=(1846) std::vector<boost::io::detail::format_item<char, std::char_traits<char>, std::allocator<char> >, std::allocator<boost::io::detail::format_item<char, std::char_traits<char>, std::allocator<char> > > >::_M_fill_assign(unsigned long, boost::io::detail::format_item<char, std::char_traits<char>, std::allocator<char> > const&)
calls=39120 0 
0 22741625
0 78240
cfn=(1850)
calls=39120 0 
0 586800
0 39120

fn=(1872)
0 79676

fn=(2006)
0 665040
cob=(4)
cfi=(175)
cfn=(1684)
calls=39120 0 
0 3716400
0 469440
cob=(4)
cfi=(175)
cfn=(1824)
calls=39120 0 
0 547680
0 1194939
cob=(4)
cfi=(175)
cfn=(1684)
calls=101 0 
0 9595
0 2110911
cob=(4)
cfi=(175)
cfn=(1684)
calls=39120 0 
0 3726993

fn=(2012)
0 135000
cob=(4)
cfi=(175)
cfn=(1326)
calls=5000 0 
0 322000
0 60000
cob=(4)
cfi=(175)
cfn=(1680)
calls=5000 0 
0 73000
0 40000
cob=(4)
cfi=(175)
cfn=(1326)
calls=5000 0 
0 325000
0 105000
cfn=(2014) std::_Function_handler<void (int, int), construct_subsets(int, int)::{lambda(int, int)#1}>::_M_invoke(std::_Any_data const&, int&&, int&&)
calls=5000 0 
0 908716816
0 35000
cfn=(2018) std::_Function_handler<void (int, int), construct_subsets(int, int)::{lambda(int, int)#1}>::_M_manager(std::_Any_data&, std::_Any_data const&, std::_Manager_operation)
calls=5000 0 
0 600000
0 30000
cob=(4)
cfi=(175)
cfn=(1684)
calls=5000 0 
0 494000
0 50000

fn=(2020)
0 118354485
cfn=(2021) void std::__introsort_loop<__gnu_cxx::__normal_iterator<std::vector<int, std::allocator<int> >*, std::vector<std::vector<int, std::allocator<int> >, std::allocator<std::vector<int, std::allocator<int> > > > >, long, __gnu_cxx::__ops::_Iter_comp_iter<ColorMixer::solve_nnls(std::array<double, 3ul> const&, int, int)::{lambda(auto:1&, auto:2&)#1}> >(__gnu_cxx::__normal_iterator<std::vector<int, std::allocator<int> >*, std::vector<std::vector<int, std::allocator<int> >, std::allocator<std::vector<int, std::allocator<int> > > > >, __gnu_cxx::__normal_iterator<std::vector<int, std::allocator<int> >*, std::vector<std::vector<int, std::allocator<int> >, std::allocator<std::vector<int, std::allocator<int> > > > >, long, __gnu_cxx::__ops::_Iter_comp_iter<ColorMixer::solve_nnls(std::array<double, 3ul> const&, int, int)::{lambda(auto:1&, auto:2&)#1}>)'2
calls=24000 0 
0 235692478
0 849090

fn=(2021)
0 228604944
cfn=(2021)
calls=153000 0 
0 197711254
0 7087534

fn=(2036)
0 4553145
cfn=(2038)
calls=101181 0 
0 8195661
0 3029369
cob=(4)
cfi=(175)
cfn=(2040)
calls=101181 0 
0 4755799
0 19219839
cfn=(2038)
calls=101181 0 
0 8196034
0 1618896
cfn=(2042)
calls=101181 0 
0 11413142271
0 202362
cfn=(2068)
calls=101181 0 
0 10442231
0 1618896
cfn=(2074)
calls=101181 0 
0 32143338
0 1315353
cfn=(2068)
calls=101181 0 
0 9409833
0 1315353
cfn=(2038)
calls=101181 0 
0 8195661
0 18611674
cfn=(1810)
calls=61177 0 
0 7177116
0 280028
cfn=(1810)
calls=40004 0 
0 4680468
0 1315353
cob=(4)
cfi=(175)
cfn=(1326)
calls=101181 0 
0 6582165
0 1011810
cob=(4)
cfi=(175)
cfn=(1808)
calls=101181 0 
0 1375359
0 404724
cfn=(1768)
calls=101181 0 
0 10422023
0 202362
cfn=(2068)
calls=101181 0 
0 9409833
0 505905
cob=(4)
cfi=(175)
cfn=(2064)
calls=101181 0 
0 8802747
0 202362
cfn=(2068)
calls=101181 0 
0 11534366
0 2302078
cob=(4)
cfi=(175)
cfn=(1702)
calls=221386 0 
0 3120385
0 1771088
cob=(4)
cfi=(175)
cfn=(1684)
calls=221386 0 
0 21391670
0 1574787
cob=(4)
cfi=(175)
cfn=(1326)
calls=101181 0 
0 6273222
0 442772
cob=(4)
cfi=(175)
cfn=(1326)
calls=221386 0 
0 17109067
0 2906022

fn=(2044)
0 4350783
cob=(4)
cfi=(175)
cfn=(2040)
calls=101181 0 
0 4755643
0 4047240
cfn=(2046) void Eigen::internal::call_restricted_packet_assignment_no_alias<Eigen::Matrix<double, -1, -1, 0, -1, -1>, Eigen::Product<Eigen::Transpose<Eigen::Matrix<double, -1, -1, 0, -1, -1> const>, Eigen::Matrix<double, -1, -1, 0, -1, -1>, 1>, Eigen::internal::assign_op<double, double> >(Eigen::Matrix<double, -1, -1, 0, -1, -1>&, Eigen::Product<Eigen::Transpose<Eigen::Matrix<double, -1, -1, 0, -1, -1> const>, Eigen::Matrix<double, -1, -1, 0, -1, -1>, 1> const&, Eigen::internal::assign_op<double, double> const&)
calls=101181 0 
0 82034415
0 809448

fn=(2046)
0 82034415

fn=(2084) DicisionActionPerResult::eval_one_result(ColorMixer::Result&, int)
0 25200000
cfn=(2088)
calls=400000 0 
0 16500168924
0 27600000
cob=(4)
cfi=(175)
cfn=(1326)
calls=320000 0 
0 20029594
0 18075990
cfn=(2096) void std::vector<ImmediateInfo, std::allocator<ImmediateInfo> >::_M_realloc_insert<ImmediateInfo&>(__gnu_cxx::__normal_iterator<ImmediateInfo*, std::vector<ImmediateInfo, std::allocator<ImmediateInfo> > >, ImmediateInfo&)
calls=1280000 0 
0 424290151
0 12720000
cob=(4)
cfi=(175)
cfn=(1326)
calls=400000 0 
0 26002286
0 34000000
cob=(4)
cfi=(175)
cfn=(1326)
calls=1600000 0 
0 157559957
0 50446920
cob=(4)
cfi=(175)
cfn=(1684)
calls=1600000 0 
0 163760000
0 7200000
cob=(4)
cfi=(175)
cfn=(1684)
calls=400000 0 
0 38000000
0 800000
cfn=(1688)
calls=400000 0 
0 46240000
0 29200000
cob=(4)
cfi=(175)
cfn=(1684)
calls=3200000 0 
0 364480000
0 20800000
cob=(4)
cfi=(175)
cfn=(1684)
calls=1600000 0 
0 152000000
0 7600000
cob=(4)
cfi=(175)
cfn=(1684)
calls=400000 0 
0 38000000
0 12000000
cob=(4)
cfi=(175)
cfn=(1684)
calls=1600000 0 
0 185600000
0 7200000
cob=(4)
cfi=(175)
cfn=(1684)
calls=400000 0 
0 38000000
0 7200000
cob=(4)
cfi=(175)
cfn=(1326)
calls=400000 0 
0 26000000
0 272978932
cob=(4)
cfi=(175)
cfn=(1326)
calls=1600000 0 
0 104000501
0 14400000
cob=(4)
cfi=(175)
cfn=(1326)
calls=1600000 0 
0 99200000
0 168000000
cob=(4)
cfi=(175)
cfn=(1326)
calls=3200000 0 
0 201616507
0 150906525
cob=(4)
cfi=(175)
cfn=(1326)
calls=3200000 0 
0 201616507
0 44800000
cob=(4)
cfi=(175)
cfn=(1808)
calls=3200000 0 
0 45855662
0 80000000
cob=(4)
cfi=(175)
cfn=(1326)
calls=3200000 0 
0 372361876
0 38400000
cob=(4)
cfi=(175)
cfn=(1808)
calls=3200000 0 
0 45855662
0 64000000
cob=(4)
cfi=(175)
cfn=(1684)
calls=3200000 0 
0 319120000
0 16000000
cob=(4)
cfi=(175)
cfn=(1684)
calls=3200000 0 
0 319120000
0 46400000
cob=(4)
cfi=(175)
cfn=(1326)
calls=320000 0 
0 19840000
0 3840000
cob=(4)
cfi=(175)
cfn=(1808)
calls=320000 0 
0 4800000
0 1920000
cob=(4)
cfi=(175)
cfn=(1684)
calls=320000 0 
0 30400000
0 5120000
cob=(4)
cfi=(175)
cfn=(1684)
calls=1280000 0 
0 121600000
0 62800000
cfn=(1752)
calls=1600000 0 
0 63511372
0 91640740
cfn=(1752)
calls=3200000 0 
0 127022744
0 102400000
cfn=(1746)
calls=3200000 0 
0 127022744
0 32241480
cfn=(2086)
calls=1280000 0 
0 413600136
0 5120000

fn=(2234) State::~State()
0 11
cob=(4)
cfi=(175)
cfn=(1684)
calls=1 0 
0 82
0 6
cob=(4)
cfi=(175)
cfn=(1684)
calls=1 0 
0 251
0 6
cob=(4)
cfi=(175)
cfn=(1684)
calls=1 0 
0 95
0 125
cob=(4)
cfi=(175)
cfn=(1684)
calls=20 0 
0 2318
0 67
cob=(4)
cfi=(175)
cfn=(1684)
calls=1 0 
0 95
0 125
cob=(4)
cfi=(175)
cfn=(1684)
calls=20 0 
0 2320
0 67
cob=(4)
cfi=(175)
cfn=(1684)
calls=1 0 
0 95
0 119
cob=(4)
cfi=(175)
cfn=(1684)
calls=19 0 
0 2204
0 64
cob=(4)
cfi=(175)
cfn=(1684)
calls=1 0 
0 95
0 125
cob=(4)
cfi=(175)
cfn=(1684)
calls=20 0 
0 2320
0 67
cob=(4)
cfi=(175)
cfn=(1684)
calls=1 0 
0 95
0 119
cob=(4)
cfi=(175)
cfn=(1684)
calls=19 0 
0 2204
0 64
cob=(4)
cfi=(175)
cfn=(1684)
calls=1 0 
0 95
0 6
cob=(4)
cfi=(175)
cfn=(1684)
calls=1 0 
0 173
0 9
cob=(4)
cfi=(175)
cfn=(1684)
calls=1 0 
0 95

fn=(1474)
0 3
cfn=(1476) solve()
calls=1 0 
0 61546063680
0 3

fn=(1488) parse_input()
0 22
cob=(4)
cfi=(175)
cfn=(1490) 0x000000000010c570
calls=1 0 
0 5726
0 3
cob=(4)
cfi=(175)
cfn=(1490)
calls=1 0 
0 457
0 3
cob=(4)
cfi=(175)
cfn=(1490)
calls=1 0 
0 541
0 3
cob=(4)
cfi=(175)
cfn=(1490)
calls=1 0 
0 583
0 3
cob=(4)
cfi=(175)
cfn=(1490)
calls=1 0 
0 541
0 27
cob=(4)
cfi=(175)
cfn=(1568) 0x000000000010c5b0
calls=1 0 
0 10448
0 110
cob=(4)
cfi=(175)
cfn=(1568)
calls=11 0 
0 22118
0 144
cob=(4)
cfi=(175)
cfn=(1568)
calls=24 0 
0 47975
0 171
cob=(4)
cfi=(175)
cfn=(1568)
calls=1 0 
0 2023
0 9990
cob=(4)
cfi=(175)
cfn=(1568)
calls=999 0 
0 2003079
0 12000
cob=(4)
cfi=(175)
cfn=(1568)
calls=2000 0 
0 4010073
0 12013
cfn=(1566)
calls=1 0 
0 7264
0 5
cfn=(1566)
calls=1 0 
0 358
0 2

fn=(1676) ManageGroupInfo::construct_group_info()
0 24
cob=(4)
cfi=(175)
cfn=(1326)
calls=1 0 
0 210
0 120
cfn=(1678)
calls=8 0 
0 40
0 107
cob=(4)
cfi=(175)
cfn=(1326)
calls=1 0 
0 210
0 8
cob=(4)
cfi=(175)
cfn=(1680)
calls=1 0 
0 14
0 73
cob=(4)
cfi=(175)
cfn=(1326)
calls=1 0 
0 201
0 34
cob=(4)
cfi=(175)
cfn=(1326)
calls=1 0 
0 204
0 165
cob=(4)
cfi=(175)
cfn=(1326)
calls=11 0 
0 682
0 3412
cob=(4)
cfi=(175)
cfn=(1684)
calls=8 0 
0 760
0 4659
cfn=(1688)
calls=1 0 
0 103
0 2
cfn=(1688)
calls=1 0 
0 103
0 5508
cob=(4)
cfi=(175)
cfn=(1684)
calls=60 0 
0 5700
0 420
cob=(4)
cfi=(175)
cfn=(1326)
calls=60 0 
0 5042
0 496
cob=(4)
cfi=(175)
cfn=(1326)
calls=8 0 
0 1608
0 404

fn=(1756)
0 1030648908
cob=(4)
cfi=(175)
cfn=(1702)
calls=36787980 0 
0 501181740
0 331267644
cob=(4)
cfi=(175)
cfn=(1702)
calls=15984 0 
0 215784
0 236334
cob=(4)
cfi=(175)
cfn=(1326)
calls=12102 0 
0 974990
0 84714
cob=(4)
cfi=(175)
cfn=(1702)
calls=12102 0 
0 1786208
0 72270
cob=(4)
cfi=(175)
cfn=(1684)
calls=11988 0 
0 1283715
0 200940

fn=(1768)
0 232647868
cob=(4)
cfi=(175)
cfn=(1684)
calls=28070796 0 
0 2667712461
0 2020375

fn=(1816)
0 1525680
cob=(4)
cfi=(175)
cfn=(1818)
calls=39120 0 
0 1251840
0 469440
cob=(4)
cfi=(175)
cfn=(1820) 0x000000000010c520
calls=39120 0 
0 627584
0 508132
cob=(4)
cfi=(175)
cfn=(1822)
calls=39120 0 
0 312960
0 391200
cob=(4)
cfi=(175)
cfn=(1824)
calls=39120 0 
0 547680
0 469430
cfn=(1838)
calls=39119 0 
0 12978782
0 8
cfn=(1838)
calls=1 0 
0 612
0 117360
cfn=(1844)
calls=39120 0 
0 28492265
0 4166746
cfn=(1852) bool boost::io::detail::parse_printf_directive<char, std::char_traits<char>, std::allocator<char>, __gnu_cxx::__normal_iterator<char const*, std::__cxx11::basic_string<char, std::char_traits<char>, std::allocator<char> > >, std::ctype<char> >(__gnu_cxx::__normal_iterator<char const*, std::__cxx11::basic_string<char, std::char_traits<char>, std::allocator<char> > >&, __gnu_cxx::__normal_iterator<char const*, std::__cxx11::basic_string<char, std::char_traits<char>, std::allocator<char> > > const&, boost::io::detail::format_item<char, std::char_traits<char>, std::allocator<char> >*, std::ctype<char> const&, unsigned long, unsigned char)
calls=101 0 
0 16463
0 3039300
cfn=(1852)
calls=151965 0 
0 21293746
0 702234
cfn=(1852)
calls=39013 0 
0 5461820
0 5732976
cob=(4)
cfi=(175)
cfn=(1840)
calls=191180 0 
0 4014815
0 5654433
cfn=(1856)
calls=39120 0 
0 245206
0 5703853
cob=(4)
cfi=(175)
cfn=(1808)
calls=730 0 
0 12376
0 1864
cfn=(1854)
calls=101 0 
0 15049
0 1447811
cob=(4)
cfi=(175)
cfn=(1818)
calls=39120 0 
0 1251840
0 39125
cfn=(1826)
calls=1 0 
0 1627
0 215
cob=(4)
cfi=(175)
cfn=(1326)
calls=107 0 
0 6955
0 642
cob=(4)
cfi=(175)
cfn=(1808)
calls=107 0 
0 2508
0 117039
cob=(4)
cfi=(175)
cfn=(1808)
calls=39013 0 
0 585195
0 313150

fn=(1852)
0 26772029

fn=(1858)
0 2484027
cfn=(1860)
calls=191079 0 
0 249976817
0 3248343

fn=(1914)
0 573237
cob=(4)
cfi=(175)
cfn=(1684)
calls=191079 0 
0 18152505

fn=(1938)
0 302470

fn=(1940)
0 453705
cob=(4)
cfi=(175)
cfn=(1876)
calls=151235 0 
0 48438586

fn=(1942)
0 4173
cob=(4)
cfi=(175)
cfn=(1944)
calls=107 0 
0 58004
0 1498
cob=(4)
cfi=(175)
cfn=(1944)
calls=107 0 
0 51044
0 5782
cob=(4)
cfi=(175)
cfn=(1944)
calls=826 0 
0 394005
0 3732
cob=(4)
cfi=(175)
cfn=(1944)
calls=933 0 
0 443355
0 6638

fn=(2008) dicision_action(Input&, State&, ColorMixer&, double, ManageGroupInfo&, FractorManager&)
0 514000
cfn=(2098)
calls=1000 0 
0 26732742
0 3000
cfn=(1688)
calls=1000 0 
0 122000
0 33282
cob=(4)
cfi=(175)
cfn=(1684)
calls=5047 0 
0 584921
0 21141
cob=(4)
cfi=(175)
cfn=(1684)
calls=1000 0 
0 95021
0 2000
cfn=(1688)
calls=1000 0 
0 123544
0 57000
cfn=(2010)
calls=5000 0 
0 35322062455
0 7245000
cfn=(2084)
calls=400000 0 
0 22257685210
0 3390770
cfn=(1742)
calls=3995 0 
0 503039
0 90486
cfn=(1742)
calls=10054 0 
0 1095692
0 11295966
cob=(4)
cfi=(175)
cfn=(1684)
calls=1600000 0 
0 185494013
0 7200000
cob=(4)
cfi=(175)
cfn=(1684)
calls=400000 0 
0 38000000
0 3610000
cob=(4)
cfi=(175)
cfn=(1684)
calls=200000 0 
0 22900000
0 1200000
cob=(4)
cfi=(175)
cfn=(1684)
calls=200000 0 
0 23200000
0 630000
cob=(4)
cfi=(175)
cfn=(1684)
calls=5000 0 
0 1145977
0 25000
cob=(4)
cfi=(175)
cfn=(1702)
calls=4000 0 
0 59000
0 32000
cob=(4)
cfi=(175)
cfn=(1684)
calls=4000 0 
0 380000
0 21000
cob=(4)
cfi=(175)
cfn=(1326)
calls=1000 0 
0 62000
0 8000
cob=(4)
cfi=(175)
cfn=(1326)
calls=4000 0 
0 257000
0 43430
cob=(4)
cfi=(175)
cfn=(1326)
calls=3905 0 
0 255012
0 277535
cob=(4)
cfi=(175)
cfn=(1326)
calls=13900 0 
0 876701
0 420083
cob=(4)
cfi=(175)
cfn=(1684)
calls=8853 0 
0 841035
0 43084
cob=(4)
cfi=(175)
cfn=(1684)
calls=2905 0 
0 275994
0 39430
cob=(4)
cfi=(175)
cfn=(1326)
calls=4000 0 
0 254000
0 30000
cob=(4)
cfi=(175)
cfn=(1702)
calls=3000 0 
0 45000
0 30000
cob=(4)
cfi=(175)
cfn=(1684)
calls=3000 0 
0 285000
0 58000

fn=(2032)
0 42103215

fn=(2062)
0 1187012354

fn=(2070)
0 140376078
cob=(4)
cfi=(175)
cfn=(1326)
calls=5199114 0 
0 337942410
0 83185824
cob=(4)
cfi=(175)
cfn=(1680)
calls=5199114 0 
0 72773557
0 242320288
cfn=(2072)
calls=5199114 0 
0 77986710
0 41592912
cob=(4)
cfi=(175)
cfn=(1326)
calls=5199114 0 
0 353666240
0 88384938
cob=(4)
cfi=(175)
cfn=(1680)
calls=5199114 0 
0 72773557
0 456721323
cob=(4)
cfi=(175)
cfn=(2040)
calls=5199114 0 
0 246940535
0 335675566
cfn=(1768)
calls=5199114 0 
0 535987065
0 10398228
cfn=(1768)
calls=5199114 0 
0 535508742
0 105695592
cob=(4)
cfi=(175)
cfn=(1702)
calls=959382 0 
0 12557848
0 186540012

fn=(2096)
0 65440000
cob=(4)
cfi=(175)
cfn=(1326)
calls=1280000 0 
0 80638558
0 76930930
cob=(4)
cfi=(175)
cfn=(1684)
calls=880000 0 
0 83600000
0 21360000
cob=(4)
cfi=(175)
cfn=(1326)
calls=1280000 0 
0 83200663
0 13120000

fn=(2100) std::_Rb_tree_iterator<std::pair<int const, int> > std::_Rb_tree<int, std::pair<int const, int>, std::_Select1st<std::pair<int const, int> >, std::less<int>, std::allocator<std::pair<int const, int> > >::_M_emplace_hint_unique<std::piecewise_construct_t const&, std::tuple<int const&>, std::tuple<> >(std::_Rb_tree_const_iterator<std::pair<int const, int> >, std::piecewise_construct_t const&, std::tuple<int const&>&&, std::tuple<>&&) [clone .isra.0]
0 100
cob=(4)
cfi=(175)
cfn=(1326)
calls=10 0 
0 650
0 90
cfn=(1454)
calls=10 0 
0 222
0 80
cob=(4)
cfi=(175)
cfn=(1458)
calls=10 0 
0 350
0 106

fn=(2272)
0 9
cob=(4)
cfi=(175)
cfn=(2278) 0x000000000010c450
calls=1 0 
0 134
0 1
cfn=(2288) 0x0000000000005c30
calls=1 0 
0 5
0 3

fn=(1330)
0 21

fn=(1454)
0 252
cfn=(1456)
calls=3 0 
0 57
0 81

fn=(1476)
0 13
cob=(4)
cfi=(175)
cfn=(1478) 0x000000000010c720
calls=1 0 
0 900
0 5
cfn=(1488)
calls=1 0 
0 6145682
0 12
cfn=(1676)
calls=1 0 
0 30309
0 35
cfn=(1690)
calls=1 0 
0 127
0 66
cfn=(1690)
calls=11 0 
0 729
0 46
cob=(4)
cfi=(175)
cfn=(1692) 0x000000000010c6d0
calls=1 0 
0 13
0 1
cob=(4)
cfi=(175)
cfn=(1692)
calls=1 0 
0 18
0 14
cob=(4)
cfi=(175)
cfn=(1326)
calls=1 0 
0 62
0 11
cob=(4)
cfi=(175)
cfn=(1692)
calls=1 0 
0 13
0 4
cob=(4)
cfi=(175)
cfn=(1692)
calls=1 0 
0 18
0 34
cfn=(1696) FractorManager::construct(int, int)
calls=1 0 
0 1941518
0 4
cfn=(1696)
calls=1 0 
0 14243361
0 8
cfn=(1696)
calls=2 0 
0 303810616
0 14
cfn=(1790)
calls=1 0 
0 547234
0 4
cfn=(1802)
calls=1 0 
0 142597
0 13
cob=(4)
cfi=(175)
cfn=(1326)
calls=1 0 
0 65
0 13
cob=(4)
cfi=(175)
cfn=(1702)
calls=1 0 
0 67
0 15227
cfn=(1814)
calls=100 0 
0 11424180
0 9100
cfn=(2008)
calls=1000 0 
0 57919655563
0 27632
cfn=(2100)
calls=5 0 
0 799
0 28638
cfn=(2100)
calls=5 0 
0 799
0 9005
cfn=(2102)
calls=1000 0 
0 82282421
0 80988
cfn=(2102)
calls=26996 0 
0 2044654575
0 91988
cfn=(2102)
calls=1000 0 
0 79320326
0 11682
cfn=(2102)
calls=3894 0 
0 306863925
0 23682
cfn=(2102)
calls=1000 0 
0 538749
0 3000
cfn=(2118)
calls=1000 0 
0 111388
0 7936
cfn=(2102)
calls=984 0 
0 76836030
0 9543
cfn=(2102)
calls=3181 0 
0 246916505
0 19415
cob=(4)
cfi=(175)
cfn=(1684)
calls=984 0 
0 94334
0 6000
cob=(4)
cfi=(175)
cfn=(1684)
calls=1000 0 
0 96099
0 7000
cob=(4)
cfi=(175)
cfn=(1684)
calls=1000 0 
0 119186
0 2008
cfn=(1814)
calls=1 0 
0 136289
0 235
cfn=(1816)
calls=5 0 
0 12318
0 35
cfn=(1858)
calls=5 0 
0 6945
0 35
cfn=(1858)
calls=5 0 
0 6591
0 35
cfn=(1858)
calls=5 0 
0 6681
0 35
cfn=(1858)
calls=5 0 
0 21629
0 15
cfn=(1942)
calls=5 0 
0 21075
0 55
cob=(4)
cfi=(175)
cfn=(2000)
calls=5 0 
0 1790
0 10
cob=(4)
cfi=(175)
cfn=(2004)
calls=5 0 
0 1030
0 10
cfn=(2006)
calls=5 0 
0 1530
0 10
cob=(4)
cfi=(175)
cfn=(2198) 0x000000000010c5d0
calls=5 0 
0 73
0 21
cob=(4)
cfi=(175)
cfn=(1478)
calls=1 0 
0 31
0 15
cob=(4)
cfi=(175)
cfn=(1774)
calls=1 0 
0 23
0 9
cfn=(1816)
calls=1 0 
0 2445
0 11
cfn=(1858)
calls=1 0 
0 1497
0 10
cfn=(1858)
calls=1 0 
0 4580
0 7
cfn=(1858)
calls=1 0 
0 1359
0 7
cfn=(1858)
calls=1 0 
0 1359
0 3
cfn=(1942)
calls=1 0 
0 4214
0 11
cob=(4)
cfi=(175)
cfn=(2000)
calls=1 0 
0 358
0 2
cob=(4)
cfi=(175)
cfn=(2004)
calls=1 0 
0 206
0 2
cfn=(2006)
calls=1 0 
0 306
0 3
cfn=(2212)
calls=1 0 
0 9118
0 5
cfn=(2212)
calls=1 0 
0 9264
0 11
cob=(4)
cfi=(175)
cfn=(1326)
calls=1 0 
0 416
0 14
cob=(4)
cfi=(175)
cfn=(1702)
calls=1 0 
0 936298
0 4
cfn=(2214)
calls=1 0 
0 403701180
0 3
cob=(4)
cfi=(175)
cfn=(1684)
calls=1 0 
0 82
0 2
cfn=(1800)
calls=1 0 
0 2466
0 2
cfn=(1800)
calls=1 0 
0 2490
0 2
cfn=(2232)
calls=1 0 
0 653
0 2
cfn=(2232)
calls=1 0 
0 655
0 6
cob=(4)
cfi=(175)
cfn=(1684)
calls=1 0 
0 95
0 2
cfn=(2234)
calls=1 0 
0 13517
0 2
cfn=(1800)
calls=1 0 
0 2615
0 2
cfn=(1800)
calls=1 0 
0 2490
0 2
cfn=(2236)
calls=1 0 
0 45729
0 7
cob=(4)
cfi=(175)
cfn=(1684)
calls=1 0 
0 95
0 2
cfn=(2238)
calls=1 0 
0 44969819
0 7
cob=(4)
cfi=(175)
cfn=(1684)
calls=1 0 
0 95
0 2
cfn=(1688)
calls=1 0 
0 124
0 2
cfn=(2240)
calls=1 0 
0 271
0 77
cob=(4)
cfi=(175)
cfn=(1684)
calls=12 0 
0 1341
0 43
cob=(4)
cfi=(175)
cfn=(1684)
calls=1 0 
0 95
0 6
cob=(4)
cfi=(175)
cfn=(1684)
calls=1 0 
0 197
0 6
cob=(4)
cfi=(175)
cfn=(1684)
calls=1 0 
0 95
0 15

fn=(1696)
0 96
cob=(4)
cfi=(175)
cfn=(1326)
calls=4 0 
0 248
0 52
cfn=(1698)
calls=4 0 
0 673
0 12
cfn=(1700)
calls=4 0 
0 20
0 36
cob=(4)
cfi=(175)
cfn=(1326)
calls=4 0 
0 390
0 44
cfn=(1700)
calls=4 0 
0 20
0 32
cob=(4)
cfi=(175)
cfn=(1704) 0x000000000010c810
calls=4 0 
0 528
0 2702
cfn=(1732)
calls=114 0 
0 42000932
0 342
cfn=(1740)
calls=114 0 
0 97019658
0 1368
cob=(4)
cfi=(175)
cfn=(1326)
calls=114 0 
0 8218012
0 1368
cob=(4)
cfi=(175)
cfn=(1680)
calls=114 0 
0 1742760
0 373657
cfn=(1714)
calls=41116 0 
0 2445900
0 164464
cfn=(1716)
calls=41116 0 
0 1984222
0 126567
cfn=(1718)
calls=1073 0 
0 421604
0 5365
cob=(4)
cfi=(175)
cfn=(1326)
calls=1073 0 
0 164440
0 50907
cfn=(1698)
calls=72 0 
0 788229
0 1330080
cob=(4)
cfi=(175)
cfn=(1684)
calls=114 0 
0 20084
0 912
cfn=(1744)
calls=114 0 
0 69423
0 2052
cfn=(1750)
calls=114 0 
0 47281
0 342
cfn=(1756)
calls=114 0 
0 1656827
0 684
cob=(4)
cfi=(175)
cfn=(1684)
calls=114 0 
0 19370
0 260
cob=(4)
cfi=(175)
cfn=(1684)
calls=4 0 
0 380
0 40052
cob=(4)
cfi=(175)
cfn=(1684)
calls=10013 0 
0 1160971
0 20054
cob=(4)
cfi=(175)
cfn=(1680)
calls=4 0 
0 105505
0 36
cob=(4)
cfi=(175)
cfn=(1684)
calls=4 0 
0 346005
0 8
cfn=(1768)
calls=4 0 
0 656
0 60178
cob=(4)
cfi=(175)
cfn=(1684)
calls=10025 0 
0 1162896
0 30139
cob=(4)
cfi=(175)
cfn=(1684)
calls=4 0 
0 619328
0 216
cob=(4)
cfi=(175)
cfn=(1326)
calls=72 0 
0 20858
0 792
cob=(4)
cfi=(175)
cfn=(1702)
calls=72 0 
0 333588
0 576
cob=(4)
cfi=(175)
cfn=(1684)
calls=72 0 
0 9977
0 228
cob=(4)
cfi=(175)
cfn=(1704)
calls=2 0 
0 264
0 2
cob=(4)
cfi=(175)
cfn=(1774)
calls=2 0 
0 46
0 4511145
cob=(4)
cfi=(175)
cfn=(1326)
calls=304950 0 
0 21085569
0 4269300
cfn=(1714)
calls=304950 0 
0 21637551
0 1219800
cob=(4)
cfi=(175)
cfn=(1684)
calls=304950 0 
0 28970653
0 914850
cfn=(1716)
calls=304950 0 
0 14609946
0 950626
cfn=(1718)
calls=8944 0 
0 2129892
0 44720
cob=(4)
cfi=(175)
cfn=(1326)
calls=8944 0 
0 1817006
0 708142
cfn=(1698)
calls=4 0 
0 2512
0 124
cfn=(1698)
calls=30 0 
0 1204818
0 1246
cob=(4)
cfi=(175)
cfn=(1702)
calls=4 0 
0 60
0 24
cob=(4)
cfi=(175)
cfn=(1684)
calls=4 0 
0 380
0 578
cob=(4)
cfi=(175)
cfn=(1326)
calls=114 0 
0 209588
0 2429796
cob=(4)
cfi=(175)
cfn=(1326)
calls=220818 0 
0 43474581
0 6031399
cob=(4)
cfi=(175)
cfn=(1326)
calls=4 0 
0 390
0 24
cob=(4)
cfi=(175)
cfn=(1326)
calls=4 0 
0 260
0 106
cob=(4)
cfi=(175)
cfn=(1326)
calls=30 0 
0 10844
0 240
cob=(4)
cfi=(175)
cfn=(1702)
calls=30 0 
0 1178668
0 120
cob=(4)
cfi=(175)
cfn=(1684)
calls=30 0 
0 5187
0 632

fn=(1846)
0 1408320
cob=(4)
cfi=(175)
cfn=(1326)
calls=39120 0 
0 11204549
0 234720
cfn=(1848)
calls=39120 0 
0 9385476
0 508560

fn=(1856)
0 391103
cob=(4)
cfi=(175)
cfn=(1684)
calls=107 0 
0 10165
0 78028

fn=(2014)
0 900000
cfn=(2015) std::_Function_handler<void (int, int), construct_subsets(int, int)::{lambda(int, int)#1}>::_M_invoke(std::_Any_data const&, int&&, int&&)'2
calls=60000 0 
0 907586816
0 230000

fn=(2015)
0 173101000
cfn=(2015)
calls=5203000 0 
0 3141865709
0 117640000
cob=(4)
cfi=(175)
cfn=(1326)
calls=2448000 0 
0 242295646
0 22032000
cob=(4)
cfi=(175)
cfn=(1702)
calls=2448000 0 
0 32362000
0 12485000
cfn=(2016)
calls=49000 0 
0 307622170
0 49000

fn=(2018)
0 95000
cob=(4)
cfi=(175)
cfn=(1684)
calls=5000 0 
0 475000
0 30000

fn=(2038)
0 174482022
cob=(4)
cfi=(175)
cfn=(2040)
calls=7931001 0 
0 379851042
0 95172012

fn=(2066)
0 114425518

fn=(2074)
0 148408260
cob=(4)
cfi=(175)
cfn=(2040)
calls=5300295 0 
0 250084178
0 95405310
cob=(4)
cfi=(175)
cfn=(1680)
calls=5300295 0 
0 70886774
0 84804720
cfn=(2062)
calls=5300295 0 
0 794600789
0 58303245

fn=(2108)
0 612884
cob=(4)
cfi=(175)
cfn=(1326)
calls=36052 0 
0 2343380
0 2107821

fn=(2112)
0 288416
cob=(4)
cfi=(175)
cfn=(1684)
calls=36052 0 
0 3424940

fn=(2208)
0 2

fn=(2216)
0 1329833
cfn=(1816)
calls=36052 0 
0 92617588
0 252364
cfn=(1858)
calls=36052 0 
0 50580956
0 360520
cfn=(1858)
calls=36052 0 
0 47699507
0 216312
cfn=(1858)
calls=36052 0 
0 47649416
0 216312
cfn=(1858)
calls=36052 0 
0 47687404
0 216312
cfn=(1858)
calls=36052 0 
0 47632916
0 108156
cfn=(2218)
calls=36052 0 
0 18706836
0 78026
cfn=(2006)
calls=39013 0 
0 12381200
0 475177
cfn=(1816)
calls=1003 0 
0 2194564
0 7021
cfn=(1858)
calls=1003 0 
0 1393167
0 10030
cfn=(1858)
calls=1003 0 
0 1323935
0 6018
cfn=(1858)
calls=1003 0 
0 1306032
0 6018
cfn=(1858)
calls=1003 0 
0 1295808
0 3009
cfn=(2218)
calls=1003 0 
0 428337
0 7003
cfn=(1816)
calls=1000 0 
0 1807000
0 7000
cfn=(1858)
calls=1000 0 
0 1375000
0 10000
cfn=(1858)
calls=1000 0 
0 1311000
0 6000
cfn=(1858)
calls=1000 0 
0 1276000
0 3000
cfn=(2218)
calls=1000 0 
0 338000
0 6748
cfn=(1816)
calls=958 0 
0 1731106
0 6706
cfn=(1858)
calls=958 0 
0 1317250
0 9580
cfn=(1858)
calls=958 0 
0 1255938
0 5748
cfn=(1858)
calls=958 0 
0 1222408
0 2874
cfn=(2218)
calls=958 0 
0 323804
0 958

fn=(2288)
0 5

ob=(4)
fl=(175)
fn=(768)
0 2
cob=(7)
cfi=(185)
cfn=(772)
calls=1 0 
0 51
cob=(1)
cfi=(186)
cfn=(642)
calls=1 71 
0 745
0 5

fn=(786)
0 28
cob=(2)
cfi=(192)
cfn=(790)
calls=14 30 
0 308
cob=(1)
cfi=(186)
cfn=(642)
calls=1 71 
0 814
0 5

fn=(792)
0 256
cob=(2)
cfi=(193)
cfn=(796)
calls=128 30 
0 3200
cob=(1)
cfi=(186)
cfn=(642)
calls=1 71 
0 902
0 5

fn=(864)
0 2
cob=(7)
cfi=(185)
cfn=(868)
calls=1 0 
0 51
cob=(1)
cfi=(186)
cfn=(642)
calls=1 71 
0 745
0 5

fn=(938)
0 2
cob=(7)
cfi=(185)
cfn=(942)
calls=1 0 
0 353
cob=(1)
cfi=(186)
cfn=(642)
calls=1 71 
0 938
0 5

fn=(1136)
0 264874532
cob=(2)
cfi=(204)
cfn=(1140)
calls=132437266 3294 
0 6718005563
cob=(1)
cfi=(186)
cfn=(642)
calls=1 71 
0 901
0 5

fn=(1392)
0 12
cob=(7)
cfi=(185)
cfn=(1394)
calls=6 0 
0 1935

fn=(1450)
0 2
cob=(7)
cfi=(185)
cfn=(1452)
calls=1 0 
0 11

fn=(1598)
0 12144
cob=(7)
cfi=(185)
cfn=(1602)
calls=6072 0 
0 218592
cob=(1)
cfi=(186)
cfn=(642)
calls=1 71 
0 681
0 5

fn=(1654)
0 264874518
cob=(7)
cfi=(185)
cfn=(1658)
calls=132437259 0 
0 12104982500
cob=(1)
cfi=(186)
cfn=(642)
calls=1 71 
0 606
0 5

fn=(1720)
0 20490
cob=(7)
cfi=(185)
cfn=(1722)
calls=10245 0 
0 170305

fn=(1870)
0 764316
cob=(7)
cfi=(185)
cfn=(1412)
calls=382158 0 
0 2675106

fn=(1876)
0 382146
cob=(7)
cfi=(185)
cfn=(1878)
calls=191073 0 
0 64398730

fn=(1970)
0 4378
cob=(7)
cfi=(185)
cfn=(1974)
calls=2189 0 
0 49074
cob=(1)
cfi=(186)
cfn=(642)
calls=1 71 
0 690
0 5

fn=(1994)
0 4150
cob=(2)
cfi=(245)
cfn=(1998)
calls=2075 25 
0 16600
cob=(1)
cfi=(186)
cfn=(642)
calls=1 71 
0 785
0 5

fn=(2040)
0 42122232
cob=(2)
cfi=(204)
cfn=(1140)
calls=21061116 3294 
0 965547170

fn=(2156)
0 24
cob=(2)
cfi=(251)
cfn=(2158)
calls=12 53 
0 228

fn=(2170)
0 36
cob=(2)
cfi=(225)
cfn=(1628)
calls=18 255 
0 210

fn=(2278)
0 2
cob=(2)
cfi=(273)
cfn=(2280)
calls=1 30 
0 132

fn=(2392)
0 4

fn=(650)
0 764372
cob=(7)
cfi=(185)
cfn=(654)
calls=382186 0 
0 11539266
cob=(1)
cfi=(186)
cfn=(642)
calls=1 71 
0 674
0 5

fn=(710)
0 2
cob=(2)
cfi=(190)
cfn=(714)
calls=1 43 
0 40
cob=(1)
cfi=(186)
cfn=(642)
calls=1 71 
0 814
0 5

fn=(564)
0 42
cob=(1)
cfi=(11)
cfn=(28)
calls=21 387 
0 493

fn=(602)
0 2
cob=(2)
cfi=(181)
cfn=(604)
calls=1 53 
0 22

fn=(720)
0 64
cob=(7)
cfi=(185)
cfn=(724)
calls=32 0 
0 13455
cob=(1)
cfi=(186)
cfn=(642)
calls=1 71 
0 942
0 5

fn=(732)
0 2
cob=(7)
cfi=(185)
cfn=(736)
calls=1 0 
0 44
cob=(1)
cfi=(186)
cfn=(642)
calls=1 71 
0 782
0 5

fn=(738)
0 2
cob=(7)
cfi=(185)
cfn=(742)
calls=1 0 
0 417
cob=(1)
cfi=(186)
cfn=(642)
calls=1 71 
0 1002
0 5

fn=(820)
0 6222
cob=(2)
cfi=(198)
cfn=(822)
calls=3111 52 
0 43554

fn=(872)
0 2
cob=(7)
cfi=(185)
cfn=(876)
calls=1 0 
0 417
cob=(1)
cfi=(186)
cfn=(642)
calls=1 71 
0 930
0 5

fn=(926)
0 2
cob=(7)
cfi=(185)
cfn=(930)
calls=1 0 
0 51
cob=(1)
cfi=(186)
cfn=(642)
calls=1 71 
0 713
0 5

fn=(956)
0 2
cob=(7)
cfi=(185)
cfn=(960)
calls=1 0 
0 109
cob=(1)
cfi=(186)
cfn=(642)
calls=1 71 
0 1034
0 5

fn=(1108)
0 2
cob=(7)
cfi=(185)
cfn=(1112)
calls=1 0 
0 3
cob=(1)
cfi=(186)
cfn=(642)
calls=1 71 
0 740
0 5

fn=(1364)
0 12
cob=(2)
cfi=(213)
cfn=(1368)
calls=6 25 
0 24
cob=(1)
cfi=(186)
cfn=(642)
calls=1 71 
0 915
0 5

fn=(1386)
0 6
cob=(7)
cfi=(185)
cfn=(1390)
calls=3 0 
0 1249
cob=(1)
cfi=(186)
cfn=(642)
calls=1 71 
0 1001
0 5

fn=(1592)
0 6072
cob=(7)
cfi=(185)
cfn=(1596)
calls=3036 0 
0 2022792
cob=(1)
cfi=(186)
cfn=(642)
calls=1 71 
0 1309
0 5

fn=(1608)
0 6072
cob=(7)
cfi=(185)
cfn=(1612)
calls=3036 0 
0 2544897
cob=(1)
cfi=(186)
cfn=(642)
calls=1 71 
0 982
0 5

fn=(1702)
0 180590650
cob=(2)
cfi=(225)
cfn=(1628)
calls=90295325 255 
0 1137915440

fn=(1708)
0 12
cob=(3)
cfi=(236)
cfn=(1710)
calls=6 283 
0 636

fn=(1774)
0 208
cob=(3)
cfi=(238)
cfn=(1776)
calls=104 30 
0 2179

fn=(1822)
0 156480
cob=(7)
cfi=(185)
cfn=(730)
calls=78240 0 
0 469440

fn=(1832)
0 2
cob=(2)
cfi=(199)
cfn=(826)
calls=1 73 
0 47
cob=(1)
cfi=(186)
cfn=(642)
calls=1 71 
0 801
0 5

fn=(1840)
0 842758
cob=(2)
cfi=(243)
cfn=(1842)
calls=421379 61 
0 8006271

fn=(1864)
0 382158
cob=(7)
cfi=(185)
cfn=(1030)
calls=191079 0 
0 17579268

fn=(1964)
0 4378
cob=(7)
cfi=(185)
cfn=(1968)
calls=2189 0 
0 73848
cob=(1)
cfi=(186)
cfn=(642)
calls=1 71 
0 722
0 5

fn=(2054)
0 805152
cob=(2)
cfi=(246)
cfn=(2056)
calls=402576 26 
0 22933846

fn=(2136)
0 12
cob=(7)
cfi=(185)
cfn=(2140)
calls=6 0 
0 138
cob=(1)
cfi=(186)
cfn=(642)
calls=1 71 
0 886
0 5

fn=(2148)
0 12
cob=(2)
cfi=(249)
cfn=(2152)
calls=6 102 
0 13319
cob=(1)
cfi=(186)
cfn=(642)
calls=1 71 
0 793
0 5

fn=(2314)
0 4

fn=(2412)
0 2
cob=(2)
cfi=(273)
cfn=(2280)
calls=1 30 
0 132

fn=(678)
0 2
cob=(7)
cfi=(185)
cfn=(682)
calls=1 0 
0 3953
cob=(1)
cfi=(186)
cfn=(642)
calls=1 71 
0 702
0 5

fn=(744)
0 2
cob=(7)
cfi=(185)
cfn=(748)
calls=1 0 
0 114
cob=(1)
cfi=(186)
cfn=(642)
calls=1 71 
0 1066
0 5

fn=(780)
0 2
cob=(7)
cfi=(185)
cfn=(784)
calls=1 0 
0 25500
cob=(1)
cfi=(186)
cfn=(642)
calls=1 71 
0 794
0 5

fn=(1026)
0 16
cob=(7)
cfi=(185)
cfn=(1030)
calls=8 0 
0 736
cob=(1)
cfi=(186)
cfn=(642)
calls=1 71 
0 678
0 5

fn=(1092)
0 4
cob=(7)
cfi=(185)
cfn=(1096)
calls=2 0 
0 10
cob=(1)
cfi=(186)
cfn=(642)
calls=1 71 
0 744
0 5

fn=(1344)
0 12
cob=(7)
cfi=(185)
cfn=(1348)
calls=6 0 
0 24
cob=(1)
cfi=(186)
cfn=(642)
calls=1 71 
0 854
0 5

fn=(1352)
0 12
cob=(7)
cfi=(185)
cfn=(1356)
calls=6 0 
0 3159
cob=(1)
cfi=(186)
cfn=(642)
calls=1 71 
0 934
0 5

fn=(1444)
0 8
cob=(7)
cfi=(185)
cfn=(1448)
calls=4 0 
0 28
cob=(1)
cfi=(186)
cfn=(642)
calls=1 71 
0 933
0 5

fn=(1684)
0 264868446
cob=(7)
cfi=(185)
cfn=(1686)
calls=132434223 0 
0 12634448322

fn=(1724)
0 72
cob=(7)
cfi=(185)
cfn=(1728)
calls=36 0 
0 3896
cob=(1)
cfi=(186)
cfn=(642)
calls=1 71 
0 942
0 5

fn=(1920)
0 382158
cob=(7)
cfi=(185)
cfn=(1924)
calls=191079 0 
0 3057264
cob=(1)
cfi=(186)
cfn=(642)
calls=1 71 
0 880
0 5

fn=(1932)
0 467120
cob=(2)
cfi=(225)
cfn=(1628)
calls=233560 255 
0 3794774
cob=(1)
cfi=(186)
cfn=(642)
calls=1 71 
0 1051
0 5

fn=(1988)
0 4150
cob=(7)
cfi=(185)
cfn=(1992)
calls=2075 0 
0 106615
cob=(1)
cfi=(186)
cfn=(642)
calls=1 71 
0 790
0 5

fn=(2004)
0 214
cob=(7)
cfi=(185)
cfn=(1952)
calls=107 0 
0 21828

fn=(630)
0 7

fn=(1310)
0 7

fn=(774)
0 2
cob=(7)
cfi=(185)
cfn=(778)
calls=1 0 
0 26347
cob=(1)
cfi=(186)
cfn=(642)
calls=1 71 
0 686
0 5

fn=(834)
0 2
cob=(7)
cfi=(185)
cfn=(838)
calls=1 0 
0 353
cob=(1)
cfi=(186)
cfn=(642)
calls=1 71 
0 978
0 5

fn=(992)
0 2
cob=(7)
cfi=(185)
cfn=(996)
calls=1 0 
0 51
cob=(1)
cfi=(186)
cfn=(642)
calls=1 71 
0 713
0 5

fn=(1062)
0 8
cob=(7)
cfi=(185)
cfn=(1066)
calls=4 0 
0 1722
cob=(1)
cfi=(186)
cfn=(642)
calls=1 71 
0 985
0 5

fn=(1458)
0 40
cob=(7)
cfi=(185)
cfn=(1460)
calls=20 0 
0 732

fn=(1462)
0 2
cob=(1)
cfi=(48)
cfn=(1464)
calls=1 118 
0 5

fn=(1568)
0 6072
cob=(7)
cfi=(185)
cfn=(1570)
calls=3036 0 
0 6089644

fn=(1614)
0 6072
cob=(2)
cfi=(224)
cfn=(1618)
calls=3036 1782 
0 2428640
cob=(1)
cfi=(186)
cfn=(642)
calls=1 71 
0 884
0 5

fn=(1926)
0 382158
cob=(7)
cfi=(185)
cfn=(1930)
calls=191079 0 
0 3439422
cob=(1)
cfi=(186)
cfn=(642)
calls=1 71 
0 880
0 5

fn=(1948)
0 4380
cob=(7)
cfi=(185)
cfn=(1953)
calls=107 0 
0 7597
cob=(7)
cfi=(185)
cfn=(1952)
calls=2083 0 
0 148184
cob=(1)
cfi=(186)
cfn=(642)
calls=1 71 
0 681
0 5

fn=(1949)
0 2
cob=(7)
cfi=(185)
cfn=(1953)
calls=1 0 
0 71

fn=(1976)
0 4378
cob=(1)
cfi=(244)
cfn=(1980)
calls=2189 29 
0 26268
cob=(1)
cfi=(186)
cfn=(642)
calls=1 71 
0 911
0 5

fn=(2130)
0 12
cob=(7)
cfi=(185)
cfn=(2134)
calls=6 0 
0 18429
cob=(1)
cfi=(186)
cfn=(642)
calls=1 71 
0 1277
0 5

fn=(2198)
0 10
cob=(7)
cfi=(185)
cfn=(2200)
calls=5 0 
0 63

fn=(2226)
0 114
cob=(2)
cfi=(266)
cfn=(2230)
calls=57 25 
0 456
cob=(1)
cfi=(186)
cfn=(642)
calls=1 71 
0 765
0 5

fn=(2382)
0 2
cob=(2)
cfi=(273)
cfn=(2280)
calls=1 30 
0 132

fn=(620)
0 7

fn=(858)
0 2
cob=(7)
cfi=(185)
cfn=(862)
calls=1 0 
0 154
cob=(1)
cfi=(186)
cfn=(642)
calls=1 71 
0 1062
0 5

fn=(902)
0 2
cob=(7)
cfi=(185)
cfn=(906)
calls=1 0 
0 115
cob=(1)
cfi=(186)
cfn=(642)
calls=1 71 
0 1018
0 5

fn=(968)
0 2
cob=(7)
cfi=(185)
cfn=(972)
calls=1 0 
0 109
cob=(1)
cfi=(186)
cfn=(642)
calls=1 71 
0 1010
0 5

fn=(1118)
0 2
cob=(2)
cfi=(201)
cfn=(1122)
calls=1 28 
0 453
cob=(1)
cfi=(186)
cfn=(642)
calls=1 71 
0 956
0 5

fn=(1322)
0 18
cob=(2)
cfi=(200)
cfn=(1080)
calls=9 67 
0 684

fn=(1332)
0 2
cob=(7)
cfi=(185)
cfn=(1334)
calls=1 0 
0 16039

fn=(1338)
0 6
cob=(7)
cfi=(185)
cfn=(1342)
calls=3 0 
0 1147
cob=(1)
cfi=(186)
cfn=(642)
calls=1 71 
0 841
0 5

fn=(1358)
0 24
cob=(7)
cfi=(185)
cfn=(1362)
calls=12 0 
0 48
cob=(1)
cfi=(186)
cfn=(642)
calls=1 71 
0 778
0 5

fn=(1402)
0 8
cob=(7)
cfi=(185)
cfn=(1406)
calls=4 0 
0 1026
cob=(1)
cfi=(186)
cfn=(642)
calls=1 71 
0 1009
0 5

fn=(1416)
0 6
cob=(7)
cfi=(185)
cfn=(1420)
calls=3 0 
0 297
cob=(1)
cfi=(186)
cfn=(642)
calls=1 71 
0 857
0 5

fn=(1522)
0 6
cob=(2)
cfi=(223)
cfn=(1526)
calls=3 25 
0 24
cob=(1)
cfi=(186)
cfn=(642)
calls=1 71 
0 779
0 5

fn=(1574)
0 6072
cob=(7)
cfi=(185)
cfn=(1578)
calls=3036 0 
0 460093
cob=(1)
cfi=(186)
cfn=(642)
calls=1 71 
0 669
0 5

fn=(1586)
0 6072
cob=(7)
cfi=(185)
cfn=(1590)
calls=3036 0 
0 270349
cob=(1)
cfi=(186)
cfn=(642)
calls=1 71 
0 749
0 5

fn=(1692)
0 8
cob=(7)
cfi=(185)
cfn=(1694)
calls=4 0 
0 54

fn=(1818)
0 234720
cob=(7)
cfi=(185)
cfn=(654)
calls=117360 0 
0 3520800

fn=(1828)
0 2
cob=(7)
cfi=(185)
cfn=(1830)
calls=1 0 
0 1609

fn=(1982)
0 4150
cob=(7)
cfi=(185)
cfn=(1986)
calls=2075 0 
0 196635
cob=(1)
cfi=(186)
cfn=(642)
calls=1 71 
0 993
0 5

fn=(636)
0 4
cob=(7)
cfi=(185)
cfn=(648)
calls=2 0 
0 83907
cob=(1)
cfi=(186)
cfn=(642)
calls=1 71 
0 718
0 5

fn=(2064)
0 42122232
cob=(2)
cfi=(204)
cfn=(1664)
calls=21061116 3359 
0 1797081969

fn=(2194)
0 12
cob=(2)
cfi=(243)
cfn=(1842)
calls=6 61 
0 114
cob=(1)
cfi=(186)
cfn=(642)
calls=1 71 
0 824
0 5

fn=(2304) 0x000000000483d030
0 2
cob=(2)
cfi=(273)
cfn=(2280)
calls=1 30 
0 132

fn=(666)
0 2
cob=(7)
cfi=(185)
cfn=(670)
calls=1 0 
0 72212
cob=(1)
cfi=(186)
cfn=(642)
calls=1 71 
0 702
0 5

fn=(672)
0 14
cob=(7)
cfi=(185)
cfn=(676)
calls=7 0 
0 21
cob=(1)
cfi=(186)
cfn=(642)
calls=1 71 
0 812
0 5

fn=(726)
0 1534910
cob=(7)
cfi=(185)
cfn=(730)
calls=767455 0 
0 4605162
cob=(1)
cfi=(186)
cfn=(642)
calls=1 71 
0 714
0 5

fn=(750)
0 2
cob=(7)
cfi=(185)
cfn=(754)
calls=1 0 
0 115
cob=(1)
cfi=(186)
cfn=(642)
calls=1 71 
0 1066
0 5

fn=(824)
0 98
cob=(2)
cfi=(199)
cfn=(826)
calls=49 73 
0 1048

fn=(840)
0 2
cob=(7)
cfi=(185)
cfn=(844)
calls=1 0 
0 109
cob=(1)
cfi=(186)
cfn=(642)
calls=1 71 
0 1082
0 5

fn=(1038)
0 382174
cob=(7)
cfi=(185)
cfn=(1042)
calls=191087 0 
0 18919023
cob=(1)
cfi=(186)
cfn=(642)
calls=1 71 
0 722
0 5

fn=(1050)
0 764344
cob=(7)
cfi=(185)
cfn=(1054)
calls=382172 0 
0 4586064
cob=(1)
cfi=(186)
cfn=(642)
calls=1 71 
0 706
0 5

fn=(1438)
0 8
cob=(7)
cfi=(185)
cfn=(1442)
calls=4 0 
0 1026
cob=(1)
cfi=(186)
cfn=(642)
calls=1 71 
0 985
0 5

fn=(1530)
0 10
cob=(7)
cfi=(185)
cfn=(1534)
calls=5 0 
0 1929
cob=(1)
cfi=(186)
cfn=(642)
calls=1 71 
0 1301
0 5

fn=(1648)
0 6072
cob=(7)
cfi=(185)
cfn=(1652)
calls=3036 0 
0 283825
cob=(1)
cfi=(186)
cfn=(642)
calls=1 71 
0 749
0 5

fn=(1660)
0 264874518
cob=(2)
cfi=(204)
cfn=(1664)
calls=132437259 3359 
0 11575232598
cob=(1)
cfi=(186)
cfn=(642)
calls=1 71 
0 861
0 5

fn=(1680)
0 66751738
cob=(2)
cfi=(234)
cfn=(1682)
calls=33375869 158 
0 409205272

fn=(1704)
0 12
cob=(3)
cfi=(235)
cfn=(1706)
calls=6 31 
0 780

fn=(1820)
0 78240
cob=(2)
cfi=(198)
cfn=(822)
calls=39120 52 
0 549344

fn=(1880)
0 382146
cob=(7)
cfi=(185)
cfn=(1884)
calls=191073 0 
0 61914063
cob=(1)
cfi=(186)
cfn=(642)
calls=1 71 
0 713
0 5

fn=(1916)
0 382158
cob=(7)
cfi=(185)
cfn=(1918)
calls=191079 0 
0 13950537

fn=(2220)
0 114
cob=(7)
cfi=(185)
cfn=(2224)
calls=57 0 
0 4931
cob=(1)
cfi=(186)
cfn=(642)
calls=1 71 
0 818
0 5

fn=(2352)
0 6
cob=(7)
cfi=(185)
cfn=(2356)
calls=3 0 
0 1268
cob=(1)
cfi=(186)
cfn=(642)
calls=1 71 
0 873
0 5

fn=(2353)
0 2
cob=(7)
cfi=(185)
cfn=(2357)
calls=1 0 
0 71

fn=(608)
0 7

fn=(762)
0 2
cob=(7)
cfi=(185)
cfn=(766)
calls=1 0 
0 157
cob=(1)
cfi=(186)
cfn=(642)
calls=1 71 
0 962
0 5

fn=(846)
0 2
cob=(7)
cfi=(185)
cfn=(850)
calls=1 0 
0 109
cob=(1)
cfi=(186)
cfn=(642)
calls=1 71 
0 1050
0 5

fn=(852)
0 2
cob=(7)
cfi=(185)
cfn=(856)
calls=1 0 
0 1252
cob=(1)
cfi=(186)
cfn=(642)
calls=1 71 
0 885
0 5

fn=(1126)
0 6
cob=(2)
cfi=(203)
cfn=(1128)
calls=3 206 
0 94

fn=(1370)
0 12
cob=(2)
cfi=(214)
cfn=(1374)
calls=6 32 
0 396
cob=(1)
cfi=(186)
cfn=(642)
calls=1 71 
0 773
0 5

fn=(1408)
0 8
cob=(7)
cfi=(185)
cfn=(1412)
calls=4 0 
0 28
cob=(1)
cfi=(186)
cfn=(642)
calls=1 71 
0 933
0 5

fn=(1482)
0 4
cob=(2)
cfi=(221)
cfn=(1486)
calls=2 30 
0 22
cob=(1)
cfi=(186)
cfn=(642)
calls=1 71 
0 864
0 5

fn=(1494)
0 6082
cob=(7)
cfi=(185)
cfn=(1498)
calls=3041 0 
0 194968
cob=(1)
cfi=(186)
cfn=(642)
calls=1 71 
0 701
0 5

fn=(1894)
0 382146
cob=(7)
cfi=(185)
cfn=(1898)
calls=191073 0 
0 45288808
cob=(1)
cfi=(186)
cfn=(642)
calls=1 71 
0 1185
0 5

fn=(1944)
0 163116
cob=(7)
cfi=(185)
cfn=(1946)
calls=81558 0 
0 15557028

fn=(2124)
0 12
cob=(7)
cfi=(185)
cfn=(2126)
calls=6 0 
0 20239

fn=(2294)
0 4

fn=(2322)
0 2
cob=(2)
cfi=(273)
cfn=(2280)
calls=1 30 
0 3874

fn=(684)
0 6112
cob=(7)
cfi=(185)
cfn=(688)
calls=3056 0 
0 73264
cob=(1)
cfi=(186)
cfn=(642)
calls=1 71 
0 826
0 5

fn=(690)
0 6112
cob=(2)
cfi=(188)
cfn=(694)
calls=3056 136 
0 20263
cob=(1)
cfi=(186)
cfn=(642)
calls=1 71 
0 1044
0 5

fn=(704)
0 2
cob=(7)
cfi=(185)
cfn=(708)
calls=1 0 
0 875
cob=(1)
cfi=(186)
cfn=(642)
calls=1 71 
0 970
0 5

fn=(798)
0 512
cob=(2)
cfi=(194)
cfn=(802)
calls=256 32 
0 11136
cob=(1)
cfi=(186)
cfn=(642)
calls=1 71 
0 777
0 5

fn=(808)
0 24
cob=(7)
cfi=(185)
cfn=(812)
calls=12 0 
0 4261
cob=(1)
cfi=(186)
cfn=(642)
calls=1 71 
0 814
0 5

fn=(814)
0 20
cob=(2)
cfi=(197)
cfn=(818)
calls=10 26 
0 3300
cob=(1)
cfi=(186)
cfn=(642)
calls=1 71 
0 790
0 5

fn=(890)
0 2
cob=(7)
cfi=(185)
cfn=(894)
calls=1 0 
0 114
cob=(1)
cfi=(186)
cfn=(642)
calls=1 71 
0 1078
0 5

fn=(1018)
0 2
cob=(7)
cfi=(185)
cfn=(1022)
calls=1 0 
0 3
cob=(1)
cfi=(186)
cfn=(642)
calls=1 71 
0 734
0 5

fn=(1032)
0 8
cob=(7)
cfi=(185)
cfn=(1036)
calls=4 0 
0 3859
cob=(1)
cfi=(186)
cfn=(642)
calls=1 71 
0 1025
0 5

fn=(1044)
0 382174
cob=(7)
cfi=(185)
cfn=(1048)
calls=191087 0 
0 4395001
cob=(1)
cfi=(186)
cfn=(642)
calls=1 71 
0 694
0 5

fn=(1068)
0 8
cob=(7)
cfi=(185)
cfn=(1072)
calls=4 0 
0 224
cob=(1)
cfi=(186)
cfn=(642)
calls=1 71 
0 985
0 5

fn=(1326)
0 264868446
cob=(7)
cfi=(185)
cfn=(1328)
calls=132434223 0 
0 9101681805

fn=(1430)
0 6
cob=(7)
cfi=(185)
cfn=(1434)
calls=3 0 
0 815
cob=(1)
cfi=(186)
cfn=(642)
calls=1 71 
0 1025
0 5

fn=(1490)
0 10
cob=(7)
cfi=(185)
cfn=(1492)
calls=5 0 
0 7838

fn=(1510)
0 4270
cob=(7)
cfi=(185)
cfn=(1514)
calls=2135 0 
0 26436
cob=(1)
cfi=(186)
cfn=(642)
calls=1 71 
0 750
0 5

fn=(1516)
0 4270
cob=(2)
cfi=(222)
cfn=(1520)
calls=2135 32 
0 14945
cob=(1)
cfi=(186)
cfn=(642)
calls=1 71 
0 811
0 5

fn=(1580)
0 6072
cob=(7)
cfi=(185)
cfn=(1584)
calls=3036 0 
0 356111
cob=(1)
cfi=(186)
cfn=(642)
calls=1 71 
0 753
0 5

fn=(1622)
0 11538
cob=(2)
cfi=(225)
cfn=(1624)
calls=5769 249 
0 115380

fn=(1886)
0 545708
cob=(7)
cfi=(185)
cfn=(1890)
calls=272854 0 
0 6182890
cob=(1)
cfi=(186)
cfn=(642)
calls=1 71 
0 709
0 5

fn=(1887)
0 4376
cob=(7)
cfi=(185)
cfn=(1891)
calls=2188 0 
0 48136

fn=(588)
0 7

fn=(2374)
0 4

fn=(2422)
0 4

fn=(756)
0 2
cob=(7)
cfi=(185)
cfn=(760)
calls=1 0 
0 1155
cob=(1)
cfi=(186)
cfn=(642)
calls=1 71 
0 877
0 5

fn=(828)
0 2
cob=(7)
cfi=(185)
cfn=(832)
calls=1 0 
0 44
cob=(1)
cfi=(186)
cfn=(642)
calls=1 71 
0 782
0 5

fn=(1056)
0 382166
cob=(7)
cfi=(185)
cfn=(1060)
calls=191083 0 
0 10700648
cob=(1)
cfi=(186)
cfn=(642)
calls=1 71 
0 985
0 5

fn=(1076)
0 22
cob=(2)
cfi=(200)
cfn=(1080)
calls=11 67 
0 832
cob=(1)
cfi=(186)
cfn=(642)
calls=1 71 
0 945
0 5

fn=(1396)
0 6084
cob=(7)
cfi=(185)
cfn=(1328)
calls=3042 0 
0 192717
cob=(1)
cfi=(186)
cfn=(642)
calls=1 71 
0 602
0 5

fn=(1478)
0 4
cob=(7)
cfi=(185)
cfn=(1480)
calls=2 0 
0 927

fn=(1504)
0 6
cob=(7)
cfi=(185)
cfn=(1508)
calls=3 0 
0 2508
cob=(1)
cfi=(186)
cfn=(642)
calls=1 71 
0 778
0 5

fn=(1808)
0 45454322
cob=(2)
cfi=(225)
cfn=(1628)
calls=22727161 255 
0 378080055

fn=(1824)
0 234720
cob=(7)
cfi=(185)
cfn=(1054)
calls=117360 0 
0 1408320

fn=(1866)
0 382158
cob=(7)
cfi=(185)
cfn=(1036)
calls=191079 0 
0 34967457

fn=(1958)
0 163002
cob=(7)
cfi=(185)
cfn=(1906)
calls=81501 0 
0 4775071
cob=(1)
cfi=(186)
cfn=(642)
calls=1 71 
0 985
0 5

fn=(2000)
0 214
cob=(7)
cfi=(185)
cfn=(2002)
calls=107 0 
0 38092

fn=(2344)
0 4
cob=(7)
cfi=(185)
cfn=(2348)
calls=2 0 
0 4
cob=(1)
cfi=(186)
cfn=(642)
calls=1 71 
0 760
0 5

fn=(2358)
0 6
cob=(7)
cfi=(185)
cfn=(2362)
calls=3 0 
0 148
cob=(1)
cfi=(186)
cfn=(642)
calls=1 71 
0 917
0 5

fn=(2359)
0 2
cob=(7)
cfi=(185)
cfn=(2363)
calls=1 0 
0 22

ob=(5)
fl=(178)
fn=(2308) 0x0000000000001060
0 5

fn=(592)
0 12

fn=(2298)
0 9
cob=(4)
cfi=(175)
cfn=(2304)
calls=1 0 
0 134
0 1
cfn=(2308)
calls=1 0 
0 5
0 3

totals: 61548042325
