# callgrind format
version: 1
creator: callgrind-3.22.0
pid: 361561
cmd:  ./a.out
part: 1


desc: I1 cache: 
desc: D1 cache: 
desc: LL cache: 

desc: Timerange: Basic block 0 - 2398400261
desc: Trigger: Program termination

positions: line
events: Ir
summary: 11609201838


ob=(6) /usr/lib/x86_64-linux-gnu/libgcc_s.so.1
fl=(183) ???
fn=(2390) 0x0000000000004940
0 5
cfn=(2392) 0x00000000000048f0
calls=1 0 
0 16
0 2
cfn=(2392)
calls=1 0 
0 16
0 3

fn=(2412) 0x0000000000005a60
0 5

fn=(612) __cpu_indicator_init
0 364

fn=(2392)
0 32

fn=(614) 0x0000000000005b10
0 12

fn=(2402) 0x0000000000005ad0
0 9
cob=(4) ???
cfi=(175) ???
cfn=(2408) 0x0000000004bbe3c0
calls=1 0 
0 134
0 1
cfn=(2412)
calls=1 0 
0 5
0 3

ob=(3) /usr/lib/x86_64-linux-gnu/libm.so.6
fl=(161) ./math/../sysdeps/x86_64/fpu/multiarch/e_atan2.c
fn=(510) __atan2_finite@GLIBC_2.15
26 1
fi=(144) ./math/../sysdeps/x86_64/fpu/multiarch/ifunc-avx-fma4.h
+6 5
+1 2
fe=(161)
-7 1

fl=(156) ./math/../sysdeps/x86_64/fpu/multiarch/e_asin.c
fn=(498) __asin_finite@GLIBC_2.15
27 1
fi=(152) ./math/../sysdeps/x86_64/fpu/multiarch/ifunc-fma4.h
+4 4
+1 2
fe=(156)
-5 1

fn=(488) __acos_finite@GLIBC_2.15
35 1
fi=(152)
-4 4
+1 2
+3 1
fe=(156)

fl=(159) ./math/../sysdeps/x86_64/fpu/multiarch/s_expm1.c
fn=(502) expm1
26 1
fi=(142) ./math/../sysdeps/x86_64/fpu/multiarch/ifunc-fma.h
+3 4
+1 3
fe=(159)
-4 1

fl=(154) ./math/../sysdeps/x86_64/fpu/multiarch/s_log1p.c
fn=(480) __log1p
26 1
fi=(142)
+3 4
+1 3
fe=(154)
-4 1

fl=(184) ???
fn=(2382) 0x0000000000010430
0 5

fn=(624) 0x00000000000104e0
0 12

fn=(2372) 0x00000000000104a0
0 9
cob=(4)
cfi=(175)
cfn=(2378) 0x0000000004ae1220
calls=1 0 
0 134
0 1
cfn=(2382)
calls=1 0 
0 5
0 3

fl=(236) ./math/../sysdeps/ieee754/dbl-64/e_pow.c
fn=(1706) __ieee754_pow_fma
283 8
fi=(237) ./math/../sysdeps/ieee754/dbl-64/math_config.h
85 16
fe=(236)
-40 32
292 8
45 8
292 24
-8 8
+8 32
62 8
+5 8
+10 8
+11 8
-26 8
+50 16
-49 8
+1 8
+48 8
-22 8
-27 8
+1 8
+8 8
-5 8
+5 32
-7 8
+23 8
+2 8
-25 16
+12 16
+18 8
+17 16
-23 8
+2 16
+5 8
+1 8
+4 8
-1 8
+12 8
-10 8
+10 8
-10 8
+10 8
+1 32
+1 8
+1 16
369 8
+1 8
fi=(237)
85 8
fe=(236)
-40 16
193 8
+1 8
370 8
194 16
+31 32
+18 8
fi=(237)
85 8
fe=(236)
227 8
+2 8
+4 8
+1 8
-5 8
+4 8
+1 8
-1 8
+4 8
-6 8
+12 24
-3 8
+3 32
+1 16
fi=(237)
97 8
fe=(236)
249 16
380 16

fl=(160) ./math/../sysdeps/x86_64/fpu/multiarch/e_exp2f.c
fn=(506) exp2f@@GLIBC_2.27
27 1
fi=(142)
+2 4
+1 3
fe=(160)
-3 1

fl=(146) ./math/../sysdeps/x86_64/fpu/multiarch/s_sin.c
fn=(452) cos
34 1
fi=(144)
-2 5
+1 2
fe=(146)
+1 1

fn=(514) sin
27 1
fi=(144)
+5 5
+1 2
fe=(146)
-6 1

fl=(162) ./math/../sysdeps/x86_64/fpu/multiarch/s_sincos.c
fn=(518) sincos
26 1
fi=(152)
+5 4
+1 2
fe=(162)
-6 1

fl=(155) ./math/../sysdeps/x86_64/fpu/multiarch/e_log.c
fn=(484) __log_finite@GLIBC_2.15
27 1
fi=(144)
+5 5
+1 2
fe=(155)
-6 1

fl=(145) ./math/../sysdeps/x86_64/fpu/multiarch/e_expf.c
fn=(448) expf@@GLIBC_2.27
27 1
fi=(142)
+2 4
+1 3
fe=(145)
-3 1

fl=(238) ./math/../sysdeps/ieee754/dbl-64/s_round.c
fn=(1712) round
30 16
+7 16
+1 64
+1 32
+2 32
+8 28
+1 28
+4 14
+1 14
-1 28
+1 14
+12 14
+3 14
-3 2
+3 2
-27 4
+1 4
+1 3

fl=(153) ./math/../sysdeps/x86_64/fpu/multiarch/e_log2f.c
fn=(476) log2f@@GLIBC_2.27
27 1
fi=(142)
+2 4
+1 3
fe=(153)
-3 1

fl=(235) ./math/./w_pow_template.c
fn=(1702) pow@@GLIBC_2.29
31 48
+1 16
cob=(4)
cfi=(175)
cfn=(1704) 0x0000000004ae1370
calls=8 -32 
* 864
+1 56
+12 32
+4 24

fl=(158) ./math/../sysdeps/x86_64/fpu/multiarch/s_fma.c
fn=(496) fma
49 6

fl=(143) ./math/../sysdeps/x86_64/fpu/multiarch/e_exp.c
fn=(444) __exp_finite@GLIBC_2.15
27 1
fi=(144)
+5 5
+1 2
fe=(143)
-6 1

fl=(151) ./math/../sysdeps/x86_64/fpu/multiarch/e_pow.c
fn=(472) __pow_finite@GLIBC_2.15
27 1
fi=(152)
+4 4
+1 2
fe=(151)
-5 1

fl=(157) ./math/../sysdeps/x86_64/fpu/multiarch/s_sinf.c
fn=(492) sinf
26 1
fi=(142)
+3 4
+1 3
fe=(157)
-4 1

fl=(149) ./math/../sysdeps/x86_64/fpu/multiarch/s_sincosf.c
fn=(464) sincosf
26 1
fi=(142)
+3 4
+1 3
fe=(149)
-4 1

fl=(148) ./math/../sysdeps/x86_64/fpu/multiarch/e_log2.c
fn=(460) log2@@GLIBC_2.29
27 1
fi=(142)
+2 4
+1 3
fe=(148)
-3 1

fl=(141) ./math/../sysdeps/x86_64/fpu/multiarch/s_cosf.c
fn=(440) cosf
26 1
fi=(142)
+3 4
+1 3
fe=(141)
-4 1

fl=(147) ./math/../sysdeps/x86_64/fpu/multiarch/e_logf.c
fn=(456) logf@@GLIBC_2.27
27 1
fi=(142)
+2 4
+1 3
fe=(147)
-3 1

fl=(150) ./math/../sysdeps/x86_64/fpu/multiarch/e_powf.c
fn=(468) powf@@GLIBC_2.27
30 1
fi=(142)
-1 4
+1 4
fe=(150)

ob=(1) /usr/lib/x86_64-linux-gnu/ld-linux-x86-64.so.2
fl=(8) ./elf/./elf/dl-setup_hash.c
fn=(14) _dl_setup_hash
25 7
+3 7
-3 7
+3 14
+3 21
+1 14
+2 7
-1 7
+3 21
+1 7
+1 14
+7 7
-5 7
-2 7
+3 14
+2 7
+2 14
+5 7

fl=(44) ./string/./string/strdup.c
fn=(138) strdup
40 36
+1 6
cfi=(22) ./string/../sysdeps/x86_64/multiarch/../multiarch/strlen-sse2.S
cfn=(62) strlen
calls=6 +16 
* 192
* 6
fi=(279) ./string/../include/rtld-malloc.h
+15 12
cfi=(27) ./elf/./elf/dl-minimal-malloc.c
cfn=(78) __minimal_malloc
calls=6 -20 
* 180
fe=(44)
-12 12
+3 18
+1 18
-1 6
cfi=(29) ./string/../sysdeps/x86_64/multiarch/memmove-vec-unaligned-erms.S
cfn=(82) memcpy
calls=6 210 
* 90

fl=(269) ./elf/./elf/dl-fini.c
fn=(2260) _dl_fini
26 5
+17 1
-17 6
+20 13
+3 2
cob=(2) /usr/lib/x86_64-linux-gnu/libc.so.6
cfi=(270) ./nptl/./nptl/pthread_mutex_lock.c
cfn=(2262) pthread_mutex_lock@@GLIBC_2.2.5
calls=1 +28 
* 44
+2 1
+3 2
+2 5
+7 3
-2 1
+2 1
cfi=(48) ./elf/./elf/dl-audit.c
cfn=(570) _dl_audit_activity_nsid
calls=1 -22 
* 11
+5 15
+5 1
-5 1
+5 3
+2 14
+2 14
+2 14
+1 7
+1 7
+4 7
-12 21
+14 6
+1 4
+6 6
cfi=(13) ./elf/./elf/dl-sort-maps.c
cfn=(232) _dl_sort_maps
calls=1 298 
* 556
+9 2
cob=(2)
cfi=(271) ./nptl/./nptl/pthread_mutex_unlock.c
cfn=(2264) pthread_mutex_unlock@@GLIBC_2.2.5
calls=1 367 
* 34
+5 6
+2 1
+2 2
-2 6
+2 12
+2 28
cfi=(272) ./elf/./elf/dl-call_fini.c
cfn=(2266) _dl_call_fini
calls=7 -90 
* 4810
+3 14
cfi=(48)
cfn=(2292) _dl_audit_objclose
calls=7 -20 
* 35
-9 14
+14 7
-14 21
+18 3
cfi=(48)
cfn=(570)
calls=1 -85 
* 11
* 2
+6 4
+2 1
-2 2
+6 2
+7 8
-77 2

fl=(73) ./elf/./elf/dl-version.c
fn=(242) _dl_check_map_versions
155 70
+15 21
+2 35
+2 7
+1 7
+2 14
+3 10
-16 10
+20 5
-4 5
-24 5
+28 35
+16 10
36 5
200 5
36 35
200 16
36 8
200 8
36 56
+1 60
-1 120
+2 219
cfi=(52) ./elf/./elf/dl-misc.c
cfn=(168) _dl_name_match_p
calls=73 +30 
* 7023
* 159
208 39
+5 13
fi=(280) ./elf/../sysdeps/generic/_itoa.h
76 39
fe=(73)
213 26
+4 26
+1 26
-1 26
+4 13
-3 13
+3 13
-3 39
-1 92
+1 92
-1 92
+4 46
-3 46
+3 46
-3 238
56 236
+8 177
+6 177
+16 59
+1 118
+2 59
+5 413
+14 2034
+12 2874
+4 958
-30 1916
231 236
+3 177
+5 46
-24 46
110 59
+3 295
cfi=(32) ./string/../sysdeps/x86_64/multiarch/../multiarch/strcmp-sse2.S
cfn=(94) strcmp
calls=59 -15 
* 2379
* 177
224 177
+1 3
cfi=(32)
cfn=(94)
calls=1 98 
* 71
* 2
+3 28
+15 39
+5 8
-50 8
+59 25
+3 10
+3 35
+3 20
+4 5
-7 20
+3 15
+4 124
-7 496
+3 377
+8 15
+6 12
fi=(28) ./elf/../include/rtld-malloc.h
44 6
fe=(73)
280 12
fi=(28)
44 6
cfi=(27)
cfn=(74) __minimal_calloc
calls=6 +36 
* 301
fe=(73)
281 12
-2 6
fi=(28)
44 6
fe=(73)
281 6
+13 6
-3 6
+3 24
+2 12
+3 20
+4 39
+7 59
+1 59
-1 177
+1 59
+1 59
-2 59
+2 118
+1 177
+3 177
+5 46
-15 46
+2 46
-2 46
+2 46
-2 46
+2 92
-2 13
+2 13
-2 13
+2 13
-2 13
+2 26
+16 39
+5 8
-28 8
+33 10
+3 10
+4 129
+6 129
+1 129
+1 129
-1 387
+1 129
-1 129
+1 129
+1 129
+3 387
+4 129
-14 268
+10 15
+12 10
+1 10
+1 10
+1 4
+19 63
164 2
-8 2
257 5
+17 3
+60 2
-40 2
+76 4
+2 4
+4 2
-4 120
+1 60
+2 1
+1 2
-1 1
+1 1
cfi=(32)
cfn=(244) strncmp
calls=1 98 
* 32
* 2

fn=(240) _dl_check_all_versions
392 7
+4 5
-2 1
+4 42
cfn=(242)
calls=7 155 
* 27299
-2 7
+2 21
-1 7
-1 14
+5 7

fl=(78) ./elf/./elf/dl-lookup.c
fn=(270) _dl_lookup_symbol_x
772 12012
+3 2002
-3 6006
+3 2002
-3 8008
fi=(79) ./elf/../sysdeps/generic/dl-new-hash.h
74 2002
+3 4004
-8 2002
+1 4004
+10 2002
+1 4004
-1 39891
+1 79782
+20 40892
-2 40892
+6 40892
-3 81784
+2 40892
-30 40892
+3 81784
fe=(78)
774 2002
+1 2002
+3 2002
-4 2002
+1 2002
+7 7970
+5 2002
-2 2002
+2 2002
-2 2002
+6 28108
+1 28028
cfn=(274) do_lookup_x
calls=2002 347 
* 731434
* 6006
+28 2002
-23 6006
+23 2002
-23 4004
+24 11900
+7 1986
-7 1986
+35 7944
+34 7944
-20 5958
+3 3972
-57 2002
+76 18018
fi=(79)
87 1001
+1 1001
+1 2002
+1 1001
fe=(78)
871 2
-72 96
+18 48
+11 64

fn=(276) check_match
70 29925
+3 11960
+13 1990
-13 1990
+13 1990
-13 1990
+13 5970
+3 4716
cfi=(32)
cfn=(94)
calls=184 +9 
* 11919
* 368
+4 1990
+1 3980
+2 3974
+19 3974
+1 15896
+2 12
+1 4
+42 1985
+1 15960
-18 6
+2 6
+1 3
-1 6
+1 9
-1 6
+4 2
+1 7
+2 3
-75 10
+39 5943
cfi=(32)
cfn=(94)
calls=1981 -19 
* 52221
* 3962
-44 20
+5 10

fn=(274)
347 18018
+1 2002
-1 8008
+6 2002
-6 2002
+65 2002
-58 2002
+11 2002
+50 2002
-3 4004
+3 4004
-50 2002
+50 8008
-19 19491
+8 6497
-4 6497
+1 6497
+3 25988
+1 12994
+3 6497
-3 6497
+4 12994
+4 12994
-2 6497
+5 25988
+3 45479
+99 13566
358 13016
+3 13016
+4 13088
+21 12994
+4 12994
+71 15880
fi=(4) ./elf/../sysdeps/generic/ldsodefs.h
139 3970
+1 5955
fe=(78)
476 3970
fi=(4)
139 2
+1 3
fe=(78)
476 2
fi=(80) ./elf/../sysdeps/generic/dl-protected.h
29 7944
fe=(78)
483 10600
+16 3808
+1 1904
+22 1904
-21 1904
+21 13410
-21 82
+21 574
-99 6369
-1 4246
+2 4246
+2 2116
+6 8464
-6 2116
+6 14812
+7 10836
-10 27985
+2 1995
+1 5985
-1 1995
+1 3990
-1 1995
+1 1995
+1 1995
-1 1995
+1 1995
-1 13965
cfn=(276)
calls=1995 70 
* 182807
+4 5985
+3 20
+31 1049
+2 2
+50 16
-1 16
+1 112
222 82
+2 82
-2 246
+2 82
-2 82
+2 82
-2 82
+2 246
+2 82
-2 246
cfi=(24) ./elf/../sysdeps/nptl/dl-tls_init_tp.c
cfn=(86) rtld_mutex_dummy
calls=82 42 
* 246
+2 82
+2 82
-1 82
+1 246
+2 162
+1 81
-1 567
+1 81
-1 162
+1 162
-1 162
+1 162
-1 1640
+24 352
+3 95
+1 285
-23 176
-1 352
487 3843
+4 1
fi=(28)
44 4
cfi=(27)
cfn=(74)
calls=1 +36 
* 41
* 1
fe=(78)
302 2
-72 1
+70 2
+5 1
+2 1
-7 1
+6 1
+1 1
170 12
+1 9
311 6
-1 2
+1 486
-1 162
+19 246
+2 82
-2 328
+2 82
cfi=(24)
cfn=(86)
calls=82 42 
* 246
+2 164
+1 82
-1 82
+1 82
176 518
-2 84
+1 252
-3 332
+7 82
+1 82
+1 82
+1 82
318 328
-56 1377
+7 10
cfi=(52)
cfn=(524) _dl_higher_prime_number
calls=2 87 
* 159
fi=(28)
44 2
fe=(78)
269 2
fi=(28)
44 4
cfi=(27)
cfn=(74)
calls=2 +36 
* 82
* 2
fe=(78)
272 4
171 4
279 2
171 4
279 296
+1 276
+1 140
170 70
281 140
170 70
281 70
170 70
+1 70
-1 70
+1 210
+1 440
+2 14
+1 42
-3 168
+7 70
+3 70
-2 70
+3 70
+76 322
-83 12
285 10
+2 2
-2 10
cfi=(27)
cfn=(142) __minimal_free
calls=2 97 
* 10
170 2
288 2
-2 2
+3 4
-1 2
+1 4
170 4
+1 2
-1 2
+1 8

fl=(67) ./elf/./elf/dl-cache.c
fn=(572) _dl_unload_cache
525 1
+1 4
-1 1
+3 1
-3 1
+3 1
cfi=(140) ./misc/../sysdeps/unix/syscall-template.S
cfn=(574) munmap
calls=1 117 
* 6
+7 1
-6 1
+4 1
+2 1

fn=(214) _dl_load_cache_lookup
403 40
+2 8
+3 12
+69 9
+5 4
205 4
482 8
+3 12
fi=(69) ./elf/../sysdeps/x86/dl-procinfo.h
39 8
+3 12
cfi=(32)
cfn=(94)
calls=4 +56 
* 100
* 16
fe=(67)
208 24
cfi=(11) ./elf/./elf/dl-tunables.c
cfn=(28) __tunable_get_val
calls=4 387 
* 92
* 4
+12 4
-10 4
-2 4
+12 8
-7 20
+9 20
+1 4
-32 8
+36 4
-4 4
+4 8
-5 160
+1 32
-32 64
+36 32
-4 32
+4 64
+4 108
cfn=(222) _dl_cache_libcmp
calls=36 357 
* 2808
+1 72
346 32
+3 17
220 34
347 15
220 38
+2 40
+20 8
+3 8
+2 16
cfn=(222)
calls=4 357 
* 320
* 8
-7 8
-30 12
+1 4
fi=(281) ./elf/../sysdeps/x86/dl-isa-level.h
28 8
fe=(67)
210 8
fi=(281)
28 4
fe=(67)
210 4
+1 4
-1 12
+76 12
fi=(281)
28 12
fe=(67)
259 8
+10 12
+1 16
+16 4
fi=(68) ./elf/../sysdeps/generic/dl-cache.h
125 4
fe=(67)
286 12
+9 8
+3 8
+3 4
+1 12
+28 8
500 8
+12 8
cfi=(22)
cfn=(62)
calls=4 57 
* 140
+1 4
-1 4
+1 48
+1 4
-1 4
+1 4
-1 4
+1 4
cfi=(29)
cfn=(82)
calls=4 210 
* 60
* 4
+1 4
cfi=(44)
cfn=(138)
calls=4 40 
* 396
+1 32
411 4
cfi=(52)
cfn=(216) _dl_sysdep_read_whole_file
calls=1 36 
* 103
* 1
+8 5
+1 8
+3 3
+1 1
-1 3
fi=(68)
194 1
+1 5
fe=(67)
431 1
+1 2

fn=(222)
357 40
+1 40
+32 40
-33 40
+1 88
+2 210
+2 210
-2 420
+20 412
+2 412
-12 170
+2 170
+14 170
+1 170
-29 340
+32 12
-28 8
+6 4
+2 4
-2 4
+1 4
-1 4
+1 4
-1 4
+2 12
+2 4
-3 4
+3 12
+2 8
+9 108

fl=(50) ./elf/./elf/dl-catch.c
fn=(160) _dl_catch_exception
204 84
58 14
204 28
+3 28
+22 14
-1 14
+1 14
58 28
235 42
cfi=(51) ./setjmp/../sysdeps/x86_64/setjmp.S
cfn=(162) __sigsetjmp
calls=14 31 
* 336
* 42
+2 42
cfi=(64) ./elf/./elf/dl-deps.c
cfn=(206) openaux
calls=13 61 
* 25579
cfi=(2) ./elf/./elf/rtld.c
cfn=(164) map_doit
calls=1 641 
* 2662
69 14
+1 14
-1 14
+1 14
239 56
-25 14
+34 42
59 28
+11 42

fn=(158) _dl_catch_error
254 6
+2 1
-2 6
+2 1
cfn=(160)
calls=1 -52 
* 2728
+1 2
+1 1
+1 1
-1 1
+1 1
+2 6

fn=(236) _dl_receive_error
186 2
58 1
186 4
+2 1
-2 1
58 1
+1 1
+11 1
192 1
+2 1
cfi=(2)
cfn=(238) version_check_doit
calls=1 674 
* 27425
69 2
+1 1
198 1
-1 1
+1 3

fl=(24)
fn=(86)
42 178
+2 356

fn=(68) __tls_pre_init_tp
53 3
+3 8
+5 1
-5 1
+5 1
+1 1
-6 1
+8 1

fn=(256) __tls_init_tp
68 2
fi=(282) ./elf/../include/list.h
-24 1
fe=(24)
+24 3
fi=(282)
-25 1
fe=(24)
+26 1
+3 1
fi=(282)
-29 1
+1 1
+1 1
+2 1
fe=(24)
+28 4
+1 2
+1 1
+5 2
+5 1
+6 1
-3 1
+3 1
-6 3
+6 1
+12 4
cfi=(11)
cfn=(28)
calls=1 387 
* 24
fi=(75) ./elf/../sysdeps/unix/sysv/linux/rseq-internal.h
-73 3
+8 1
fe=(24)
+81 3
+7 2
+1 3
fi=(75)
-95 7
+3 2
fe=(24)

fl=(43) ./string/../sysdeps/x86_64/multiarch/../multiarch/memset-vec-unaligned-erms.S
fn=(130) memset
132 12
+1 60
+5 12
+1 12
+3 5
+1 5
+2 1
+1 1
+1 1
+97 4
+1 4
+12 4
+3 4
+1 4
+12 4
+1 4
+13 4
+1 4
+2 4
+3 3
+3 6
+3 3
+1 3
+1 3
+1 3
+1 3
+1 3
+1 3
-6 90
+1 90
+1 90
+1 90
+1 90
+1 90
+1 90
+3 4
+1 4
+1 4
+1 4
+5 4
+34 7
+2 7
+1 7
+39 7
+1 7
+2 7

fl=(71) ./malloc/./malloc/scratch_buffer_set_array_size.c
fn=(228) __libc_scratch_buffer_set_array_size
30 65
+4 5
+1 10
+10 10
+18 5
-17 5
+17 25

fl=(29)
fn=(82)
210 42
+1 42
+6 42
+1 42
+2 31
+1 31
+1 31
+2 14
+1 14
+1 14
+2 14
+80 11
+1 11
+2 2
+4 2
+1 2
+1 2
+1 2
+1 2
+4 2
+2 2
+39 9
+1 9
+1 9
+1 9
+1 9
+7 13
+1 13
+1 13
+1 13
+1 13
+1 13
+1 13
+11 17
+1 17
+2 14
+1 14
+1 14
+2 1
+1 1
+1 1
+1 1
+1 1
+1 1
+1 1
+1 1
+1 1
+1 1
+1 1
+1 1
+1 1
+1 1
+1 1
+4 3
+1 3
+4 3
+2 3
+16 3
+3 3
+2 3
+2 3
+4 3
+1 3
+9 3
+1 3
+2 3
+2 3
+1 3
+1 3
+3 3
+2 3
+2 3
+2 3
+6 3
+1 3
+1 3
+1 3
+1 3
+1 3
+1 3
+1 3
+1 3
+1 3
+1 3
+1 3
-11 7
+1 7
+1 7
+1 7
+1 7
+1 7
+1 7
+1 7
+1 7
+1 7
+1 7
+1 7
+2 3
+1 3
+1 3
+1 3
+2 3
+4 3

fn=(126) mempcpy
197 27
+1 27
+1 27
+1 27
+17 27
+1 27
+2 8
+1 8
+1 8
+2 5
+1 5
+1 5
+2 5
+80 19
+1 19
+2 6
+4 6
+1 6
+1 6
+8 6
+39 13
+1 13
+1 13
+1 13
+1 13
+7 3
+1 3
+1 3
+1 3
+1 3
+1 3
+1 3
+11 3
+1 3
+2 3
+1 3
+1 3

fl=(76) ./elf/../sysdeps/x86_64/dl-cet.c
fn=(580) _dl_cet_setup_features
331 1
+3 2
+16 1

fn=(260) _dl_cet_check
361 8
-76 1
-10 2
+2 2
-1 1
+6 1
+3 1
+8 1
-11 1
+1 1
-1 1
+1 1
-1 1
+1 1
+10 4
+3 1
+4 2
+2 2
-1 1
+2 2
+2 2
-1 2
+4 1
+2 1
+3 2
145 2
+12 2
+16 1
+6 1
363 6

fl=(65) ./io/../sysdeps/unix/sysv/linux/stat64.c
fn=(210) stat
28 6
+1 12
cfi=(66) ./io/../sysdeps/unix/sysv/linux/fstatat64.c
cfn=(212) fstatat
calls=3 146 
* 28

fl=(27)
fn=(74)
80 17
+4 17
-4 68
+7 17
+1 51
fi=(28)
-32 17
cfi=(27)
cfn=(78)
calls=17 -20 
* 672
fe=(27)

fn=(78)
36 336
+1 126
+11 123
+3 41
-3 41
+3 82
-3 2
+3 1
-3 1
+3 158
+19 42
+1 42
+2 252
-17 12
+1 6
+2 3
+1 21
cfi=(57) ./misc/../sysdeps/unix/sysv/linux/mmap64.c
cfn=(182) mmap
calls=3 -13 
* 78
* 3
+2 6
+2 12
cfi=(58) ./misc/../sysdeps/unix/sysv/linux/setvmaname.c
cfn=(184) __set_vma_name
calls=3 -31 
* 61
+1 9
+2 2
+4 2
-4 4
-24 1
-1 1
+1 1
+1 2
-2 2
+28 1
-3 2
+4 2

fn=(142)
97 3
+2 12

fl=(77) ./elf/./elf/dl-reloc.c
fn=(262) _dl_relocate_object
207 88
+1 16
+12 7
+4 28
-4 7
+6 21
+3 7
-1 7
+1 14
+22 35
+4 8
+7 12
fi=(6) ./elf/../sysdeps/x86_64/dl-machine.h
81 20
+6 8
+4 6
+17 2
-11 2
+11 4
+21 4
+5 8
-2 4
fi=(4)
-53 2
fe=(77)
301 4
fi=(4)
79 4
fe=(77)
301 4
fi=(4)
79 5
fe=(77)
301 10
fi=(4)
79 10
fe=(77)
301 9890
fi=(4)
79 2
fe=(77)
301 2
fi=(4)
79 4
fe=(77)
301 298
-80 14
fi=(6)
393 14
fe=(77)
190 7
+31 7
-31 7
fi=(6)
393 21
fi=(5) ./elf/./elf/do-rel.h
49 7
fe=(77)
301 7
fi=(5)
50 7
+30 7
-31 14
+4 7
-3 7
+3 7
-3 7
+3 21
+27 14
-31 7
fe=(77)
301 7
fi=(5)
50 7
+30 7
-31 14
+4 7
-3 7
+3 7
-3 7
+3 21
+27 14
-7 2
-1 2
+11 16
fi=(6)
514 2224
+4 2224
+3 3336
+1 1112
fi=(5)
83 3336
+2 4448
+11 12
fe=(77)
301 42
fi=(5)
51 7
fi=(4)
+28 35
fi=(6)
730 14
+4 8
fe=(77)
304 35
+24 7
+3 14
+17 21
+2 64
-98 14
+3 6
+7 3
-9 3
+9 6
fi=(6)
81 6
fi=(5)
+33 36
+9 24
+1 4
fi=(6)
498 4
fi=(5)
124 4
fi=(6)
498 8
fi=(5)
124 1130
fi=(6)
498 1130
fi=(5)
124 1130
fi=(6)
498 2260
+5 2268
+1 1134
fi=(5)
123 1134
fi=(6)
504 1134
-5 1134
fi=(5)
123 2268
+3 36
+3 40
+2 36
fe=(77)
+59 12
fi=(5)
73 6
fe=(77)
190 6
fi=(5)
72 6
fe=(77)
190 54
fi=(5)
-57 12
+1 6
+1 6
-2 6
+2 6
+3 6
-5 6
+2 6
-2 6
+1 12
+2 6
-2 6
+2 18
+2 12
-5 7202
+1 3601
+1 3601
-2 3601
+2 3601
+3 3601
-5 3601
+2 3601
-2 3601
+1 7202
+2 3601
-2 3601
+2 10803
+2 7202
+9 3539
fi=(6)
267 7078
+7 7078
+4 7078
fe=(77)
170 14156
fi=(4)
-30 10566
fe=(77)
+31 7044
+3 7044
+8 3764
-8 16881
+12 3734
-3 1867
+1 1867
+2 7498
-3 15
+1 15
+2 1942
+1 1882
-1 1882
+2 3764
-1 7528
+3 11292
cfi=(78)
cfn=(270)
calls=1882 772 
* 1350103
+3 1882
+1 3764
-4 1882
+4 9410
fi=(6)
+93 14075
+3 3509
-3 10544
+3 3526
-3 3526
+5 7064
+25 21234
423 8457
fi=(5)
150 8457
fi=(6)
423 1372
fi=(5)
150 2137
-19 14446
+33 24
+1 72
+1 252
+3 136
+4 68
-1 68
-3 68
+2 136
+2 68
-2 136
fe=(77)
-1 272
fi=(6)
287 68
+3 68
-3 68
+4 136
476 136
+2 68
cfi=(15) ./elf/../sysdeps/x86/dl-get-cpu-features.c
cfn=(550) __x86_cpu_features
calls=1 71 
* 6
cob=(3)
cfi=(162)
cfn=(518)
calls=1 26 
* 8
cob=(3)
cfi=(146)
cfn=(514)
calls=1 27 
* 9
cob=(3)
cfi=(161)
cfn=(510)
calls=1 26 
* 9
cob=(3)
cfi=(160)
cfn=(506)
calls=1 27 
* 9
cob=(3)
cfi=(159)
cfn=(502)
calls=1 26 
* 9
cob=(3)
cfi=(156)
cfn=(498)
calls=1 27 
* 8
cob=(3)
cfi=(158)
cfn=(496)
calls=1 49 
* 6
cob=(3)
cfi=(157)
cfn=(492)
calls=1 26 
* 9
cob=(3)
cfi=(156)
cfn=(488)
calls=1 35 
* 8
cob=(3)
cfi=(155)
cfn=(484)
calls=1 27 
* 9
cob=(3)
cfi=(154)
cfn=(480)
calls=1 26 
* 9
cob=(3)
cfi=(153)
cfn=(476)
calls=1 27 
* 9
cob=(3)
cfi=(151)
cfn=(472)
calls=1 27 
* 8
cob=(3)
cfi=(150)
cfn=(468)
calls=1 30 
* 9
cob=(3)
cfi=(149)
cfn=(464)
calls=1 26 
* 9
cob=(3)
cfi=(148)
cfn=(460)
calls=1 27 
* 9
cob=(3)
cfi=(147)
cfn=(456)
calls=1 27 
* 9
cob=(3)
cfi=(146)
cfn=(452)
calls=1 34 
* 9
cob=(3)
cfi=(145)
cfn=(448)
calls=1 27 
* 9
cob=(3)
cfi=(143)
cfn=(444)
calls=1 27 
* 9
cob=(3)
cfi=(141)
cfn=(440)
calls=1 26 
* 9
cob=(2)
cfi=(139) ./string/../sysdeps/x86_64/multiarch/strncase.c
cfn=(432) strncasecmp
calls=1 31 
* 21
cob=(2)
cfi=(138) ./string/../sysdeps/x86_64/multiarch/mempcpy.c
cfn=(428) mempcpy
calls=1 33 
* 22
cob=(2)
cfi=(137) ./wcsmbs/../sysdeps/x86_64/multiarch/wcpcpy.c
cfn=(424) wcpncpy
calls=1 31 
* 18
cob=(2)
cfi=(136) ./string/../sysdeps/x86_64/multiarch/strspn.c
cfn=(422) strspn
calls=1 29 
* 7
cob=(2)
cfi=(134) ./string/../sysdeps/x86_64/multiarch/memchr.c
cfn=(418) memchr
calls=1 29 
* 23
cob=(2)
cfi=(133) ./string/../sysdeps/x86_64/multiarch/memmove.c
cfn=(414) memmove
calls=1 29 
* 22
cob=(2)
cfi=(132) ./string/../sysdeps/x86_64/multiarch/stpcpy.c
cfn=(410) stpcpy
calls=1 33 
* 17
cob=(2)
cfi=(131) ./debug/../sysdeps/x86_64/multiarch/memmove_chk.c
cfn=(406) __memmove_chk
calls=1 29 
* 22
cob=(2)
cfi=(129) ./wcsmbs/../sysdeps/x86_64/multiarch/wmemcmp.c
cfn=(402) wmemcmp
calls=1 29 
* 24
cob=(2)
cfi=(128) ./string/../sysdeps/x86_64/multiarch/strncpy.c
cfn=(398) strncpy
calls=1 29 
* 19
cob=(2)
cfi=(127) ./string/../sysdeps/x86_64/multiarch/strlen.c
cfn=(394) strlen
calls=1 29 
* 25
cob=(2)
cfi=(100) ./wcsmbs/../sysdeps/x86_64/multiarch/wcscat.c
cfn=(390) wcscat
calls=1 31 
* 18
cob=(2)
cfi=(126) ./string/../sysdeps/x86_64/multiarch/strcasecmp_l.c
cfn=(386) strcasecmp_l
calls=1 31 
* 21
cob=(2)
cfi=(125) ./string/../sysdeps/x86_64/multiarch/strcpy.c
cfn=(382) strcpy
calls=1 29 
* 17
cob=(2)
cfi=(123) ./wcsmbs/../sysdeps/x86_64/multiarch/wmemset.c
cfn=(378) wmemset
calls=2 31 
* 20
cob=(2)
cfi=(121) ./string/../sysdeps/x86_64/multiarch/memcmp.c
cfn=(374) bcmp
calls=1 29 
* 24
cob=(2)
cfi=(120) ./string/../sysdeps/x86_64/multiarch/strchrnul.c
cfn=(370) strchrnul
calls=1 31 
* 25
cob=(2)
cfi=(119) ./string/../sysdeps/x86_64/multiarch/strncase_l.c
cfn=(366) strncasecmp_l
calls=1 31 
* 21
cob=(2)
cfi=(117) ./string/../sysdeps/x86_64/multiarch/strcat.c
cfn=(362) strcat
calls=1 29 
* 17
cob=(2)
cfi=(116) ./wcsmbs/../sysdeps/x86_64/multiarch/wcscpy.c
cfn=(360) wcscpy
calls=1 60 
* 16
cob=(2)
cfi=(115) ./string/../sysdeps/x86_64/multiarch/strcspn.c
cfn=(358) strcspn
calls=1 29 
* 7
cob=(2)
cfi=(113) ./string/../sysdeps/x86_64/multiarch/strcasecmp.c
cfn=(354) strcasecmp
calls=1 31 
* 21
cob=(2)
cfi=(112) ./string/../sysdeps/x86_64/multiarch/strncmp.c
cfn=(352) strncmp
calls=1 67 
* 21
cob=(2)
cfi=(110) ./wcsmbs/../sysdeps/x86_64/multiarch/wmemchr.c
cfn=(348) wmemchr
calls=2 31 
* 46
cob=(2)
cfi=(108) ./string/../sysdeps/x86_64/multiarch/stpncpy.c
cfn=(344) stpncpy
calls=1 31 
* 19
cob=(2)
cfi=(107) ./wcsmbs/../sysdeps/x86_64/multiarch/wcscmp.c
cfn=(340) wcscmp
calls=1 30 
* 25
cob=(2)
cfi=(106) ./string/../sysdeps/x86_64/multiarch/strrchr.c
cfn=(336) rindex
calls=1 28 
* 25
cob=(2)
cfi=(104) ./debug/../sysdeps/x86_64/multiarch/memset_chk.c
cfn=(332) __memset_chk
calls=1 29 
* 24
cob=(2)
cfi=(103) ./string/../sysdeps/x86_64/multiarch/strchr.c
cfn=(330) index
calls=1 65 
* 19
cob=(2)
cfi=(100)
cfn=(324) wcschr
calls=2 31 
* 50
cob=(2)
cfi=(98) ./string/../sysdeps/x86_64/multiarch/memcmpeq.c
cfn=(320) memcpy@@GLIBC_2.14
calls=1 29 
* 22
cob=(2)
cfi=(96) ./wcsmbs/../sysdeps/x86_64/multiarch/wcsncpy.c
cfn=(316) wcsncpy
calls=1 31 
* 18
cob=(2)
cfi=(95) ./string/../sysdeps/x86_64/multiarch/memrchr.c
cfn=(312) memrchr
calls=1 29 
* 25
cob=(2)
cfi=(94) ./debug/../sysdeps/x86_64/multiarch/memcpy_chk.c
cfn=(308) __memcpy_chk
calls=1 29 
* 22
cob=(2)
cfi=(92) ./debug/../sysdeps/x86_64/multiarch/mempcpy_chk.c
cfn=(304) __mempcpy_chk
calls=1 29 
* 22
cob=(2)
cfi=(91) ./wcsmbs/../sysdeps/x86_64/multiarch/wcslen.c
cfn=(300) wcslen
calls=1 29 
* 19
cob=(2)
cfi=(89) ./string/../sysdeps/x86_64/multiarch/memset.c
cfn=(296) memset
calls=1 29 
* 24
cob=(2)
cfi=(87) ./wcsmbs/../sysdeps/x86_64/multiarch/wcsnlen.c
cfn=(292) wcsnlen
calls=1 30 
* 19
cob=(2)
cfi=(86) ./string/../sysdeps/x86_64/multiarch/strcmp.c
cfn=(290) strcmp
calls=1 79 
* 19
cob=(2)
cfi=(85) ./string/../sysdeps/x86_64/multiarch/strpbrk.c
cfn=(288) strpbrk
calls=1 29 
* 7
cob=(2)
cfi=(83) ./string/../sysdeps/x86_64/multiarch/strnlen.c
cfn=(284) strnlen
calls=2 31 
* 50
cob=(2)
cfi=(81) ./string/../sysdeps/x86/cacheinfo.c
cfn=(280) __x86_cacheinfo
calls=1 86 
* 28
fi=(5)
165 68
fi=(6)
479 68
fi=(5)
165 145
-14 276
fi=(6)
460 33
+5 22
-1 33
+1 22
-1 11
cfi=(29)
cfn=(82)
calls=11 210 
* 340
+2 55
+1 22
-67 51
+2 68
+4 17
+9 17
-9 34
+9 17
fi=(5)
150 34
fi=(6)
320 92
+3 92
+29 6
+11 2
-9 4
+9 2
fi=(5)
150 4
fi=(6)
346 8
+1 12
fi=(5)
150 8
fi=(6)
287 85
fi=(5)
141 68
+1 68
-1 204
+2 68
fi=(6)
287 340
fe=(77)
175 14758
+3 1640
-1 1640
+19 1640
-18 3280
fi=(6)
295 12
+1 18
+11 12
+7 6
cob=(2)
cfi=(133)
cfn=(414)
calls=1 29 
* 22
cob=(2)
cfi=(86)
cfn=(290)
calls=1 79 
* 19
cob=(2)
cfi=(134)
cfn=(418)
calls=1 29 
* 23
cob=(2)
cfi=(98)
cfn=(320)
calls=1 29 
* 22
cob=(2)
cfi=(89)
cfn=(296)
calls=1 29 
* 24
cob=(2)
cfi=(127)
cfn=(394)
calls=1 29 
* 25
* 24
fe=(77)
-13 6
+55 35
+3 7
-3 7
+3 7
+4 14
+1 28
cfi=(140)
cfn=(436) mprotect
calls=7 117 
* 42
* 14
-63 9
fi=(5)
180 7
fe=(77)
+10 2
fi=(5)
73 1
fe=(77)
190 3
fi=(6)
436 7
fi=(5)
182 2
+1 2
-1 1
+3 1
-3 4
+3 2
-3 10
+1 10
-1 5
+3 5
-3 20
+3 10
+8 6
fi=(6)
+74 12
+7 12
+4 12
fe=(77)
170 24
fi=(4)
-30 18
fe=(77)
+31 12
+3 12
+8 12
-8 54
+12 12
-3 6
+1 6
+2 36
+4 24
-4 6
+4 18
cfi=(78)
cfn=(270)
calls=6 772 
* 3844
+3 6
+1 12
-4 6
+4 30
fi=(6)
+93 21
+3 3
-3 9
+3 3
-3 3
+5 6
+25 36
423 6
fi=(5)
196 18
-16 24
+31 7
fe=(77)
-33 1638
-3 4914

fl=(30) ./elf/./elf/dl-load.c
fn=(136) expand_dynamic_string_token
385 18
241 4
385 2
241 2
cfi=(41) ./string/../sysdeps/x86_64/multiarch/../multiarch/strchr-sse2.S
cfn=(118) index
calls=2 32 
* 72
+3 4
410 2
-11 2
+11 12
-11 2
cfi=(44)
cfn=(138)
calls=2 40 
* 180

fn=(132) fillin_rpath.isra.0
468 9
+4 1
-4 8
+6 3
cfi=(7) ./elf/./elf/dl-minimal.c
cfn=(134) strsep
calls=1 239 
* 240
* 3
cfi=(7)
cfn=(134)
calls=1 239 
* 8
* 6
+7 2
+2 3
cfn=(136)
calls=1 -98 
* 125
* 1
+4 2
+5 2
cfi=(22)
cfn=(62)
calls=1 57 
* 17
* 1
+1 2
+7 5
+9 15
+1 8
fi=(28)
50 2
cfi=(27)
cfn=(142)
calls=1 +47 
* 5
+1 1
fe=(30)
528 4
+4 4
fi=(28)
56 1
cfi=(27)
cfn=(78)
calls=1 -20 
* 30
* 1
fe=(30)
534 2
+5 1
+1 2
-1 1
-1 1
+2 1
cfi=(29)
cfn=(126)
calls=1 197 
* 13
+3 1
-3 1
+1 1
+2 1
+6 1
+1 1
-1 3
+1 5
+1 1
-1 1
+1 1
-1 3
+1 1
-1 2
+1 1
+2 2
+1 3
+1 1
+6 2
+1 1
+3 3
-60 2
-22 2
+88 1
+3 8
-24 2

fn=(176) _dl_map_object_from_fd
944 50
+15 5
-15 10
+15 5
-15 10
+15 10
+77 20
+10 10
+7 35
cfi=(26) ./elf/./elf/dl-object.c
cfn=(72) _dl_new_object
calls=5 59 
* 1880
* 5
+1 10
+11 5
+5 5
-4 5
-1 5
+2 5
+2 5
-2 5
+2 10
+1 15
+1 8
+19 8
-2 4
+2 42
-2 1
+2 55
+10 5
-10 5
+10 15
+27 5
-33 5
-3 5
+2 5
-1 5
+35 5
+9 5
-50 5
+41 5
+9 5
-36 5
+63 25
-62 200
+26 140
+8 40
+1 20
-1 20
+1 80
+1 20
-1 20
+1 20
+2 20
-2 20
+2 20
+2 20
-4 20
+1 20
+3 20
-4 20
+4 100
+2 40
+13 40
+1 75
+5 15
+1 135
-28 30
-35 45
+62 5
+1 45
-28 10
-35 120
+1 307
1213 5
1100 5
1213 10
1100 15
1218 35
+10 15
+1 5
-1 5
+1 5
-1 15
+1 15
-1 15
+1 15
-1 45
1066 10
1235 10
+10 20
+7 20
fi=(59) ./elf/./dl-map-segments.h
28 5
fe=(30)
1252 15
fi=(59)
28 10
+1 40
cfi=(57)
cfn=(182)
calls=5 +18 
* 140
+73 10
-1 5
-72 5
+73 5
+3 10
+1 5
+2 5
-3 5
+1 5
+2 5
+17 5
-44 5
fi=(60) ./elf/./dl-load.h
+10 40
fi=(59)
+58 80
+6 5
+2 5
-2 5
+1 5
+2 10
-1 10
+3 10
+5 10
+3 15
+8 30
cfi=(43)
cfn=(130)
calls=5 -44 
* 763
* 5
+6 10
+12 20
-59 120
+2 60
+2 120
cfi=(57)
cfn=(182)
calls=15 -92 
* 315
* 30
fe=(30)
1264 5
fi=(56) ./elf/../sysdeps/posix/dl-fileid.h
37 10
cfi=(55) ./io/../sysdeps/unix/sysv/linux/fstat64.c
cfn=(178) fstat
calls=5 -7 
* 30
* 10
fe=(30)
989 10
fi=(56)
40 15
fe=(30)
989 5
fi=(56)
40 5
fe=(30)
989 80
+1 40
fi=(56)
49 60
fe=(30)
1519 45
1074 13
+1 2
-1 1
+1 1
-1 1
+1 1
cfi=(70) ./io/../sysdeps/unix/sysv/linux/pread64_nocancel.c
cfn=(226) __pread64_nocancel
calls=1 25 
* 7
* 2
+46 2
+1 1
-15 10
+7 5
+2 5
-2 5
+1 5
+1 5
-1 10
+1 40
+60 9
+5 3
-1 6
+5 3
-5 6
-66 3
+71 12
+1 3
+3 3
-3 3
+8 12
+15 10
+1 5
1008 10
1268 20
+1 15
fi=(61) ./elf/./elf/get-dynamic-info.h
39 10
+6 5
-2 5
+11 5
+1 5
-10 10
+8 6
+15 6
-23 24
+23 132
-23 528
+4 276
+3 37
-1 74
+3 124
+1 104
+1 25
+16 20
+12 17
+1 20
+1 20
+1 20
+1 17
+1 19
+1 19
+1 20
+12 5
+7 5
-7 35
+7 11
+5 8
+7 8
+1 15
+6 15
+1 6
+17 15
+5 4
+2 4
+2 4
+2 4
+4 15
+2 9
+1 6
+9 6
+6 6
+4 10
fe=(30)
1275 10
+1 10
+2 10
+10 15
+19 15
+2 30
+52 15
+1 6
+6 45
+1 100
+6 20
cfn=(88) _dl_process_pt_gnu_property
calls=5 868 
* 372
-7 125
+1 60
+6 60
-6 120
fi=(31) ./elf/../sysdeps/x86/dl-prop.h
149 20
fe=(30)
1380 10
cfi=(62) ./io/../sysdeps/unix/sysv/linux/close_nocancel.c
cfn=(194) __GI___close_nocancel
calls=5 25 
* 30
* 10
+13 10
+2 20
+2 10
+16 10
cfi=(8)
cfn=(14)
calls=5 25 
* 135
+4 10
+1 10
+17 10
+1 1
+3 1
+5 1
-5 1
+5 1
-5 4
+5 4
-5 4
+5 4
+5 10
+12 40
+10 10
+1 12
+5 6
cfi=(46) ./elf/../elf/dl-tls.c
cfn=(224) _dl_assign_tls_modid
calls=3 125 
* 36
+7 15
cfi=(26)
cfn=(84) _dl_add_to_namespace_list
calls=5 31 
* 295
+3 10
+4 10
cfi=(45) ./elf/./elf/dl-debug.c
cfn=(196) _dl_debug_update
calls=5 38 
* 35
* 5
+1 15
+22 35
+1 15
cfi=(48)
cfn=(198) _dl_audit_objopen
calls=5 77 
* 25
* 5
fi=(60)
92 16
+2 4
-1 4
+1 4
-1 4
+1 4
-1 4
+1 4
-1 8
+3 16
fi=(61)
-37 20
+3 20
+2 20
181 6
-22 4
fe=(30)
1510 10
1074 2
fi=(59)
186 16
cfi=(57)
cfn=(182)
calls=2 47 
* 42
+3 4
fe=(30)
1462 15
+2 4
-1 20
+1 4
-1 4
+1 4
-1 4
cfi=(32)
cfn=(94)
calls=4 98 
* 120
* 8
+2 5
1275 4

fn=(208) open_path
1812 32
+1 4
-1 12
+1 4
+6 8
+5 68
+67 8
-74 4
+7 12
+57 4
-65 4
+65 4
+10 8
-64 8
+8 24
+7 8
-11 4
+12 4
-1 16
cfi=(29)
cfn=(126)
calls=4 197 
* 52
+1 40
+50 6
-2 12
-48 44
+3 24
+5 42
cfi=(29)
cfn=(126)
calls=6 197 
* 78
* 24
cfi=(29)
cfn=(126)
calls=6 197 
* 78
+3 12
+6 18
+3 42
cfn=(170) open_verify.constprop.0
calls=6 1572 
* 336
* 6
+2 18
+2 6
+93 36
-88 6
+1 21
+6 3
+2 6
-2 6
+2 3
cfi=(65)
cfn=(210)
calls=3 28 
* 46
* 3
+3 3
-3 6
+1 2
+9 8
+2 1
-2 2
+2 6
+44 32
+6 8
-2 4
+2 8
+3 12
1822 8
+2 8

fn=(88)
868 6
+8 6
-8 12
+8 6
-6 6
+12 12
-13 6
+13 6
-13 6
+13 12
+3 18
+1 12
+1 12
+3 18
+1 18
+4 6
+1 12
+22 6
+2 6
-2 12
+2 18
-20 18
+1 9
+3 18
+3 9
+1 36
fi=(31)
95 36
+7 18
+16 9
-3 18
254 12
+1 6
+2 24
+3 6
-8 6
+5 3
-4 3
+4 9
+3 3
-2 3
fe=(30)

fn=(106) _dl_init_paths
706 11
+14 1
-14 2
+14 2
cfi=(37) ./elf/./elf/dl-hwcaps.c
cfn=(108) _dl_important_hwcaps
calls=1 172 
* 1244
fi=(28)
56 1
fe=(30)
720 1
fi=(28)
56 1
cfi=(27)
cfn=(78)
calls=1 -20 
* 30
fe=(30)
725 1
+2 3
+8 2
-1 3
+5 3
fi=(28)
56 1
cfi=(27)
cfn=(78)
calls=1 -20 
* 30
fe=(30)
739 1
+2 4
+7 1
+8 1
+2 1
+12 2
-23 1
+9 1
+11 1
-4 1
-5 1
+3 2
+7 2
+2 2
-11 1
+11 3
-8 1
+4 1
+1 3
+1 16
cfi=(43)
cfn=(130)
calls=4 132 
* 56
+2 15
-14 3
+10 3
+4 9
-12 3
-2 3
+2 3
+4 3
-3 3
+3 3
+1 3
-2 3
+5 9
+1 6
+3 1
+15 1
-8 1
+5 1
-6 1
+9 2
+2 4
+2 3
+36 5
+2 2
cfi=(22)
cfn=(62)
calls=1 57 
* 17
* 9
-19 1
-2 1
+2 2
+19 9
cfi=(29)
cfn=(82)
calls=1 210 
* 11
* 1
+5 4
-1 2
+2 1
+1 2
-2 4
+1 13
+1 26
-2 52
+5 1
fi=(28)
56 1
cfi=(27)
cfn=(78)
calls=1 -20 
* 30
fe=(30)
836 1
fi=(28)
56 1
fe=(30)
838 2
+6 6
cfn=(132)
calls=1 468 
* 581
+3 3
+6 1
+4 8
-35 2
+5 2

fn=(166) _dl_map_object
1967 168
+8 28
+1 56
+3 307
+5 420
+2 180
cfi=(52)
cfn=(168)
calls=60 68 
* 5947
* 120
+4 102
+1 153
+4 28
-1 140
+1 28
+1 28
-1 28
+1 56
cfi=(32)
cfn=(94)
calls=28 98 
* 886
* 56
2270 131
2011 15
-1 10
+9 5
-50 5
+50 10
+17 10
-2 5
+2 5
cfi=(41)
cfn=(118)
calls=5 32 
* 120
* 10
2202 2
-1 3
cfn=(136)
calls=1 385 
* 175
+6 1
-7 1
+1 1
+2 2
+4 7
cfn=(170)
calls=1 1572 
* 106
+3 2
-3 1
+3 1
+12 4
+45 1
+1 5
-1 1
+1 8
cfn=(176)
calls=1 944 
* 1940
-1 4
+1 20
-1 4
+1 32
cfn=(176)
calls=4 944 
* 8888
* 15
2040 8
cfi=(22)
cfn=(62)
calls=4 57 
* 68
* 8
+2 8
+7 16
+51 52
cfn=(208)
calls=4 1812 
* 1312
+6 4
-6 4
+6 8
2222 16
+46 8
682 4
2107 4
682 8
2135 8
cfi=(67)
cfn=(214)
calls=4 403 
* 5398
* 4
+2 8
+4 8
+31 4
-23 8
+23 28
cfn=(170)
calls=4 1572 
* 461
+4 8
-4 4
+4 4
+1 4
+17 8
2074 20
682 4
2075 4
682 12
2099 8
+1 8
-47 4
+1 4
696 20
2058 12
682 4
2059 4
682 8
2073 20
+1 8
+41 4
+14 8
+2 12
-47 8

fn=(170)
1572 110
+32 11
-32 22
+32 22
+19 44
cfi=(53) ./io/../sysdeps/unix/sysv/linux/open64_nocancel.c
cfn=(172) __open_nocancel
calls=11 28 
* 238
* 11
+2 22
+8 5
+1 10
+5 5
-5 5
+5 25
cfi=(54) ./io/../sysdeps/unix/sysv/linux/read_nocancel.c
cfn=(174) __read_nocancel
calls=5 25 
* 30
+2 10
+2 10
+2 10
+6 10
+17 65
+81 10
+5 10
+6 20
+6 10
+6 5
+1 5
-1 15
+1 15
+26 99
-22 13
+1 2
-1 1
+1 1
cfi=(70)
cfn=(226)
calls=1 25 
* 7
* 2
1668 9
-59 12
1777 2

fn=(204) _dl_dst_count
238 26
+3 13
-3 65
+7 13
-7 26
+3 13
cfi=(41)
cfn=(118)
calls=13 32 
* 408
+3 26
+20 117

fl=(272)
fn=(2266)
24 56
+4 14
+6 7
-2 7
+3 14
+3 5
+1 5
-1 5
+1 10
+3 20
+1 5
cob=(6)
cfi=(183)
cfn=(2390)
calls=1 -43 
* 42
cob=(3)
cfi=(184)
cfn=(2372)
calls=1 -43 
* 152
cob=(7) /usr/lib/x86_64-linux-gnu/libstdc++.so.6.0.33
cfi=(185) ???
cfn=(2312) 0x00000000000b7aa0
calls=1 -43 
* 3894
cob=(5) /usr/libexec/valgrind/vgpreload_core-amd64-linux.so
cfi=(178) ???
cfn=(2294) 0x00000000000010d0
calls=1 -43 
* 152
cob=(8) /home/nanoseeing/AtCoder/atcoder-repository/AHC/AHC048/a.out
cfi=(211) ???
cfn=(2268) 0x0000000000005c60
calls=1 -43 
* 152
* 1
cob=(6)
cfi=(183)
cfn=(2402)
calls=1 -43 
* 152
-1 24
+5 7
+1 14
+1 10
+1 25
-1 5
cob=(4)
cfi=(175)
cfn=(2418) 0x0000000004be1748
calls=1 -49 
* 4
cob=(4)
cfi=(175)
cfn=(2388) 0x0000000004b5f3a8
calls=1 -49 
* 4
cob=(4)
cfi=(175)
cfn=(2370) 0x0000000004a37ce4
calls=1 -49 
* 4
cob=(4)
cfi=(175)
cfn=(2310) 0x000000000483d294
calls=1 -49 
* 4
cob=(4)
cfi=(175)
cfn=(2290) 0x00000000001389a8
calls=1 -49 
* 4
+1 12

fl=(32)
fn=(244)
98 1
+27 1
+1 1
+1 1
+1 1
+1 1
+2 1
+1 1
+2 1
+1 1
+21 1
+1 1
+1 1
+1 1
+1 1
+1 1
+1 1
+1 1
+17 1
+1 1
+1 1
+1 1
+1 1
+1 1
+1 1
2104 1
+3 1
+1 1
+2 1
+1 1
+8 1
+1 1

fn=(94)
98 2552
+33 2552
+1 2552
+2 2552
+1 2552
+21 2552
+1 2552
+1 2334
+1 2334
+1 2241
+1 2241
+1 2241
+1 2241
+17 2241
+1 2241
+1 2241
+1 2241
+1 2241
+1 2241
+1 2241
+5 60
+1 180
+9 60
+1 60
+1 60
+1 60
+1 60
+1 60
+1 60
+1 60
-7 311
+1 311
+1 311
+1 311
+1 311
+1 311
+1 311
+1 311
+1 284
+1 147
+1 147
+1 147
+2 147
+1 147
+1 147
+1 147
+1 147
+1 147
-5 137
+1 137
+1 137
+1 137
+1 137
+1 137
+10 87
+1 87
+1 87
+2 87
+6 87
+1 87
+1 87
+1 87
+1 87
+5 87
+2 79
+1 79
+1 158
+8 79
+1 79
+3 79
+1 79
+1 79
+1 79
+1 79
+1 79
-9 3
+1 3
+3 3
+1 3
+1 3
+1 3
+1 3
+1 3
+6 4
+1 4
+1 4
+3 4
+1 4
+1 4
+1 4
+1 4
+1 4
+5 3
+1 3
+9 6
+1 6
+1 6
+1 6
+1 6
+2 6
+1 6
+1 6
+1 6
+1 6
+1 6
+1 6
+1 6
+3 6
+1 6
+1 6
+6 6
+1 6
+1 12
+4 6
+1 6
+3 6
+1 6
+1 6
+2 6
+1 6
+1 6
+4 6
+1 6
+1 6
+1 6
+1 6
+1 6
542 1
+1 1
+1 1
+1 1
+1 1
+2 1
+1 1
+1 1
+1 1
+1 1
+1 1
+1 1
+1 1
+4 1
+1 1
+1 1
+6 1
+1 1
+1 2
+4 1
+1 1
+3 1
+1 1
+1 1
+2 1
+1 1
+1 1
+4 1
+1 1
+1 1
+1 1
+1 1
+1 1
+7 1
+1 1
+2 1
+1 1
+2 1
+1 1
+1 1
+2 1
+1 1
+1 1
+4 1
+1 1
+1 1
+1 1
+1 1
+1 1
+41 2
+1 2
+1 2
+1 2
+1 2
+2 2
+1 2
+1 2
+1 2
+1 2
+1 2
+1 2
+1 1
+4 1
+1 1
+1 1
+6 1
+1 1
+1 2
+4 1
+1 1
+3 1
+1 1
+1 1
+2 1
+1 1
+1 1
+4 1
+1 1
+1 1
+1 1
+1 1
+1 1
+69 5
+1 5
+1 5
+1 5
+1 5
+2 5
+1 5
+1 5
+1 5
+1 5
+1 5
+1 5
+1 4
+4 4
+1 4
+1 4
+6 4
+1 4
+1 8
+4 4
+1 4
+3 4
+1 4
+1 4
+2 4
+1 4
+1 4
+4 4
+1 4
+1 4
+1 4
+1 4
+1 4
+69 11
+1 11
+1 11
+1 11
+1 11
+2 11
+1 11
+1 11
+1 11
+1 11
+1 11
+1 11
+1 10
+4 10
+1 10
+1 10
+6 10
+1 10
+1 20
+4 10
+1 10
-1 1
+1 1
+3 11
+1 11
+1 11
+2 11
+1 11
+1 11
+4 11
+1 11
+1 11
+1 11
+1 11
+1 11
+7 4
+1 4
+2 4
+1 4
+2 4
+1 4
+1 4
+2 4
+1 4
+1 4
+4 4
+1 4
+1 4
+1 4
+1 4
+1 4
+7 1
+1 1
+1 1
+32 11
+1 11
+1 11
+1 11
+1 11
+2 11
+1 11
+1 11
+1 11
+1 11
+1 11
+1 11
+1 10
+4 10
+1 10
+1 10
+6 10
+1 10
+1 20
+4 10
+1 10
-1 1
+1 1
+3 11
+1 11
+1 11
+2 11
+1 11
+1 11
+4 11
+1 11
+1 11
+1 11
+1 11
+1 11
+7 4
+1 4
+2 4
+1 4
+2 4
+1 4
+1 4
+2 4
+1 4
+1 4
+4 4
+1 4
+1 4
+1 4
+1 4
+1 4
+7 1
+1 1
+1 1
+32 29
+1 29
+1 29
+1 29
+1 29
+2 29
+1 29
+1 29
+1 29
+1 29
+1 29
+1 29
+1 21
+4 21
+1 21
+1 21
+6 21
+1 21
+1 42
+4 21
+1 21
-1 2
+1 2
+3 23
+1 23
+1 23
+2 23
+1 23
+1 23
+4 23
+1 23
+1 23
+1 23
+1 23
+1 23
+7 4
+1 4
+2 4
+1 4
+2 4
+1 4
+1 4
+2 4
+1 4
+1 4
+4 4
+1 4
+1 4
+1 4
+1 4
+1 4
+7 2
+1 2
+1 2
+32 21
+1 21
+1 21
+1 21
+1 21
+2 21
+1 21
+1 21
+1 21
+1 21
+1 21
+1 21
+1 11
+4 11
+1 11
+1 11
+6 11
+1 11
+1 22
+4 11
+1 11
+3 11
+1 11
+1 11
+2 11
+1 11
+1 11
+4 11
+1 11
+1 11
+1 11
+1 11
+1 11
+7 2
+1 2
+2 2
+1 2
+2 2
+1 2
+1 2
+2 2
+1 2
+1 2
+4 2
+1 2
+1 2
+1 2
+1 2
+1 2
+41 21
+1 21
+1 21
+1 21
+1 21
+2 21
+1 21
+1 21
+1 21
+1 21
+1 21
+1 21
+1 18
+4 18
+1 18
+1 18
+6 18
+1 18
+1 36
+4 18
+1 18
+3 18
+1 18
+1 18
+2 18
+1 18
+1 18
+4 18
+1 18
+1 18
+1 18
+1 18
+1 18
+7 2
+1 2
+2 2
+1 2
+2 2
+1 2
+1 2
+2 2
+1 2
+1 2
+4 2
+1 2
+1 2
+1 2
+1 2
+1 2
+41 38
+1 38
+1 38
+1 38
+1 38
+2 38
+1 38
+1 38
+1 38
+1 38
+1 38
+1 38
+1 15
+4 15
+1 15
+1 15
+6 15
+1 15
+1 30
+4 15
+1 15
-1 1
+1 1
+3 16
+1 16
+1 16
+2 16
+1 16
+1 16
+4 16
+1 16
+1 16
+1 16
+1 16
+1 16
+7 3
+1 3
+2 3
+1 3
+2 3
+1 3
+1 3
+2 3
+1 3
+1 3
+4 3
+1 3
+1 3
+1 3
+1 3
+1 3
+7 1
+1 1
+1 1
+32 52
+1 52
+1 52
+1 52
+1 52
+2 52
+1 52
+1 52
+1 52
+1 52
+1 52
+1 52
+1 19
+4 19
+1 19
+1 19
+6 19
+1 19
+1 38
+4 19
+1 19
-1 7
+1 7
+3 26
+1 26
+1 26
+2 26
+1 26
+1 26
+4 26
+1 26
+1 26
+1 26
+1 26
+1 26
+7 10
+1 10
+2 10
+1 10
+2 10
+1 10
+1 10
+2 10
+1 10
+1 10
+4 10
+1 10
+1 10
+1 10
+1 10
+1 10
+7 7
+1 7
+1 7
+32 35
+1 35
+1 35
+1 35
+1 35
+2 35
+1 35
+1 35
+1 35
+1 35
+1 35
+1 35
+1 20
+4 20
+1 20
+1 20
+6 20
+1 20
+1 40
+4 20
+1 20
-1 1
+1 1
+3 21
+1 21
+1 21
+2 21
+1 21
+1 21
+4 21
+1 21
+1 21
+1 21
+1 21
+1 21
+7 3
+1 3
+2 3
+1 3
+2 3
+1 3
+1 3
+2 3
+1 3
+1 3
+4 3
+1 3
+1 3
+1 3
+1 3
+1 3
+7 1
+1 1
+1 1
+32 19
+1 19
+1 19
+1 19
+1 19
+2 19
+1 19
+1 19
+1 19
+1 19
+1 19
+1 19
+1 12
+4 12
+1 12
+1 12
+6 12
+1 12
+1 24
+4 12
+1 12
-1 1
+1 1
+3 13
+1 13
+1 13
+2 13
+1 13
+1 13
+4 13
+1 13
+1 13
+1 13
+1 13
+1 13
+7 1
+1 1
+2 1
+1 1
+2 1
+1 1
+1 1
+2 1
+1 1
+1 1
+4 1
+1 1
+1 1
+1 1
+1 1
+1 1
+7 1
+1 1
+1 1
+32 33
+1 33
+1 33
+1 33
+1 33
+2 33
+1 33
+1 33
+1 33
+1 33
+1 33
+1 33
+2 16
+4 16
+1 16
+1 16
+6 16
+1 16
+2 32
+4 16
+1 16
-1 2
+1 2
+3 18
+1 18
+1 18
+2 18
+1 18
+1 18
+4 18
+1 18
+1 18
+1 18
+1 18
+1 18
+7 7
+1 7
+2 7
+1 7
+2 7
+1 7
+1 7
+2 7
+1 7
+1 7
+4 7
+1 7
+1 7
+1 7
+1 7
+1 7
+7 2
+1 2
+1 2
+34 243
+2 243
+1 243
+1 243
+1 243
-3 128
+1 128
+1 128
+1 128
+1 294
+5 147
+6 147
+1 147
+8 147
+1 147
-16 2405
+6 2405
+1 2405
+8 2405
+1 2405

fl=(53)
fn=(172)
28 24
+3 12
-3 24
+3 72
+8 84
+2 12
-2 18
+2 12

fl=(66)
fn=(212)
146 6
-55 6
+70 7
+1 1
-2 4
+1 4

fl=(51)
fn=(162)
31 14
+2 14
+9 14
+1 28
+1 14
+4 14
+1 14
+1 14
+1 14
+1 14
+2 28
+2 14
+1 14
+1 14
+2 28
+2 14
+8 14
+3 14
+1 14
+7 14
+1 14

fl=(62)
fn=(194)
25 6
+1 24
+1 6

fl=(187) ./elf/./elf/dl-runtime.c
fn=(644) _dl_fixup
46 1210
+2 550
+1 110
+6 110
fi=(283) ./elf/../sysdeps/x86_64/dl-runtime.h
-27 110
fe=(187)
+21 110
+5 110
+1 110
-6 110
+6 220
+1 110
+2 110
-2 110
+2 110
-2 550
+7 220
+4 220
+4 110
-2 110
+2 220
+4 330
+1 440
+1 330
+8 110
-1 110
+1 220
+10 1100
cfi=(78)
cfn=(270)
calls=110 772 
* 79413
* 110
+4 550
+10 1100
+15 440
+9 330
+26 330
fi=(6)
+75 110
fe=(187)
-71 880
fi=(242) ./elf/../sysdeps/x86_64/dl-irel.h
32 3
cob=(2)
cfi=(134)
cfn=(418)
calls=1 -3 
* 23
cob=(2)
cfi=(98)
cfn=(320)
calls=1 -3 
* 22
cob=(2)
cfi=(121)
cfn=(374)
calls=1 -3 
* 24
fe=(187)
+93 6

fl=(42) ./string/../sysdeps/x86_64/multiarch/../multiarch/memcmp-sse2.S
fn=(122) bcmp
59 1
+12 1
+1 1
+22 1
+1 1
+45 1
+1 1
+2 1
+1 1
+2 1
+1 1
+2 1
+1 1
+47 1
+1 1
+1 1
+1 1
+1 1
+1 1

fl=(9) ./elf/../sysdeps/unix/sysv/linux/dl-sysdep.c
fn=(568) _dl_sysdep_start_cleanup
147 1
+1 1

fn=(16) _dl_sysdep_start
102 5
+4 1
-4 1
+1 1
+3 1
cfn=(18) _dl_sysdep_parse_arguments
calls=1 -28 
* 419
+4 2
cfi=(11)
cfn=(22) __GI___tunables_init
calls=1 261 
* 28812
+3 1
cfi=(13)
cfn=(26) _dl_sort_maps_init
calls=1 289 
* 38
+2 2
cfi=(14) ./elf/../sysdeps/unix/sysv/linux/brk.c
cfn=(30) brk
calls=1 -79 
* 8
fi=(6)
220 1
cfi=(15)
cfn=(34) _dl_x86_init_cpu_features
calls=1 37 
* 7349
fe=(9)
-98 3
+1 1
cfi=(22)
cfn=(62)
calls=1 -66 
* 17
* 1
+2 2
cfi=(23) ./elf/../misc/sbrk.c
cfn=(64) sbrk
calls=1 -88 
* 16
* 3
+12 3
+3 5
cfi=(2)
cfn=(66) dl_main
calls=1 1346 
* 1816615
+3 4

fn=(18)
78 1
+2 1
-2 6
+1 1
+1 1
-1 1
+2 2
+2 1
-2 1
+2 2
-1 1
+1 2
-1 46
+1 92
+7 56
fi=(10) ./elf/../sysdeps/unix/sysv/linux/dl-parse_auxv.h
-49 1
fe=(9)
+45 1
fi=(10)
-54 1
fe=(9)
+54 1
fi=(10)
-54 1
+1 1
+1 1
+7 3
+1 40
+1 20
-2 20
+2 20
-2 61
fe=(9)
+52 3
+1 1
+1 2
fi=(10)
-49 1
+1 1
fe=(9)
+46 1
fi=(10)
-45 1
+3 1
+1 1
+1 1
+1 1
+2 1
-5 1
-4 1
+1 1
+4 1
+1 1
+3 1
-7 1
-4 1
+1 1
+8 1
fe=(9)
+40 1
-1 1
+2 1
+1 6

fl=(20) ./elf/../sysdeps/x86/dl-cacheinfo.h
fn=(52) intel_check_word.constprop.0
123 48
-4 72
+10 24
-10 96
+10 48
-10 24
+10 24
-10 24
+10 24
+2 48
+71 48
fi=(21) ./elf/../bits/stdlib-bsearch.h
32 24
fe=(20)
202 120
-71 96
+2 60
+2 120
+8 120
+51 96
+22 48
fi=(21)
28 48
-1 96
+2 216
+2 168
+1 84
fe=(20)
+78 168
+3 324
fi=(21)
-78 264
-6 528
+2 480
+1 240
fe=(20)
+78 480
+15 12
246 144
fi=(21)
37 120
fe=(20)
155 36
+3 36
-6 12
+3 39
+9 18
+23 21
-32 63
+3 63
+4 58
+2 116
+3 84
+1 48
+1 48
+1 30
+2 11
+2 22
+6 14
+3 8
+1 12
-20 15
+12 4
+2 4
+1 4
-2 4
-1 4
+2 8
-2 4
+3 4
-2 12
+2 12
+11 2
-9 12

fn=(50) handle_intel.constprop.0
255 24
-5 12
+17 12
-17 96
+11 12
+1 12
+5 36
+4 24
+34 96
-29 12
+3 24
-3 12
+3 36
cfn=(52)
calls=12 123 
* 4092
+2 24
+3 60
cfn=(52)
calls=12 123 
* 1272
+2 24

fn=(56) get_common_cache_info.constprop.0
571 11
+17 1
+1 1
+9 1
-12 1
+2 1
+2 1
+8 1
-11 1
+3 1
+11 2
-5 3
+17 1
+5 3
+4 2
770 5
+1 5
+4 2
+8 1
-1 1
+1 1
+1 1
+1 7
627 5
+3 6
-32 5
+75 4
+8 5
+2 2
-2 1
+6 3
+3 1
+1 5
-4 4
+21 2
-21 4
+2 1
+2 4
-4 1
+6 4
+3 2
+5 1
+2 2
+1 1
+1 1
-2 2
+1 1
-19 4
+46 2
+1 1
+1 2
+1 1
+25 3
630 3
+10 6
+14 2
+4 1
+3 1
+1 1
-4 2
+3 3
+6 4
-37 12
+7 6
-7 3
+7 2
+3 20
+5 2
+4 1
+1 1
-1 2
+1 1
+61 2
+7 1
+2 2
-16 1
+22 1
-6 2
+1 1
+5 1
-30 5

fl=(2)
fn=(246) init_tls
734 1
+6 1
-6 3
+2 2
+4 2
+11 1
fi=(28)
44 1
fe=(2)
746 1
+4 1
fi=(28)
44 1
cfi=(27)
cfn=(74)
calls=1 +36 
* 41
fe=(2)
761 1
-12 1
+6 1
-9 1
+11 1
+4 1
+2 3
-1 2
+3 14
+4 3
+2 3
-2 6
-5 3
-1 6
+10 3
+3 2
cfi=(46)
cfn=(248) _dl_tls_static_surplus_init
calls=1 97 
* 86
+3 1
cfi=(46)
cfn=(250) _dl_determine_tlsoffset
calls=1 216 
* 147
+7 1
cfi=(46)
cfn=(252) _dl_allocate_tls_storage
calls=1 417 
* 470
* 1
+1 2
+6 1
fi=(74) ./elf/../sysdeps/generic/dl-call_tls_init_tp.h
31 2
fe=(2)
793 1
fi=(74)
31 6
+2 1
cfi=(24)
cfn=(256)
calls=1 +35 
* 79
fe=(2)
800 1
-3 1
+3 4
-36 4
-1 9

fn=(66)
1346 2
197 1
1346 11
199 1
302 1
+1 1
197 1
+99 3
1357 1
cfi=(24)
cfn=(68)
calls=1 53 
* 17
2749 1
2538 1
2749 2
2598 1
+2 2
+15 1
-13 2
cfi=(25) ./elf/./elf/dl-environ.c
cfn=(70) _dl_next_ld_env_entry
calls=1 28 
* 41
* 4
cfi=(25)
cfn=(70)
calls=2 28 
* 275
* 9
+4 6
-2 2
+2 6
+1 2
-1 6
+1 17
-1 89
+9 12
2727 3
1373 1
+1 2
-1 2
+1 2
2687 3
-47 2
+10 2
1637 9
cfi=(26)
cfn=(72)
calls=1 59 
* 210
* 1
+2 2
+1 3
+6 1
-5 2
+1 3
+4 1
cfi=(26)
cfn=(84)
calls=1 31 
* 42
+1 2
1116 1
-1 1
1351 1
1143 1
-21 2
+21 2
-19 1
+1 1
-3 1
+21 2
+57 1
-82 1
+25 1
-3 1
+4 1
+19 1
+37 4
-56 102
+56 4
-1 4
+1 8
-1 4
+2 8
+1 1
+2 12
+1 14
+4 8
+1 8
+1 4
+4 12
-72 27
1253 2
+1 22
+6 4
cfi=(30)
cfn=(88)
calls=1 868 
* 90
-7 26
+1 13
+6 13
-6 26
fi=(31)
235 4
+1 2
-87 4
fe=(2)
1148 1
-5 1
+5 2
-5 2
+30 1
-9 2
+2 1
-3 1
+10 2
+18 2
-38 2
-10 1
+10 1
+1 9
-11 2
+1 14
1247 1
1143 1
1247 2
1143 3
1266 4
+3 3
+2 3
1672 3
+2 2
-1 1
+1 1
+1 3
-2 2
cfi=(32)
cfn=(94)
calls=1 98 
* 25
* 2
+7 1
+3 1
-5 1
+3 1
+2 1
+1 2
+4 2
+2 2
fi=(3) ./elf/./get-dynamic-info.h
39 4
+4 1
+2 1
+9 1
+1 1
-10 2
+23 29
-23 116
+4 58
+3 6
-1 12
+3 24
+1 20
fe=(2)
1243 1
1143 1
1243 1
1143 2
fi=(3)
72 4
+43 2
+7 3
+1 4
+6 3
+18 4
+5 2
+2 2
+2 2
+2 2
+1 2
+3 4
+2 3
+1 2
+9 2
+6 2
+1 3
+3 3
fe=(2)
1698 4
+7 2
cfi=(8)
cfn=(14)
calls=1 25 
* 27
+3 2
fi=(33) ./elf/./setup-vdso.h
24 2
fi=(36) ./elf/./dl-main.h
+85 2
fi=(35) ./elf/../sysdeps/unix/sysv/linux/dl-vdso-setup.h
-64 1
fi=(36)
+64 3
cfi=(30)
cfn=(106)
calls=1 706 
* 2322
fe=(2)
1733 3
cfi=(45)
cfn=(144) _dl_debug_initialize
calls=1 56 
* 34
+7 1
-5 1
-2 1
+7 1
+4 1
+1 1
+2 1
-3 3
+1 2
+3 1
+11 1
-13 1
+13 1
+1 2
+5 1
-3 2
+2 1
+1 2
+5 3
+1 5
-1 2
224 1
+1 1
-1 1
+1 3
+1 2
1788 2
+5 1
-1 1
1352 1
1793 1
+24 1
cfi=(46)
cfn=(146) _dl_count_modids
calls=1 192 
* 6
* 1
fi=(47) ./elf/../sysdeps/generic/dl-debug.h
29 4
+1 1
fe=(2)
1823 1
+1 1
cfi=(45)
cfn=(150) _dl_debug_state
calls=1 116 
* 2
+1 1
+4 3
cfi=(48)
cfn=(152) _dl_audit_activity_map
calls=1 29 
* 17
+5 3
+2 1
+2 2
+9 2
+16 4
cfi=(63) ./io/../sysdeps/unix/sysv/linux/access.c
cfn=(200) access
calls=1 25 
* 9
* 2
+76 4
+16 3
85 1
1965 1
85 2
1965 1
85 1
1965 5
85 1
1965 2
cfi=(64)
cfn=(202) _dl_map_object_deps
calls=1 143 
* 30527
92 1
+9 1
1971 1
92 2
+9 2
1971 2
+1 6
-1 4
+1 12
-1 24
+4 3
+1 2
+1 1
+2 26
+1 12
+46 1
-42 2
+8 3
+1 2
+2 1
+2 3
+2 1
-4 1
+5 1
-1 2
+14 2
+1 2
+1 3
-25 1
+36 2
+2 1
-2 1
+2 2
-2 1
+1 2
+1 1
-1 2
+1 1
cfi=(50)
cfn=(236)
calls=1 186 
* 27447
+10 1
+1 1
-1 1
+1 1
+3 2
837 1
fi=(284) ./elf/../sysdeps/unix/sysv/linux/dl-osinfo.h
39 2
fe=(2)
839 1
fi=(284)
52 1
fe=(2)
848 1
+7 1
-5 1
2047 3
2246 2
+4 1
-4 1
+10 1
-6 1
+6 1
-6 1
+9 2
+8 2
fi=(31)
36 2
+1 3
+3 3
+13 9
-13 6
+9 12
-9 1
+9 28
+4 24
-16 21
+34 1
fe=(2)
2279 1
fi=(31)
71 1
cfi=(76)
cfn=(260)
calls=1 361 
* 55
fe=(2)
2282 1
-3 2
+5 1
-2 2
+2 2
+1 6
cfi=(77)
cfn=(262)
calls=1 207 
* 79179
85 2
2292 1
85 2
2292 1
+1 20
+2 14
+5 14
+2 14
+6 7
+2 14
+1 48
cfi=(77)
cfn=(262)
calls=6 207 
* 1662856
+4 20
+1 6
-23 3
+23 3
cfi=(46)
cfn=(438) _dl_add_to_slotinfo
calls=3 1017 
* 84
-23 7
92 3
+1 1
2325 1
93 1
2325 1
+4 4
+2 1
+7 4
cfi=(46)
cfn=(528) _dl_allocate_tls_init
calls=1 523 
* 306
+3 2
+4 3
+2 2
+33 3
cfi=(169) ./elf/./elf/dl-call-libc-early-init.c
cfn=(552) _dl_call_libc_early_init
calls=1 27 
* 603
+7 1
cfi=(9)
cfn=(568)
calls=1 147 
* 2
+3 3
cfi=(48)
cfn=(570)
calls=1 41 
* 11
+4 2
cfi=(45)
cfn=(196)
calls=1 38 
* 7
+1 1
-1 1
+2 1
cfi=(45)
cfn=(150)
calls=1 116 
* 2
+1 1
+4 1
cfi=(67)
cfn=(572)
calls=1 525 
* 19
+5 8
2304 1
+1 1
-3 2
226 2
-2 1
+1 1
1773 1
+6 1
-6 2
+6 1
fi=(3)
56 5
+3 4
fi=(34) ./elf/../sysdeps/unix/sysv/linux/dl-vdso.h
-19 2
+1 5
fi=(35)
-11 1
+3 1
+3 1
+3 1
fi=(34)
+16 2
fi=(3)
+17 3
+12 3
+1 5
+1 5
+1 5
+1 4
+1 5
+1 5
+1 5
+12 2
+7 1
-7 7
+7 2
fe=(2)
1743 4
2357 1
cfi=(163) ./elf/./elf/dl-find_object.c
cfn=(530) _dl_find_object_init
calls=1 561 
* 1041
+5 3
cfi=(7)
cfn=(538) __rtld_malloc_init_real
calls=1 76 
* 3175
+3 1
cfi=(167) ./elf/../sysdeps/nptl/dl-mutex.c
cfn=(546) __rtld_mutex_init
calls=1 30 
* 503
85 1
2371 1
+1 3
85 3
2372 2
cfi=(77)
cfn=(262)
calls=1 207 
* 1871
92 3
+9 3
2687 2
+2 1
+1 1
-1 1
+1 1
+1 1
2040 2
cfn=(246)
calls=1 734 
* 923
* 2
2650 2
+2 2
+1 1
fi=(3)
62 4
+2 4
fe=(2)
1943 10
85 1
1842 2
85 3
1842 2
cfn=(154) handle_preload_list
calls=1 869 
* 3084
* 1
92 3
+9 3
1943 6
+1 1
-1 1
+4 3
+1 1
+1 2
+1 2
-7 2

fn=(154)
869 11
+5 1
-5 2
+5 2
-4 3
+7 3
cfi=(49) ./string/../string/strcspn.c
cfn=(156) strcspn
calls=1 32 
* 240
* 1
+1 3
+9 1
183 1
889 2
183 2
891 2
-80 1
+5 1
-6 1
-4 1
+10 2
-6 1
+4 1
+2 2
-5 1
+1 1
+4 1
cfi=(50)
cfn=(158)
calls=1 254 
* 2754
+1 3
+8 3
+67 1
-18 2
+21 9
-15 4
cfi=(29)
cfn=(82)
calls=1 210 
* 19
+1 2

fn=(238)
674 2
+2 1
-2 4
+2 3
cfi=(73)
cfn=(240)
calls=1 392 
* 27410
* 2
+4 3

fn=(2) _dl_start
517 16
85 1
547 4
85 1
543 1
fi=(6)
55 1
fe=(2)
+30 1
546 1
85 1
fi=(3)
-40 1
fe=(2)
546 1
fi=(3)
45 2
+23 18
-23 72
+4 36
+3 5
-1 10
+3 20
+1 16
+1 5
fi=(4)
+23 1
fi=(3)
+31 1
-38 3
+12 4
+1 3
+1 4
+1 4
+1 5
+1 3
+1 4
+1 4
+12 7
+7 2
-51 4
+64 3
+6 3
+1 3
+3 2
+1 3
+5 5
+3 5
fe=(2)
563 154
fi=(4)
79 1
fe=(2)
563 1
fi=(4)
79 2
fe=(2)
563 27
fi=(6)
287 3
fi=(5)
49 1
fe=(2)
563 1
fi=(5)
50 1
-1 2
+4 1
-3 1
+3 4
+3 2
-7 1
fe=(2)
563 1
fi=(5)
50 1
-1 2
+4 1
-3 1
+3 4
+3 2
+7 3
+2 3
-2 6
fi=(6)
278 3
fi=(5)
64 6
fi=(6)
278 6
+9 24
+3 6
+1 6
+26 8
+6 2
fi=(5)
61 13
fe=(2)
563 6
fi=(5)
51 1
fi=(4)
+28 2
fi=(3)
-17 4
+2 4
fe=(2)
565 1
+13 1
cfi=(7)
cfn=(12) __rtld_malloc_init_stubs
calls=1 42 
* 10
458 2
85 1
476 2
85 3
476 1
cfi=(8)
cfn=(14)
calls=1 25 
* 27
+2 1
+16 2
-17 1
+11 1
-10 1
+16 1
cfi=(9)
cfn=(16)
calls=1 102 
* 1853311
* 1
+2 2
+89 9
fi=(3)
103 3
fe=(2)

fn=(164)
641 2
+2 1
-2 4
+2 1
+1 2
-1 2
+1 3
cfi=(30)
cfn=(166)
calls=1 1967 
* 2643
* 1
+2 3

fl=(16) ./elf/../sysdeps/x86/cpu-features.c
fn=(36) init_cpu_features.constprop.0
682 1
+17 1
-17 7
+3 1
+1 1
+1 1
+3 1
+9 2
+3 6
1001 3
+1 2
+3 2
+1 2
+6 1
+1 1
+1 1
+1 1
fi=(20)
792 1
+1 1
+2 1
+14 2
+85 1
+1 1
+15 1
-5 1
+5 1
-10 1
-6 1
+2 1
+14 1
-15 1
+2 1
-1 1
+2 1
-1 1
+2 1
-1 1
+1 1
+2 1
+1 1
+1 1
+1 1
+35 2
-15 3
+8 2
+27 6
+9 2
+19 2
+8 6
cfi=(11)
cfn=(28)
calls=1 387 
* 23
* 1
+2 2
+3 4
cfi=(11)
cfn=(28)
calls=1 387 
* 23
* 1
+2 2
+3 4
cfi=(11)
cfn=(28)
calls=1 387 
* 23
* 1
+1 5
+16 2
-12 5
cfi=(11)
cfn=(28)
calls=1 387 
* 23
* 1
+1 3
+6 3
+3 1
-3 2
cfi=(11)
cfn=(28)
calls=1 387 
* 23
* 1
+3 5
-3 1
+3 5
cfi=(11)
cfn=(58) __GI___tunable_set_val
calls=1 153 
* 62
+1 10
cfi=(11)
cfn=(58)
calls=1 153 
* 62
+1 11
cfi=(11)
cfn=(58)
calls=1 153 
* 62
+3 10
cfi=(11)
cfn=(58)
calls=1 153 
* 62
+2 10
cfi=(11)
cfn=(58)
calls=1 153 
* 62
+13 1
+2 1
fe=(16)
-23 1
fi=(20)
+21 1
+3 1
fe=(16)
-24 1
fi=(20)
+26 1
-5 1
+2 1
-2 1
+3 1
fe=(16)
-24 1
fi=(20)
+25 1
+3 1
-1 1
fe=(16)
-27 1
cfi=(11)
cfn=(28)
calls=1 387 
* 22
+3 4
cfi=(11)
cfn=(28)
calls=1 387 
* 24
+6 3
+54 1
-1 1
+1 1
+45 4
cfi=(11)
cfn=(28)
calls=1 387 
* 22
+2 4
cfi=(11)
cfn=(28)
calls=1 387 
* 22
+6 4
cfi=(11)
cfn=(28)
calls=1 387 
* 24
+7 8
fi=(20)
974 12
fe=(16)
+68 1
-1 2
+1 3
+44 3
+27 2
-10 2
+1 2
+2 3
+1 2
+2 3
+1 2
fi=(20)
811 2
cfn=(50)
calls=1 255 
* 455
+1 1
-1 1
+1 1
cfn=(50)
calls=1 255 
* 503
+1 1
-1 1
+1 1
cfn=(50)
calls=1 255 
* 530
+4 1
-4 1
+1 2
+3 1
cfn=(50)
calls=1 255 
* 476
+2 1
-2 1
+2 1
cfn=(50)
calls=1 255 
* 468
+3 1
-3 1
+1 2
+2 1
cfn=(50)
calls=1 255 
* 446
+2 1
-2 1
+2 1
cfn=(50)
calls=1 255 
* 447
+3 1
-2 1
-1 1
+3 1
cfn=(50)
calls=1 255 
* 494
+2 1
-2 1
+2 1
cfn=(50)
calls=1 255 
* 495
+1 1
+2 1
-3 1
+1 1
+2 1
cfn=(50)
calls=1 255 
* 521
+2 1
-2 1
+2 1
cfn=(50)
calls=1 255 
* 522
+2 1
-2 1
+2 1
cfn=(50)
calls=1 255 
* 523
+2 4
-2 1
+2 1
cfn=(56)
calls=1 571 
* 223
+93 1
-6 3
+6 1
-6 2
+6 2
-6 2
+6 2
-1 2
fe=(16)
708 6
cfn=(38) get_common_indices.constprop.0
calls=1 398 
* 74
376 3
+1 2
+1 6
+5 2
713 1
cfn=(42) update_active.constprop.0
calls=1 72 
* 222
+2 1
+2 1
1015 1
715 2
878 2
+7 2
+2 2
+4 2
+6 2
+2 1
706 2
-3 1
384 6
+5 2
+1 7
717 1
fi=(20)
987 1
-48 1
fe=(16)
717 1
fi=(20)
987 2
fe=(16)
717 6
+4 7
+78 1
-25 3
+92 2
+3 2
fi=(20)
+38 1
fe=(16)
-37 1
-89 2
+51 2

fn=(38)
398 3
+4 4
+3 3
+5 2
-5 1
+5 1
-5 1
+4 1
+1 1
+1 4
+1 4
+1 3
+1 2
+7 2
+2 5
+5 1
-5 1
+5 1
-5 1
+5 1
-5 2
+5 1
+7 1
-7 4
+7 1
+1 3
+6 1
-6 4
+6 1
fi=(17) ./elf/../sysdeps/unix/sysv/linux/x86/dl-minsigstacksize.h
24 2
+3 2
+1 2
+37 3
+7 1
+2 1
fe=(16)
457 3

fn=(42)
72 8
+4 1
+10 1
+9 1
+9 1
-19 1
-1 1
+29 1
-4 1
-24 1
+9 1
+9 1
+9 1
-28 2
+25 1
-15 1
-9 1
+9 1
+9 1
+9 1
-3 1
+7 1
-13 1
+9 1
+4 2
-22 1
+22 2
-13 1
+6 1
+3 1
+5 1
+12 1
-8 1
-4 1
+7 1
-3 4
+1 1
+2 1
-2 2
+1 3
+5 1
+2 1
-2 4
+1 1
+1 1
-1 2
+1 1
-1 1
+3 2
+1 4
+14 2
356 2
+4 3
fi=(18) ./elf/../sysdeps/unix/sysv/linux/x86/dl-hwcap2.h
25 2
fi=(19) ./elf/../sysdeps/x86/get-isa-level.h
+5 1
-2 1
+2 3
fe=(16)
369 1
+1 8
151 2
+1 2
-1 5
+1 2
+2 3
+90 1
+1 1
-1 2
+17 4
+16 2
+5 1
-1 2
+4 4
+4 2
+4 3
+1 2
+3 1
-1 1
+9 1
-5 1
+2 1
-2 1
+5 1
+51 1
fi=(19)
31 1
fe=(16)
356 2
fi=(19)
32 3
+4 3
fe=(16)
158 4
+3 1
+3 2
+14 1
+2 1
+10 3
-12 1
+12 1
-12 1
+2 2
-2 1
+2 1
+8 1
-8 1
+6 3
+2 1
-2 1
+2 3
+7 5
fi=(19)
39 2
+1 4
-2 1
+7 4
+2 1
+1 2
+3 5
+2 4
+1 2
+1 2
+3 1
-1 1
+1 3
fe=(16)
171 1
-5 2
+4 1

fl=(14)
fn=(30)
36 1
fi=(285) ./elf/../sysdeps/unix/sysv/linux/brk_call.h
-12 2
fe=(14)
+13 1
+1 2
+6 1
+1 1

fl=(70)
fn=(226)
25 4
+1 8
+1 2

fl=(13)
fn=(234) dfs_traversal.part.0
135 126
+10 14
-2 14
+2 28
+2 44
-7 70
+7 140
+9 28
+15 42
+1 14
+1 84
-17 21

fn=(232)
298 24
+8 2
-8 2
+8 4
+4 16
-99 2
-28 2
-2 2
+1 4
+29 2
-28 8
+1 2
-1 2
+1 2
-1 4
+1 12
-1 12
+1 12
-1 24
+28 30
+8 6
-3 2
+2 2
+1 4
-3 2
+5 44
+2 14
-83 70
cfn=(234)
calls=14 -5 
* 625
+86 42
+18 8
+32 8
+7 2
+27 2
-47 6
cfi=(29)
cfn=(82)
calls=2 -53 
* 38
* 2

fn=(26)
289 2
+1 2
-1 2
+1 2
cfi=(11)
cfn=(28)
calls=1 +97 
* 24
+2 3
-1 1
+2 2

fl=(25)
fn=(70)
28 3
+1 3
+3 55
+13 45
-13 90
+2 94
+1 18
+5 2
-3 2
+3 2
+2 2

fl=(244) ./elf/../sysdeps/x86_64/tls_get_addr.S
fn=(1976) __tls_get_addr
29 277
+1 277
+1 277
+2 277
+1 277
+1 277
+3 277
+1 277
+4 277
+1 277
+1 277
+1 277

fl=(22)
fn=(62)
57 30
+44 30
+1 30
+1 30
+1 30
+1 30
+1 30
+1 30
+2 30
+2 30
+31 29
+1 29
+1 29
+1 29
+1 29
+1 15
+2 15
+4 14
+1 14
+1 14
+1 14
+1 14
+1 14
+1 14
+1 14
+1 14
+1 14
+1 14
+1 14
+5 112
+4 1
+1 14
+1 8

fl=(49)
fn=(156)
32 6
+1 3
+1 2
+5 6
+1 4
+1 4
+1 4
+2 1
+3 3
+1 2
-1 6
+1 4
+3 4
+1 4
+1 4
+1 4
+2 3
+6 1
-1 1
+1 1
+2 2
-1 2
+2 1
+2 6
-5 11
-1 11
+1 11
+2 22
-1 22
+2 11
+2 66
+2 1
+1 3
+1 2
-1 1
+1 1

fl=(52)
fn=(168)
68 931
+1 266
cfi=(32)
cfn=(94)
calls=133 +29 
* 4286
* 266
+3 133
+2 266
+6 129
-6 258
+1 453
cfi=(32)
cfn=(94)
calls=151 +23 
* 5015
* 302
+8 22
-13 22
+13 177
-1 111
+1 333

fn=(216)
36 2
+3 1
-3 7
+3 1
-3 2
+3 1
cfi=(53)
cfn=(172)
calls=1 -11 
* 20
+1 2
+23 8
-21 4
cfi=(55)
cfn=(178)
calls=1 -12 
* 6
* 2
+2 2
+3 2
+13 2
cfi=(62)
cfn=(194)
calls=1 -35 
* 6
* 1
-11 6
cfi=(57)
cfn=(182)
calls=1 -2 
* 26
* 2

fn=(524)
87 2
+38 2
-1 2
+3 2
+2 80
+1 30
+3 7
-6 24
+18 2
+1 2
-15 6

fl=(23)
fn=(64)
37 4
+3 1
-3 2
+21 2
+4 2
+16 5

fl=(7)
fn=(12)
42 1
+1 2
+1 2
+1 2
+1 2
+1 1

fn=(542) lookup_malloc_symbol
61 8
+3 4
-3 12
+3 4
-3 12
+3 4
-3 4
+2 4
+1 16
cfi=(78)
cfn=(270)
calls=4 772 
* 2892
+4 28
+1 28
+2 4
fi=(166) ./elf/./dl-sym-post.h
-30 8
+12 12
fe=(7)
+19 24

fn=(134)
239 2
+3 4
+2 2
+1 4
+4 3
-2 2
+4 28
+5 84
-2 56
+13 1
+4 4
-22 14
+15 14
-15 30

fn=(538)
76 2
+10 1
fi=(165) ./elf/../sysdeps/generic/dl-hash.h
-41 1
-1 1
fe=(7)
+32 8
+11 1
-1 1
fi=(165)
-43 1
+5 3
+14 4
-17 3
+3 15
+14 20
-17 15
fe=(7)
+46 2
fi=(165)
-24 1
fe=(7)
+22 1
+2 2
fi=(165)
-19 1
fe=(7)
+19 1
cfn=(542)
calls=1 -30 
* 739
+1 3
-1 1
+1 1
cfn=(542)
calls=1 -31 
* 776
+1 3
-1 1
+1 1
cfn=(542)
calls=1 -32 
* 837
+1 3
-1 1
+1 1
cfn=(542)
calls=1 -33 
* 712
+5 1
+1 1
+1 1
+1 1
+1 8

fl=(37)
fn=(108)
172 6
+3 1
-3 3
+3 1
-3 5
+2 1
cfi=(38) ./elf/../sysdeps/x86_64/dl-hwcaps-subdirs.c
cfn=(110) _dl_hwcaps_subdirs_active
calls=1 29 
* 49
+1 1
fi=(40) ./elf/./dl-hwcaps.h
43 1
fe=(37)
174 1
fi=(40)
45 2
+32 1
+1 1
+1 1
fe=(37)
-27 2
cfi=(39) ./elf/./elf/dl-hwcaps_split.c
cfn=(114) _dl_hwcaps_split_masked
calls=1 -1 
* 23
* 2
fi=(40)
-9 1
+2 1
-2 1
+34 2
+1 2
+1 1
fe=(37)
-24 2
-1 2
+1 2
+1 2
+1 2
-5 4
cfi=(39)
cfn=(114)
calls=2 -1 
* 130
* 2
cfi=(39)
cfn=(114)
calls=1 -1 
* 125
* 6
+48 4
fi=(28)
-44 2
cfi=(27)
cfn=(78)
calls=1 -20 
* 30
fe=(37)
+46 2
-2 1
+2 1
+3 1
+3 1
fi=(40)
-65 1
+2 1
fe=(37)
+67 1
fi=(40)
-66 1
fe=(37)
+66 2
cfi=(39)
cfn=(120) _dl_hwcaps_split
calls=1 -87 
* 13
* 2
fi=(40)
-69 1
+2 1
-2 1
+34 2
+1 2
+1 1
fe=(37)
+48 10
+1 4
+1 2
+1 2
-1 2
-4 4
cfi=(39)
cfn=(114)
calls=2 -74 
* 130
* 2
cfi=(39)
cfn=(114)
calls=1 -74 
* 125
* 6
+8 3
+9 5
+3 8
-2 6
+14 1
+4 1
+1 1
+1 1
-20 3
+19 1
+1 1
-20 2
+8 2
+4 2
-4 3
+4 2
cfi=(42)
cfn=(122)
calls=1 -96 
* 19
+1 3
-14 8
+47 1
-4 2
+4 2
-3 1
+7 1
-7 2
+7 1
fi=(28)
56 1
cfi=(27)
cfn=(78)
calls=1 -20 
* 30
* 1
fe=(37)
194 2
+8 1
fi=(40)
43 1
fe=(37)
201 1
80 1
fi=(40)
-35 1
fe=(37)
+35 1
202 1
fi=(40)
77 1
+1 1
fe=(37)
202 3
fi=(40)
79 1
fe=(37)
-2 2
cfi=(39)
cfn=(114)
calls=1 -26 
* 23
* 2
fi=(40)
-34 1
+2 1
fe=(37)
+35 2
fi=(40)
-37 1
+34 2
+1 2
+1 3
fe=(37)
+1 4
+7 2
-7 8
cfi=(29)
cfn=(126)
calls=2 197 
* 26
+4 2
+2 2
+2 2
-2 4
-9 4
cfi=(39)
cfn=(114)
calls=2 -26 
* 130
* 2
cfi=(39)
cfn=(114)
calls=1 -26 
* 125
* 6
213 2
-5 1
+1 1
-1 1
+5 1
+3 9

fl=(64)
fn=(206)
61 78
+7 13
-4 39
+1 13
-1 91
cfi=(30)
cfn=(166)
calls=13 1967 
* 25293
* 13
+5 39

fn=(202)
143 4
+1 2
-1 1
+1 1
-1 2
+1 1
-1 1
+1 1
-1 4
+1 3
-1 1
+1 7
-8 1
+8 2
-8 1
-6 1
-2 1
+16 1
-8 1
-7 1
+1 1
+6 1
+24 4
-28 3
-2 1
+31 1
-33 2
+2 2
+30 2
-30 1
-1 4
+7 4
+24 3
+28 3
-6 1
+46 1
fi=(72) ./elf/../include/scratch_buffer.h
77 1
fe=(64)
+87 1
fi=(72)
-87 1
+1 1
fe=(64)
184 1
+44 4
-31 1
-4 1
+4 8
-4 6
+4 12
+11 18
-18 2
+18 4
417 14
+2 5
+3 5
-3 15
+3 5
-3 5
fi=(28)
56 5
cfi=(27)
cfn=(78)
calls=5 -20 
* 150
fe=(64)
423 15
fi=(28)
56 5
fe=(64)
423 5
+6 5
+1 25
cfi=(29)
cfn=(82)
calls=5 210 
* 63
+1 25
cfi=(29)
cfn=(82)
calls=5 210 
* 63
+3 5
+1 10
+4 21
188 12
442 18
-1 7
+1 14
183 6
+27 20
+7 5
+4 5
-6 5
+1 5
+1 5
+1 10
+3 15
-2 5
-29 25
+32 300
+6 52
cfi=(30)
cfn=(204)
calls=13 +10 
* 707
* 39
+4 26
-2 13
+2 26
cfi=(50)
cfn=(160)
calls=13 -28 
* 26437
+1 26
+9 13
+2 26
+5 25
+6 5
+2 5
-8 10
+3 5
+1 5
+1 5
+1 5
+4 5
-3 5
+3 15
+4 39
+1 27
-43 615
+7 26
+38 411
fi=(72)
85 3
fe=(64)
448 5
+1 1
+3 4
+11 5
fi=(28)
56 1
cfi=(27)
cfn=(78)
calls=1 -20 
* 30
fe=(64)
465 3
fi=(28)
56 1
fe=(64)
465 1
+5 2
+1 1
-1 3
+4 3
-2 2
+13 6
+5 6
-16 18
+11 6
-7 6
+7 6
-2 12
-5 1
+7 1
-2 2
+2 1
-11 1
+11 1
+5 1
-16 3
+21 3
+37 2
+15 2
-14 2
+20 1
-1 4
+1 4
-1 5
cfi=(13)
cfn=(232)
calls=1 298 
* 489
+5 1
+2 1
+1 1
+1 2
-2 1
+2 1
+7 3
+3 2
+3 8
198 46
+3 5
fi=(72)
-70 20
cfi=(71)
cfn=(228)
calls=5 30 
* 125
fe=(64)
+70 15
+4 10
547 4
cfi=(29)
cfn=(82)
calls=1 210 
* 19
* 3
-53 2
144 2

fl=(38)
fn=(110)
29 1
fi=(19)
+2 1
fe=(38)
+7 1
fi=(19)
-8 4
fe=(38)
+22 1
fi=(19)
-20 3
+4 1
fe=(38)
+2 1
fi=(19)
-2 2
+3 4
+1 4
+5 1
fe=(38)
-7 1
fi=(19)
+7 3
fe=(38)
-2 1
fi=(19)
+5 2
+3 5
+2 4
+1 2
+1 2
+3 1
fe=(38)
-10 1
fi=(19)
+10 3
fe=(38)

fl=(163)
fn=(534) _dlfo_process_initial
474 2
+3 2
-3 6
+1 2
+3 4
+26 14
+1 6
+1 14
-1 28
+3 52
+3 48
-7 10
+27 2
-2 2
+2 6
-18 36
+3 12
-1 12
cfi=(164) ./elf/./dl-find_object.h
cfn=(532) _dl_find_object_from_map
calls=6 95 
* 373
+2 24

fn=(536) _dlfo_sort_mappings
536 1
+1 2
+3 4
+4 1
+1 1
-1 1
+1 2
-1 4
+1 4
-1 4
+1 18
+1 75
+3 5
-1 5
-3 45
+8 15
+1 10
-1 5
-13 10
+14 15
+1 10
-15 10
+17 1

fn=(530)
561 2
+3 1
-3 3
+5 2
+13 1
cfn=(534)
calls=1 474 
* 129
+1 1
-1 1
+1 1
fi=(28)
56 1
cfi=(27)
cfn=(78)
calls=1 -20 
* 30
fe=(163)
580 1
fi=(28)
56 1
fe=(163)
582 2
+3 2
+5 1
+1 1
cfn=(534)
calls=1 474 
* 526
+3 3
+10 4
-37 2
cfi=(164)
cfn=(532)
calls=1 95 
* 68
* 1
+29 2
cfn=(536)
calls=1 -60 
* 248
+3 6
+2 1

fl=(45)
fn=(196)
38 6
+3 6
-1 12
+4 12
+4 6

fn=(144)
56 3
+3 2
+4 1
+22 1
+10 1
-32 2
+1 1
+21 2
+5 2
+1 1
+4 1
-4 1
-1 1
+2 1
+3 1
+4 2
+8 2
-50 1
+4 2
+35 6

fn=(150)
116 2
+1 2

fl=(26)
fn=(72)
59 90
+3 12
+18 10
+3 5
cfi=(22)
cfn=(62)
calls=5 -26 
* 103
+4 5
-4 5
+4 5
+5 5
-9 15
fi=(28)
-39 10
cfi=(27)
cfn=(74)
calls=5 +36 
* 306
fe=(26)
+39 1
fi=(28)
-39 2
cfi=(27)
cfn=(74)
calls=1 +36 
* 47
* 6
fe=(26)
+51 12
+5 6
+4 6
-6 6
+2 6
+4 6
-5 6
+4 6
+1 6
-1 6
+1 12
cfi=(29)
cfn=(82)
calls=6 210 
* 77
* 6
+15 6
-15 6
+2 6
+13 12
+6 1
+2 7
+3 2
-3 35
+3 10
+2 6
+4 6
+3 16
+2 12
-2 8
+2 8
-2 16
+16 12
-5 6
+5 6
-6 6
+6 6
-6 6
+6 12
+2 10
+3 10
-3 10
+7 20
+4 15
+8 1
+13 1
-10 2
+10 8
-10 10
+10 15
+2 5
cfi=(22)
cfn=(62)
calls=5 57 
* 173
+21 5
-21 15
+17 5
-13 15
+50 15
cfi=(29)
cfn=(126)
calls=5 -48 
* 89
* 5
+5 10
+1 10
-1 158
+1 158
+4 10
+1 5
+3 5
+4 54
131 12
-8 5
-4 10
+34 1
+7 4
+8 20
fi=(28)
56 10
cfi=(27)
cfn=(78)
calls=5 -20 
* 150
* 5
fe=(26)
200 10
-1 10
64 2
+2 3
+1 2
+4 6
+6 2

fn=(84)
31 24
+2 6
-2 12
+2 6
-2 18
+2 6
cfi=(24)
cfn=(86)
calls=6 +9 
* 18
+2 53
+3 80
+2 5
+2 5
+4 5
+4 5
-4 10
+1 10
+1 10
+3 25
-1 5
cfi=(24)
cfn=(86)
calls=5 -8 
* 15
-4 1
+4 1
-4 2
+1 2
+1 2
+3 5
-1 1
cfi=(24)
cfn=(86)
calls=1 -8 
* 3
-5 2

fl=(46)
fn=(528)
523 11
+1 2
+4 1
+6 1
-6 1
+6 1
cfi=(24)
cfn=(86)
calls=1 42 
* 3
+3 3
+12 1
-18 1
+42 3
-19 12
+9 9
+1 6
+6 9
+3 3
-2 3
+2 3
-2 3
+2 12
+4 3
-4 3
+4 3
-1 6
+4 6
+1 12
+2 6
+1 6
+17 3
-8 3
+8 3
+2 12
cfi=(29)
cfn=(126)
calls=3 197 
* 39
* 18
cfi=(43)
cfn=(130)
calls=3 132 
* 52
-49 3
+55 3
-55 12
+6 9
+55 2
cfi=(24)
cfn=(86)
calls=1 42 
* 3
+3 2
+3 9

fn=(438)
1017 24
+9 3
-9 3
+6 3
+4 3
+4 9
+34 6
+3 6
+1 9
+3 18

fn=(248)
97 2
+3 1
-3 3
+3 1
-3 1
+3 1
-3 1
+3 1
-3 1
+3 1
cfi=(11)
cfn=(28)
calls=1 387 
* 23
* 1
+1 4
cfi=(11)
cfn=(28)
calls=1 387 
* 23
+1 1
+2 1
-3 1
+1 2
+2 3
+3 1
+2 1
-26 3
+28 3
+1 6

fn=(250)
216 9
+6 4
+3 2
+36 3
+2 1
-2 1
-2 1
-40 1
-1 1
-1 1
+46 2
+23 9
+3 3
-3 15
+2 6
+6 3
-33 6
+20 3
-20 15
+2 6
+3 3
-1 3
+5 6
-5 3
+1 3
-1 3
+3 6
+2 9
+32 2
-1 1
+53 1
-52 5
+2 2
+51 8

fn=(146)
192 1
+2 2
+1 1
+15 2

fn=(224)
125 3
+16 3
-13 3
-3 9
+3 3
+55 3
-2 3
+5 3
+1 6

fn=(252)
417 7
+2 1
+11 1
+1 1
fi=(28)
56 1
cfi=(27)
cfn=(78)
calls=1 -20 
* 86
fe=(46)
432 2
+8 3
fi=(28)
44 1
fe=(46)
440 2
+5 1
-5 1
+1 1
+4 304
+19 1
-99 1
+4 1
+1 1
fi=(28)
44 1
cfi=(27)
cfn=(74)
calls=1 +36 
* 41
fe=(46)
371 2
+3 1
+6 2
+90 7

fl=(39)
fn=(120)
25 5
+1 3
+21 1
-20 1
+20 3

fn=(114)
51 110
-25 44
+36 5
-7 5
+7 35
-26 24
+5 27
cfi=(41)
cfn=(118)
calls=9 -9 
* 216
* 9
+1 18
+3 6
+11 12
+1 18
+1 12
-2 6
+1 9
+1 6
-28 24
+4 48
+1 12
-1 30
+24 6
+9 12
-5 6
-2 6
+2 42
-19 6
cfi=(22)
cfn=(62)
calls=3 +14 
* 51
* 6

fl=(140)
fn=(574)
117 5
+5 1

fn=(436)
117 35
+5 7

fl=(11)
fn=(58)
153 15
-81 40
+81 15
-81 10
+10 5
fi=(286) ./elf/./dl-tunable-types.h
+2 5
fe=(11)
+9 40
+1 25
fi=(12) ./elf/./elf/dl-tunables.h
+47 10
fe=(11)
-26 25
+1 5
+1 5
+1 5
+39 15
fi=(12)
-15 10
fe=(11)
-45 10
+3 5
fi=(12)
+51 5
fe=(11)
-51 5
+4 10
+7 10
+1 10
-12 25

fn=(28)
387 40
+3 80
-3 40
+3 320
+9 37
-9 74
+19 25
+7 240
+2 40
-19 15
+1 15
+9 6

fn=(22)
261 8
+22 1
-22 1
128 1
283 1
-22 1
+6 4
42 240
+6 47
-3 47
+3 4405
+4 94
+4 94
fi=(12)
160 47
fe=(11)
56 94
fi=(12)
161 22
-1 113
+1 163
-1 94
fe=(11)
281 7708
+6 13959
fi=(12)
160 470
+1 940
-1 25
+1 100
-1 125
fe=(11)
304 8

fl=(41)
fn=(118)
32 29
+1 29
+1 29
+1 29
+1 29
+1 29
+1 29
+1 29
+1 29
+1 29
+1 29
+1 29
+1 29
+1 29
+1 29
+1 29
+1 29
+1 29
+1 24
+4 24
+1 24
+1 24
+1 24
+2 24
+4 5
+1 5
+1 5
+1 5
+1 5
+1 5
+1 5
+1 5
+1 5
+1 5
+1 5
+1 5
+1 5
+1 5
+1 5
+1 5
+1 5
+1 5
+1 5
+1 5
+1 5
+1 5
+1 5
+1 5
+52 5
+4 5
+1 5
+1 5
+1 5
+2 5

fl=(164)
fn=(532)
95 14
+1 14
+1 7
+6 35
+1 203
+1 140
+2 21
+5 7

fl=(168) ./elf/./elf/dl-lookup-direct.c
fn=(548) _dl_lookup_direct
74 30
+2 3
-2 6
+4 3
-4 3
+2 3
+2 9
+37 3
-37 9
+1 6
+2 12
+3 25
+2 6
-54 3
+54 3
-54 3
+54 3
-54 9
+1 9
+2 6
+1 6
+12 9
+3 3
+2 6
-2 3
+2 9
cfi=(32)
cfn=(94)
calls=3 +45 
* 209
* 6
+4 6
+1 3
-1 3
+1 18
+1 9
cfi=(32)
cfn=(94)
calls=3 +39 
* 198
* 6
+57 27
-23 6

fl=(57)
fn=(182)
47 26
+3 52
-3 156
+6 52
+5 156
+2 104
-7 55

fl=(55)
fn=(178)
30 6
+9 24
+33 6

fl=(63)
fn=(200)
25 1
+2 7
+4 1

fl=(15)
fn=(550)
71 1
-32 3
+32 2

fn=(34)
37 1
+2 3
+2 1
cfi=(16)
cfn=(36)
calls=1 682 
* 7344

fl=(186) ./elf/../sysdeps/x86_64/dl-trampoline.h
fn=(642) _dl_runtime_resolve_xsave
71 110
+5 110
+3 110
+2 110
+10 110
+6 110
+1 110
+1 110
+1 110
+1 110
+1 110
+1 110
+4 110
+1 110
+3 110
+1 110
+2 110
+1 110
+1 110
+1 110
+1 110
+1 110
+2 110
+7 110
+1 110
+1 110
cfi=(187)
cfn=(644)
calls=110 -84 
* 90601
+1 110
+5 110
+1 110
+1 110
+2 110
+1 110
+1 110
+1 110
+1 110
+1 110
+1 110
+2 110
+2 110
+4 110
+2 110

fl=(48)
fn=(198)
77 5
+1 20

fn=(1464) _dl_audit_preinit
118 1
+1 4

fn=(570)
41 3
+4 12
+1 3
+1 15

fn=(152)
29 2
+2 1
-2 5
+1 1
+1 2
+6 6

fn=(2292)
97 7
+1 28

fl=(169)
fn=(552)
27 1
+2 2
-2 1
+6 3
-6 3
+6 1
-6 2
+6 1
cfi=(168)
cfn=(548)
calls=1 +41 
* 225
+4 2
+2 3
+2 1
-1 1
-1 1
+2 2
-1 1
cob=(2)
cfi=(170) ./elf/./elf/libc_early_init.c
cfn=(554) __libc_early_init
calls=1 -7 
* 353

fl=(54)
fn=(174)
25 5
+1 20
+1 5

fl=(177) ./elf/./elf/dl-init.c
fn=(586) call_init.part.0
26 84
+17 7
+3 7
-3 14
+3 14
+5 12
+8 18
+1 24
cob=(4)
cfi=(175)
cfn=(630) 0x00000000048f0000
calls=1 -60 
* 7
cob=(4)
cfi=(175)
cfn=(620) 0x0000000004ae1000
calls=1 -60 
* 7
cob=(4)
cfi=(175)
cfn=(608) 0x0000000004bbe000
calls=1 -60 
* 7
cob=(4)
cfi=(175)
cfn=(588) 0x000000000483d000
calls=1 -60 
* 7
+3 6
+1 12
+6 10
+2 10
-2 5
+3 48
+1 72
cob=(7)
cfi=(185)
cfn=(1302) 0x00000000000b7a10
calls=1 -74 
* 83
cob=(7)
cfi=(185)
cfn=(1296) 0x00000000000b79b0
calls=1 -74 
* 255
cob=(7)
cfi=(185)
cfn=(1270) 0x00000000000b78f0
calls=1 -74 
* 50
cob=(7)
cfi=(185)
cfn=(1244) 0x00000000000b7830
calls=1 -74 
* 50
cob=(7)
cfi=(185)
cfn=(1226) 0x00000000000b77b0
calls=1 -74 
* 34
cob=(7)
cfi=(185)
cfn=(1208) 0x00000000000b7730
calls=1 -74 
* 34
cob=(7)
cfi=(185)
cfn=(1204) 0x00000000000b76e0
calls=1 -74 
* 173
cob=(7)
cfi=(185)
cfn=(1202) 0x00000000000b76c0
calls=1 -74 
* 83
cob=(7)
cfi=(185)
cfn=(1200) 0x00000000000b76a0
calls=1 -74 
* 83
cob=(7)
cfi=(185)
cfn=(1198) 0x00000000000b7530
calls=1 -74 
* 48
cob=(7)
cfi=(185)
cfn=(1172) 0x00000000000b7400
calls=1 -74 
* 78
cob=(7)
cfi=(185)
cfn=(1116) 0x00000000000b71e0
calls=1 -74 
* 4193
cob=(7)
cfi=(185)
cfn=(1106) 0x00000000000b71c0
calls=1 -74 
* 758
cob=(7)
cfi=(185)
cfn=(1104) 0x00000000000b71b0
calls=1 -74 
* 3
cob=(7)
cfi=(185)
cfn=(1090) 0x00000000000b7120
calls=1 -74 
* 948
cob=(7)
cfi=(185)
cfn=(1084) 0x00000000000b7ae0
calls=1 -74 
* 12
cob=(6)
cfi=(183)
cfn=(614)
calls=1 -74 
* 12
cob=(2)
cfi=(182) ./libio/./libio/vtables.c
cfn=(606) check_stdfiles_vtables
calls=1 545 
* 12
* 20
cob=(7)
cfi=(185)
cfn=(634) 0x00000000000b74f0
calls=1 -74 
* 85645
cob=(3)
cfi=(184)
cfn=(624)
calls=1 -74 
* 12
cob=(6)
cfi=(183)
cfn=(612)
calls=1 -74 
* 364
cob=(2)
cfi=(179) ./csu/./csu/init-first.c
cfn=(598) _init_first
calls=1 -28 
* 72
cob=(5)
cfi=(178)
cfn=(592) 0x0000000000001110
calls=1 -74 
* 12
-1 69
+3 56
-29 2

fn=(584) _dl_init
81 13
+1 1
+1 1
+3 3
+8 2
+25 1
+1 8
+1 14
-92 14
+6 21
+2 32
+83 12
cfn=(586)
calls=6 -94 
* 93455
* 12
+7 8
-98 2
+60 2
-54 3
+2 7
cfn=(586)
calls=1 -11 
* 77
* 2

fl=(1) ???
fn=(0) 0x000000000001f540
0 2
cfi=(2)
cfn=(2)
calls=1 517 
0 1853984
0 8
cfi=(76)
cfn=(580)
calls=1 331 
0 4
0 10
cfi=(177)
cfn=(584)
calls=1 81 
0 93690
0 3
cob=(8)
cfi=(211)
cfn=(1306) (below main)
calls=1 0 
0 11607254137

fl=(58)
fn=(184)
33 3
+2 11
-2 4
+7 1
-7 2
+7 1
-7 2
+7 1
-7 1
+7 1
cfi=(11)
cfn=(28)
calls=1 387 
* 24
* 3
+7 1
+2 6

fl=(167)
fn=(546)
30 2
+10 3
-10 3
+10 1
-10 1
+10 1
-10 1
+7 1
+3 2
cfi=(168)
cfn=(548)
calls=1 +34 
* 233
+4 2
+1 8
+2 3
-2 1
+2 3
cfi=(168)
cfn=(548)
calls=1 +27 
* 223
+4 2
+1 7
+1 6

ob=(2)
fl=(225) ./string/../sysdeps/x86_64/multiarch/memmove-vec-unaligned-erms.S
fn=(1624) __memcpy_chk_avx_unaligned_erms
249 5779
+1 5779
+1 28895
+4 5779
+1 5779
+6 5779
+1 5779
+42 5779
+1 5779
+2 5779
+1 5779
+55 5779
+1 5779
+1 5779
+1 5779
+1 5779

fn=(1628) __memcpy_avx_unaligned_erms
255 2209223
+1 2209223
+6 2209223
+1 2209223
+2 600085
+1 600085
+1 600085
+3 311308
+1 311308
+1 311308
+3 622616
+30 1609138
+1 1609138
+2 257264
+1 257264
+2 38768
+4 38768
+1 34532
+1 34532
+1 34532
+1 34532
+1 20862
+1 20862
+2 20862
+2 20862
-2 13670
+2 13670
+6 4236
+1 4236
+1 4236
+1 4236
+1 4236
+7 1351874
+1 1351874
+1 1351874
+1 1351874
+2 1351874
+17 218496
+1 218496
+1 218496
+1 218496
+1 218496
+7 284477
+1 284477
+1 284477
+1 284477
+1 284477
+1 284477
+1 568954
+5 288777
+1 288777
+5 288443
+1 288443
+2 284586
+1 284586
+1 284586
+2 109
+1 109
+1 109
+1 109
+1 109
+1 109
+1 109
+1 109
+1 109
+1 109
+1 109
+1 109
+1 109
+1 109
+1 218
+4 3857
+1 3857
+4 3857
+2 3857
+4 3857
+1 3857
+11 3857
+3 3857
+2 3857
+2 3857
+4 3857
+1 3857
+9 3658
+1 3658
+2 3658
+2 3658
+1 3658
+1 3658
+3 3658
+2 3658
+2 3658
+2 7316
+6 3658
+1 3658
+1 3658
+1 3658
+1 3658
+1 3658
+1 3658
+1 3658
+1 3658
+1 3658
+1 3658
+1 3658
-11 11516
+1 11516
+1 11516
+1 11516
+1 11516
+1 11516
+1 11516
+1 11516
+1 11516
+1 11516
+1 11516
+1 11516
+2 3658
+1 3658
+1 3658
+1 3658
+2 3658
+4 7316
+13 199
+1 199
+2 199
+1 199
+1 199
+2 199
+2 199
+2 398
+6 199
+1 199
+1 199
+1 199
+1 199
+1 199
+1 199
+1 199
+1 199
+1 199
+1 199
+1 199
-11 365
+1 365
+1 365
+1 365
+1 365
+1 365
+1 365
+1 365
+1 365
+1 365
+1 365
+1 365
+2 199
+1 199
+1 199
+1 199
+2 199
+1 398
+9 334
+7 334
+1 334
+6 83
+3 83
+2 83
+3 83
+1 83
+2 83
+2 13347779
+2 83
+2 83
+2 166
+5 334
+1 334
+4 334
+2 334
+3 334
+4 334
+1 334
+4 334
+4 334
+24 251
+2 251
+2 251
+2 251
+3 251
+1 251
+2 39847219
+3 251
+2 251
+2 502

fl=(113)
fn=(354)
31 1
fi=(114) ./string/../sysdeps/x86_64/multiarch/ifunc-strcasecmp.h
+6 2
-1 4
fe=(113)
-5 2
fi=(114)
+7 3
+3 2
+4 3
+3 4
fe=(113)

fl=(129)
fn=(402)
29 1
fi=(130) ./wcsmbs/../sysdeps/x86_64/multiarch/ifunc-memcmp.h
+5 5
+1 2
+1 2
+1 3
+3 2
+4 3
+3 4
fe=(129)
-18 2

fl=(137)
fn=(424)
31 1
fi=(97) ./wcsmbs/../sysdeps/x86_64/multiarch/ifunc-wcs.h
+9 3
-1 4
+2 3
+3 2
+4 4
fi=(287) ./wcsmbs/../sysdeps/x86_64/multiarch/wcpncpy.c
-17 1
fe=(137)

fl=(91)
fn=(300)
29 1
fi=(88) ./wcsmbs/../sysdeps/x86_64/multiarch/ifunc-wcslen.h
+12 2
-1 4
+2 3
+3 2
+4 3
+3 3
fe=(91)
-23 1

fl=(278) ./posix/../sysdeps/unix/sysv/linux/_exit.c
fn=(2430) _Exit
27 2
+3 2

fl=(217) ./csu/../sysdeps/nptl/libc_start_call_main.h
fn=(1466) (below main)
29 4
+15 1
-15 5
+15 1
cfi=(218) ./setjmp/../sysdeps/x86_64/bsd-_setjmp.S
cfn=(1468) _setjmp
calls=1 -16 
* 38
* 1
+2 2
+5 2
+1 2
+3 2
+3 6
cob=(8)
cfi=(211)
cfn=(1474) main
calls=1 -58 
* 11607222974
+16 2
cfi=(267) ./stdlib/./stdlib/exit.c
cfn=(2238) exit
calls=1 +63 
* 11006

fl=(227) ./stdlib/../sysdeps/x86_64/mul_1.S
fn=(1632) __mpn_mul_1
31 2796
+1 2796
+3 2796
+1 2796
+1 2796
+1 2796
+1 2796
+2 2796
+1 2796
+2 2796
+1 2796
+1 2796
+1 2796
+1 2794
+2 2794
+1 2794
+1 2794
+1 2794
+26 2
+1 2
+1 2
+1 2
+1 2
+1 2
+1 2
+1 2
+1 2
+26 2
+1 2
+1 2
+2 2
+1 2
+1 2
+1 2
+1 2
+1 2
+2 2
+3 2
-5 2794
+2 2794
+3 2794

fl=(81)
fn=(280)
86 1
fi=(82) ./string/../sysdeps/x86/cacheinfo.h
-27 1
+3 3
+2 1
+1 1
-1 2
+7 3
+2 1
+1 1
-1 2
+5 2
+2 2
+1 2
+1 2
+2 2
+2 2
fe=(81)

fl=(222) ./libio/./libio/fileno.c
fn=(1520) fileno
32 265
+3 1325
+7 265

fl=(215) ./libio/./libio/fileops.c
fn=(1376) _IO_file_sync@@GLIBC_2.2.5
793 42
+5 24
+2 6
+1 12
+11 12
+4 30

fl=(85)
fn=(288)
29 1
fi=(288) ./string/../sysdeps/x86_64/multiarch/ifunc-sse4_2.h
+7 5
fe=(85)
-7 1

fl=(131)
fn=(406)
29 1
fi=(93) ./debug/../sysdeps/x86_64/multiarch/ifunc-memmove.h
+28 3
-1 2
+4 3
+14 2
+3 2
+8 2
+8 2
+3 5
fe=(131)

fl=(241) ./misc/../sysdeps/unix/syscall-template.S
fn=(1782) munmap
117 330
+5 66

fl=(267)
fn=(2238)
137 2
+1 3
-1 1
+1 1
cfn=(2240) __run_exit_handlers
calls=1 38 
* 10999

fn=(2240)
38 12
+2 2
+3 5
+11 2
+2 2
+38 2
-30 66
+2 21
+1 21
-1 21
+3 169
+44 30
+13 1
-66 1
+66 3
+2 2
+3 2
cfi=(278)
cfn=(2430)
calls=1 27 
* 4
-29 10
+1 10
-2 10
+3 10
+3 10
-3 20
+3 30
+1 30
cob=(1)
cfi=(269)
cfn=(2260)
calls=1 -82 
* 5798
cob=(8)
cfi=(211)
cfn=(2256) std::function<std::__cxx11::basic_string<char, std::char_traits<char>, std::allocator<char> > (std::basic_string_view<char, std::char_traits<char> >, unsigned long, std::basic_string_view<char, std::char_traits<char> >)>::~function()
calls=1 0 
* 19
cob=(8)
cfi=(211)
cfn=(2254) cpp_dump::types::es_value_t::~es_value_t()
calls=1 0 
* 203
cob=(8)
cfi=(211)
cfn=(2252) std::function<unsigned long (unsigned long, std::function<unsigned long ()> const&)>::~function()
calls=1 0 
* 17
cob=(8)
cfi=(211)
cfn=(2250) cpp_dump::_detail::export_command::~export_command()
calls=1 0 
* 35
cob=(8)
cfi=(211)
cfn=(2248) std::vector<std::vector<double, std::allocator<double> >, std::allocator<std::vector<double, std::allocator<double> > > >::~vector()
calls=3 0 
* 2821
cob=(8)
cfi=(211)
cfn=(2246) std::vector<int, std::allocator<int> >::~vector()
calls=1 0 
* 124
cob=(8)
cfi=(211)
cfn=(2244) std::map<int, int, std::less<int>, std::allocator<std::pair<int const, int> > >::~map()
calls=1 0 
* 1067
+1 40
+10 3
+1 2
-79 1
cfi=(268) ./stdlib/./stdlib/cxa_thread_atexit_impl.c
cfn=(2242) __call_tls_dtors
calls=1 148 
* 13
* 1
+88 1
cfi=(276) ./libio/./libio/genops.c
cfn=(2420) _IO_cleanup
calls=1 842 
* 357
* 1

fl=(119)
fn=(366)
31 1
fi=(114)
+6 2
-1 4
fe=(119)
-5 2
fi=(114)
+7 3
+3 2
+4 3
+3 4
fe=(119)

fl=(112)
fn=(352)
67 1
-23 2
-1 4
+24 2
-22 3
+3 2
+4 3
+3 4

fl=(121)
fn=(374)
29 2
fi=(122) ./string/../sysdeps/x86_64/multiarch/ifunc-memcmp.h
+5 10
+1 4
+1 4
+1 6
+3 4
+4 6
+3 8
fe=(121)
-18 4

fl=(218)
fn=(1468)
28 1
+2 1
+2 1
cfi=(219) ./setjmp/../sysdeps/x86_64/setjmp.S
cfn=(1470) __sigsetjmp
calls=1 -1 
* 35

fl=(89)
fn=(296)
29 2
fi=(90) ./string/../sysdeps/x86_64/multiarch/ifunc-memset.h
+25 10
+3 6
+7 4
+9 4
+2 4
+10 4
+8 4
+3 10
fe=(89)

fl=(245) ./io/../sysdeps/unix/sysv/linux/write.c
fn=(1994) write
25 257
+1 1542
+1 257

fl=(268)
fn=(2242)
148 4
+1 1
-1 1
+1 3
+16 4

fl=(246) ./stdlib/./stdlib/rand.c
fn=(2054) rand
26 63852
+1 21284
cfi=(247) ./stdlib/./stdlib/random.c
cfn=(2056) random
calls=21284 288 
* 1084798
+1 42568

fl=(208) ./misc/./misc/sbrk.c
fn=(1156) sbrk
37 1944
+3 243
+3 243
-3 243
+3 243
+35 42
-20 486
+4 486
+4 948
+12 189
-28 189
+28 1134
-4 237
cfi=(209) ./misc/../sysdeps/unix/sysv/linux/brk.c
cfn=(1158) brk
calls=237 -38 
* 2511
* 474
+4 336
-19 2
cfi=(209)
cfn=(1158)
calls=1 -23 
* 9
* 2
+4 2

fl=(192) ./locale/./locale/uselocale.c
fn=(790) uselocale
30 10
+1 30
+2 20
+3 20
+1 10
+28 30
+1 30
+2 30
+4 30
+1 10

fl=(83)
fn=(284)
31 2
fi=(84) ./string/../sysdeps/x86_64/multiarch/ifunc-avx2.h
+9 6
-2 8
fe=(83)
-7 4
fi=(84)
+10 4
+1 6
+3 4
+4 6
+3 10
fe=(83)

fl=(252) ./stdio-common/./stdio-common/Xprintf_buffer_write.c
fn=(2156) __printf_buffer_write
27 12
+1 36
-1 84
+4 32
+2 8
+3 4
fi=(257) ./stdio-common/../string/bits/string_fortified.h
-7 4
fe=(252)
+8 8
fi=(257)
-8 4
fe=(252)
+12 4
fi=(257)
-12 4
cob=(4)
cfi=(175)
cfn=(2166) 0x0000000004c106b0
calls=4 -29 
* 60
fe=(252)
+11 12
-9 8
+2 12
+11 72

fl=(190) ./locale/./locale/newlocale.c
fn=(714) newlocale
43 15
+12 2
277 12
63 2
+3 1
-10 1
+10 2
+7 3
+2 1
-2 1

fl=(199) ./string/../sysdeps/x86_64/multiarch/memcmp-avx2-movbe.S
fn=(826) __memcmp_avx2_movbe
73 50
+7 50
+1 50
+3 1
+1 1
+1 1
+4 1
+1 1
+2 1
+1 1
+3 1
+1 1
+1 1
+3 1
+1 1
+3 1
+1 1
+3 1
+1 1
+1 1
+1 1
+1 1
+1 1
+1 1
+1 1
+1 1
+1 1
+3 1
+1 1
+6 1
+1 1
+1 1
+1 1
+4 1
+1 1
+2 1
+1 1
+1 1
+1 1
+3 1
+1 1
+1 1
+1 1
+1 1
+1 1
+2 2
+4 39
+10 39
+1 39
+1 39
+3 78
401 49
+1 49
+5 49
+1 49
+1 49
+1 49
+1 49
+3 49
+1 49
+1 49
+1 49
+3 49
+1 49
+1 10
+1 20

fl=(265) ./stdio-common/./stdio-common/Xprintf_buffer_done.c
fn=(2188) __printf_buffer_done
25 4
+1 12
+5 8
+2 48
+7 4

fl=(103)
fn=(330)
65 1
-22 2
+1 1
-2 4
+2 2
+3 2
+4 3
+3 3
+11 1

fl=(201) ./stdlib/./stdlib/secure-getenv.c
fn=(1122) secure_getenv
28 1
+1 5
cfi=(202) ./stdlib/./stdlib/getenv.c
cfn=(1124) getenv
calls=1 -5 
* 447

fl=(203) ./string/../sysdeps/x86_64/multiarch/strcmp-avx2.S
fn=(1128) __strncmp_avx2
206 3
+24 3
+5 3
+14 3
+25 3
+1 3
+1 3
+2 3
+1 3
+4 2
+4 2
+2 2
+2 2
+3 2
+2 2
+1 2
+11 2
+10 2
+1 2
+3 2
+4 4
+5 2
+1 2
+1 2
957 1
+1 1
+1 1
+1 1
+2 1
+3 1
+1 1
+27 1
+1 1
+1 1
+1 1
+1 1
+1 1
+2 1
+47 1
+1 1
+3 1
+1 1
+1 1
+3 2
+7 1
+1 1
+1 1
+1 1
+10 1
+1 1
+3 1
+1 1
+1 1
+1 1
+6 1
+2 1
+3 1
+1 1

fl=(221) ./time/../sysdeps/unix/sysv/linux/clock_gettime.c
fn=(1486) clock_gettime@@GLIBC_2.17
30 2
+8 4
+2 4
+28 4
+1 4
-25 4

fl=(256) ./stdlib/./stdlib/cmp.c
fn=(2168) __mpn_cmp
31 6
+4 12
+2 6
+1 6
+1 12
+8 30

fl=(104)
fn=(332)
29 1
fi=(105) ./debug/../sysdeps/x86_64/multiarch/ifunc-memset.h
+25 5
+3 3
+7 2
+9 2
+2 2
+10 2
+8 2
+3 5
fe=(104)

fl=(132)
fn=(410)
33 1
fi=(118) ./string/../sysdeps/x86_64/multiarch/ifunc-strcpy.h
+5 2
+1 1
-1 2
+1 2
+3 2
+4 3
+3 3
fe=(132)
-16 1

fl=(258) ./stdlib/../sysdeps/x86_64/rshift.S
fn=(2172) __mpn_rshift
28 8
+1 8
+1 8
+1 8
+13 8
+1 8
+16 8
+1 8
+1 8
+1 8
+1 8
+1 8
+1 8
+5 8
+1 8
+1 8
+1 8
+1 8

fl=(123)
fn=(378)
31 2
fi=(124) ./wcsmbs/../sysdeps/x86_64/multiarch/ifunc-wmemset.h
+5 10
+1 6
fe=(123)
-6 2

fl=(120)
fn=(370)
31 1
fi=(84)
+9 3
-2 4
fe=(120)
-7 2
fi=(84)
+10 2
+1 3
+3 2
+4 3
+3 5
fe=(120)

fl=(276)
fn=(2422) _IO_flush_all
686 5
+5 1
-5 1
+5 1
-5 6
+5 4
cfi=(277) ./nptl/./nptl/libc-cleanup.c
cfn=(2424) __libc_cleanup_push_defer
calls=1 24 
* 13
+1 6
-5 1
fi=(216) ./libio/./libio/libioP.h
1025 2
fe=(276)
708 33
+1 3
-14 9
+2 3
+1 27
+2 21
+13 7
+1 2
cfi=(277)
cfn=(2426) __libc_cleanup_pop_restore
calls=1 54 
* 9
+4 12
-20 9
-6 2
-5 2
+8 1
-3 1
+3 2

fn=(2420)
842 6
-66 1
+66 6
+1 1
cfn=(2422)
calls=1 686 
* 183
-67 2
+67 1
-67 3
cfi=(277)
cfn=(2424)
calls=1 24 
* 13
+1 6
fi=(216)
1025 1
fe=(276)
785 1
-1 1
+1 4
-1 2
+1 25
+9 6
+20 2
+2 4
+1 3
-37 9
+41 7
+1 2
cfi=(277)
cfn=(2426)
calls=1 54 
* 9
+33 12
-78 2
+39 24
-2 1
+2 1
-31 6
+7 7
-15 1
+3 2
-3 1
+3 2

fl=(196) ./iconv/./iconv/gconv_simple.c
fn=(806) __gconv_btwoc_ascii
49 128
+2 512
+3 128

fl=(106)
fn=(336)
28 1
fi=(84)
+12 3
-2 4
fe=(106)
-10 2
fi=(84)
+13 2
+1 3
+3 2
+4 3
+3 5
fe=(106)

fl=(133)
fn=(414)
29 2
fi=(99) ./string/../sysdeps/x86_64/multiarch/ifunc-memmove.h
+28 6
-1 4
+4 6
+14 4
+3 4
+8 4
+8 4
+3 10
fe=(133)

fl=(253) ./stdio-common/./stdio-common/printf_fp.c
fn=(2162) __printf_fp_buffer_1.isra.0
138 72
+21 4
+18 4
+10 4
-28 28
+62 8
1030 44
226 12
+4 28
+36 4
+5 4
-49 4
+44 16
+1 4
+1 8
+3 52
+1 4
-1 4
+1 12
-1 4
+1 8
-1 4
+1 32
+1 4
-1 8
+1 52
+6 4
-6 8
+7 8
+17 4
+4 16
-4 8
+16 8
+11 4
-41 4
+10 4
+31 4
-30 28
+33 12
+41 4
+1 4
-1 4
+1 12
fi=(257)
29 4
cob=(4)
cfi=(175)
cfn=(2166)
calls=4 -29 
* 52
fe=(253)
385 22
+18 2
-9 2
+2 4
-2 46
+2 92
-74 96
-4 48
+4 196
-4 4
+4 16
+15 6
-13 12
+53 2
-2 12
cfi=(226) ./stdlib/./stdlib/mul.c
cfn=(1630) __mpn_mul
calls=2 48 
* 154
+5 4
+1 4
fi=(257)
29 8
fe=(253)
388 8
fi=(257)
29 4
cob=(4)
cfi=(175)
cfn=(2166)
calls=4 -29 
* 52
fe=(253)
389 12
+1 12
+1 4
+3 4
-4 4
-1 4
+1 4
+1 12
+5 8
+1 8
+6 8
+4 4
+4 4
-4 4
+4 12
-4 40
+6 8
665 4
+9 4
-9 4
+9 4
+6 4
-15 4
+9 8
+6 4
-6 8
+2 8
+10 8
+52 8
+8 8
fi=(260) ./stdio-common/../sysdeps/pthread/allocalim.h
27 4
fe=(253)
746 4
fi=(260)
27 4
cfi=(259) ./nptl/./nptl/alloca_cutoff.c
cfn=(2174) __libc_alloca_cutoff
calls=4 * 
* 44
+2 8
fe=(253)
759 56
fi=(260)
29 4
fe=(253)
759 12
+4 4
-3 8
+3 8
+3 12
+7 24
+2 8
-4 4
+4 4
+14 8
-2 4
+1 20
+1 4
+1 8
-1 24
+1 56
91 24
792 24
+2 24
91 48
+2 24
+2 48
-2 48
+8 48
+4 144
cfi=(261) ./stdlib/./stdlib/divrem.c
cfn=(2180) __mpn_divrem
calls=24 -59 
* 1071
+2 24
+4 24
-6 24
+2 72
+1 24
+2 48
+1 48
+1 10
-1 53
+7 19
+4 57
cfi=(227)
cfn=(1632)
calls=19 -91 
* 399
+1 38
+1 85
793 17
+1 34
-1 7
+1 14
+1 48
230 24
cfi=(255) ./stdlib/../sysdeps/ieee754/dbl-64/dbl2mpn.c
cfn=(2164) __mpn_extract_double
calls=4 33 
* 88
* 16
+4 4
382 6
796 15
+9 20
+1 12
cfn=(2178) hack_digit
calls=4 88 
* 430
+2 8
-2 4
+2 20
+2 6
-1 1
fi=(262) ./stdio-common/../sysdeps/generic/get-rounding-mode.h
94 1
+1 4
-1 3
+1 24
fe=(253)
935 3
-11 9
+7 6
+4 8
+45 20
+3 8
+8 8
-4 4
+4 4
+5 8
-9 16
+9 16
fi=(264) ./stdio-common/../include/printf_buffer.h
163 12
fe=(253)
999 16
+2 12
+5 8
fi=(264)
163 12
fe=(253)
1009 12
+13 16
cfi=(252)
cfn=(2156)
calls=4 27 
* 212
+2 12
+4 12
117 5
+1 10
385 18
cfi=(256)
cfn=(2168)
calls=6 31 
* 72
* 12
+3 8
fi=(263) ./stdio-common/../include/rounding-mode.h
52 10
fe=(253)
835 1
-5 2
+5 18
+2 5
-2 25
+3 2
+2 3
+2 2
+2 2
+80 3
-69 2
+80 1
-11 3
766 12
-78 8
+1 8
+3 12
+2 4
+2 8
+42 8
994 16
+2 8
308 4
-2 4
+2 4
-3 4
+3 16
-3 8
cfi=(229) ./stdlib/../sysdeps/x86_64/lshift.S
cfn=(1638) __mpn_lshift
calls=4 28 
* 64
+4 8
-4 4
+4 28
+1 8
+1 28
766 12
+3 8
cfn=(2178)
calls=4 88 
* 479
* 14
cfn=(2178)
calls=7 88 
* 835
* 11
-3 37
+44 6
+3 2
1003 8
439 8
+3 32
+16 12
+2 4
-2 4
cfi=(258)
cfn=(2172)
calls=4 28 
* 72
+3 8
-1 4
+1 4
-1 4
+1 12
cfi=(258)
cfn=(2172)
calls=4 28 
* 72
+2 24
+14 8
694 32

fn=(2178)
88 60
+3 15
-3 15
+3 30
+2 15
+2 30
-2 30
+8 30
+21 42
cfi=(227)
cfn=(1632)
calls=14 -91 
* 294
+1 28
+1 55
+4 70
-23 90
cfi=(261)
cfn=(2180)
calls=15 -59 
* 678
+2 15
-2 15
+2 45
+3 15
-2 15
+2 15
+1 60
+1 2
-1 31
+11 14
-4 29
-1 1
+11 5

fn=(2158) __printf_fp_l_buffer
1099 48
+3 4
-3 28
+3 8
+13 8
+2 4
-2 4
cob=(4)
cfi=(175)
cfn=(820) 0x0000000004c10500
calls=4 0 
* 64
* 8
+1 20
+31 44
-30 8
fi=(254) ./stdio-common/../include/../locale/localeinfo.h
331 8
fe=(253)
1111 4
fi=(254)
331 4
fe=(253)
1112 8
+10 28
cfn=(2162)
calls=4 138 
* 7822
+4 4

fl=(229)
fn=(1638)
28 6040
+1 6040
+1 6040
+2 6040
+1 6040
+1 6040
+12 6040
+1 6040
+1 6040
+1 6040
+1 6040
+1 6040
+1 6040
+6 6040
+1 6040
+1 6040

fl=(202)
fn=(1124)
24 9
+1 8
+3 1
cob=(4)
cfi=(175)
cfn=(820)
calls=1 -28 
* 16
+1 1
-1 1
+1 190
+2 94
+1 12
cob=(4)
cfi=(175)
cfn=(1126) 0x0000000004c10600
calls=3 -32 
* 100
* 6
+5 9

fl=(198) ./string/../sysdeps/x86_64/multiarch/strlen-avx2.S
fn=(822) __strlen_avx2
52 6996
+13 6996
+1 6996
+1 6996
+3 6996
+2 6996
+1 6996
+3 6996
+1 6996
+8 6996
+1 6996
+1 6981
+5 13962
+26 4
+13 4
+1 4
+1 4
+6 8
+29 11
+13 11
+1 11
+1 11
+6 22
+32 15
+15 15
+6 15
+1 15
+1 15
+2 11
+1 11
+1 11
+1 11
+2 11
+1 11
+1 11
+1 11

fl=(220) ./setjmp/./setjmp/sigjmp.c
fn=(1472) __sigjmp_save
28 6
+2 2
-1 1
+5 4

fl=(212) ./csu/../csu/libc-start.c
fn=(1308) __libc_start_main@@GLIBC_2.34
242 13
+69 3
+1 3
cfi=(200) ./stdlib/./stdlib/cxa_atexit.c
cfn=(1080) __cxa_atexit
calls=1 67 
* 76
+25 6
+6 2
-3 2
+10 2
cob=(4)
cfi=(175)
cfn=(1462) 0x0000000004c107b0
calls=1 0 
* 7
+2 2
+8 4
cfi=(217)
cfn=(1466)
calls=1 29 
* 11607234046
128 2
+6 3
+1 6
cob=(4)
cfi=(175)
cfn=(1310) 0x000000000010c000
calls=1 0 
* 7
* 1
+3 1
+1 2
+3 2
+1 2
-1 1
+2 9
+1 4
cob=(8)
cfi=(211)
cfn=(1320) _GLOBAL__sub_I_ioinit
calls=1 0 
* 19896
* 4
cob=(8)
cfi=(211)
cfn=(1314) 0x0000000000005ca0
calls=1 0 
* 12
-1 7

fl=(174) ./nptl/./nptl/pthread_mutex_conf.c
fn=(562) __pthread_tunables_init
55 2
+1 2
-1 2
+1 2
-1 4
+1 1
cob=(4)
cfi=(175)
cfn=(564) 0x0000000004c10720
calls=1 -56 
* 26
+2 4
cob=(4)
cfi=(175)
cfn=(564)
calls=1 -58 
* 25
+2 4
cob=(4)
cfi=(175)
cfn=(564)
calls=1 -60 
* 26
+2 6

fl=(234) ./string/../sysdeps/x86_64/multiarch/memset-vec-unaligned-erms.S
fn=(1678) __memset_avx2_unaligned_erms
158 9498624
+1 18997248
+5 9498624
+1 9498624
+1 1560995
+1 1560995
+1 1560995
+2 1556112
+1 1556112
+1 3112224
+9 4299
+1 4299
+2 8598
+53 4883
+1 4883
+6 4343
+1 4343
+12 4343
+3 4343
+1 4343
+12 44
+1 44
+13 44
+1 44
+2 44
+3 38
+3 38
+3 38
+1 38
+1 38
+1 38
+1 38
+1 38
+1 38
-6 198
+1 198
+1 198
+1 198
+1 198
+1 198
+1 236
+3 38
+1 38
+1 38
+1 38
+3 76
-6 6
+1 6
+1 6
+1 6
+3 12
+11 540
+1 540
+1 540
+1 58203676
+1 540
+1 1080
+7 7937629
+9 7937629
+1 7937629
+5 2106276
+1 2106276
+1 178
+1 178
+1 66
+1 66
+21 5831353
+1 5831353
+1 5831353
+9 2106098
+1 2106098
+5 2106098
+8 112
+1 112
+5 112
+7 66
+1 66
+1 66
+5 66

fl=(92)
fn=(304)
29 1
fi=(93)
+28 3
-1 2
+4 3
+14 2
+3 2
+8 2
+8 2
+3 5
fe=(92)

fl=(207) ./malloc/./malloc/morecore.c
fn=(1154) __glibc_morecore
25 243
+1 486
-1 486
+4 243
cfi=(208)
cfn=(1156)
calls=243 +8 
* 9963
+1 486
+4 108
-7 189
+7 378

fl=(86)
fn=(290)
79 2
-31 4
+1 2
-2 8
+2 4
+3 4
+4 6
+3 6
+20 2

fl=(193) ./wcsmbs/./wcsmbs/wctob.c
fn=(796) wctob
30 1280
+9 384
+6 128
-1 256
+35 1152

fl=(209)
fn=(1158)
36 238
fi=(289) ./misc/../sysdeps/unix/sysv/linux/brk_call.h
-12 476
fe=(209)
+13 476
+1 476
+6 49
+1 49
-5 378
+1 378

fl=(195) ./elf/./elf/libc-dl-profstub.c
fn=(804) _dl_mcount_wrapper_check
36 128
+1 384
+1 128

fl=(219)
fn=(1470)
31 1
+2 1
+9 1
+1 2
+1 1
+4 1
+1 1
+1 1
+1 1
+1 1
+2 2
+2 1
+1 1
+1 1
+2 2
+2 1
+5 1
+1 1
+17 1
cfi=(220)
cfn=(1472)
calls=1 -57 
* 13

fl=(226)
fn=(1630)
48 46971
+6 5526
+12 5526
+76 30393
-71 2763
+1 5526
+69 2763
-60 5526
cfi=(227)
cfn=(1632)
calls=2763 -50 
* 58047
* 5526
+2 2763
+1 2763
+4 5526

fl=(107)
fn=(340)
30 1
fi=(101) ./wcsmbs/../sysdeps/x86_64/multiarch/ifunc-avx2.h
+10 3
-2 4
fe=(107)
-8 2
fi=(101)
+11 2
+1 3
+3 2
+4 3
+3 5
fe=(107)

fl=(171) ./ctype/./ctype/ctype-info.c
fn=(556) __ctype_init
29 1
+2 7
+2 4
+2 4
+1 1

fl=(274) ./posix/./posix/register-atfork.c
fn=(2278) __unregister_atfork
82 10
+1 10
-1 20
+1 10
fi=(275) ./posix/../malloc/dynarray-skeleton.c
243 5
fe=(274)
71 10
+38 20
+1 15

fl=(125)
fn=(382)
29 1
fi=(118)
+9 2
+1 1
-1 2
+1 2
+3 2
+4 3
+3 3
fe=(125)
-20 1

fl=(197) ./wctype/./wctype/wctype_l.c
fn=(818) wctype_l
26 80
+7 10
-7 30
+3 10
cob=(4)
cfi=(175)
cfn=(820)
calls=10 -29 
* 160
* 10
+3 30
+1 10
+7 48
+1 96
-8 48
+2 96
cob=(4)
cfi=(175)
cfn=(820)
calls=48 -35 
* 768
* 20
cob=(4)
cfi=(175)
cfn=(820)
calls=10 -35 
* 160
* 58
+2 312
cob=(4)
cfi=(175)
cfn=(824) 0x0000000004c10580
calls=49 -37 
* 1146
* 98
+8 20
+1 10
+1 80

fl=(181) ./string/../sysdeps/x86_64/multiarch/strrchr-avx2.S
fn=(604) __strrchr_avx2
53 1
+1 1
+1 1
+2 1
+1 1
+4 1
+1 1
+1 1
+3 1
+2 1
+1 1
+1 1
+1 1
+3 1
+1 1
+2 1
+1 1
+1 1
+1 1
+1 1
+9 2

fl=(204) ./malloc/./malloc/malloc.c
fn=(1160) alloc_perturb
1985 20694981
+2 6898327

fn=(1670) _int_free
4495 193645851
+4 82991079
+6 110654772
+1 55327386
+4 138318465
+8 110654772
-1 55327386
+1 55327386
+29 27661488
-20 27661488
-6 27661488
+6 55322976
+20 110645952
1792 7406429
4561 14812858
+11 29616888
+2 22212666
1992 7404222
4593 7404222
1992 14808444
4595 7404222
+1 7404222
+4 14808444
+2 7404222
-2 7404222
+2 7404222
+4 14808444
+2 22212666
+1 7404222
+19 29590406
+30 165968916
-21 4414
+3 4414
+18 2207
-12 2207
+12 8828
-12 2207
cfn=(1744) _int_free_merge_chunk
calls=2207 +19 
* 369001013
3163 20257264
+4 20257264
-4 20257264
+2 81029056
+1 20257264
+1 20257264
4550 20257264

fn=(1784) sysmalloc_mmap_fallback.constprop.0
2490 2079
+4 189
+3 567
+1 5
+3 378
+1 226
+4 113
-1 226
+1 76
-1 152
+3 1512
cfi=(239) ./misc/../sysdeps/unix/sysv/linux/mmap64.c
cfn=(1776) mmap
calls=189 47 
* 4914
* 189
+3 378
+4 378
+4 756
cfi=(240) ./misc/../sysdeps/unix/sysv/linux/setvmaname.c
cfn=(1778) __set_vma_name
calls=189 33 
* 3969
+5 189
+2 189
+2 1701
2008 756

fn=(1774) sysmalloc_mmap.isra.0
2400 330
+13 198
-13 66
+18 132
+3 594
cfi=(239)
cfn=(1776)
calls=66 47 
* 1716
* 66
+3 132
+4 132
2008 264
2432 264
cfi=(240)
cfn=(1778)
calls=66 33 
* 1424
+16 198
+19 66
-1 66
+5 66
-4 132
+4 132
+1 200
+3 198
+1 330
+5 462

fn=(1140) malloc
3294 221308632
+7 55327158
1326 55327156
+19 137082018
3311 52855404
+2 110654316
+3 55327156
+10 13954694
+28 41864082
3248 4
cfn=(1150) tcache_init.part.0
calls=1 -6 
* 473
+68 2
+2 82984464
3178 41372464
+4 41372464
+4 20686232
+4 20686232
-4 62058696
+4 20686232
+1 20686232
3354 124117392
-26 27909388
cfn=(1152) _int_malloc
calls=6977347 3846 
* 1146530245
+1 34886735
fi=(205) ./malloc/./malloc/arena.c
153 13954562
264 1
cfn=(1144) ptmalloc_init.part.0
calls=1 -2 
* 1151
fe=(204)
1326 2

fn=(1756) malloc_consolidate
4811 893
+17 893
-17 4465
+28 893
-28 2679
+15 893
+2 893
+13 1786
+1 1786
-1 16074
+1 16074
+62 26790
+1 7144
-31 14151402
+4 517528
+2 258764
+1 517528
+1 517528
+2 517528
-4 6816937
+1 13633874
+1 13633874
+2 13633874
+1 13399892
+4 6699946
+2 6699946
-2 13399892
+3 6699946
+9 13399892
-12 375755
+2 375755
-2 751510
+3 375755
+9 7825025
-56 14151402
+4 21227103
+1 28302804
+8 7075701
-3 14151402
+3 7075701
-3 7075701
+4 7075701
-4 7075701
+5 7075701
-5 7075701
+5 14151402
+2 14151402
+1 86843
+2 86843
-1 86843
+2 347372
+2 607901
cfn=(1748) unlink_chunk.isra.0
calls=86843 1608 
* 1873110
* 434215
+3 14151402
+4 6816937
+1 20450811
+16 13633874
-16 6816937
cfn=(1748)
calls=6816937 1608 
* 163204494
* 27267748

fn=(1780) munmap_chunk
3024 66
+2 66
-1 66
+1 132
+2 66
-3 66
-1 66
+4 66
+3 132
+7 66
-8 66
+9 66
-8 66
+1 66
+6 198
+1 264
+3 66
+1 198
+6 66
-1 132
cfi=(241)
cfn=(1782)
calls=66 117 
* 396

fn=(1152)
3846 76750828
1326 13954696
+19 41320932
3887 12868384
1794 6434192
3914 12868384
+65 12864008
-63 25728016
+3 6432004
+2 12864008
+2 94738
-6 47369
+9 94738
+1 236845
+5 94738
+1 94738
+7 47369
-1 94738
+1 236845
+5 94738
3165 47369
3945 47369
+1 94738
+5 1686726
3165 281121
-2 281121
+4 281121
-2 281121
3945 281121
3163 281121
+3 281121
+1 281121
3946 1434318
+2 562242
+2 562242
+27 4376
+62 34782
+1 6291
+20 6908409
-1 6908409
-1 6908409
+1 13816818
+1 13816818
-2 13816816
+12 34542045
-1 13508600
+4 13508600
+1 6754300
+2 13508600
-3 437976
+1 218988
+2 437976
+1 20919864
+2 6973288
+1 27893152
+2 27893152
-10 6973288
+12 13946576
+1 13946576
+2 13946576
+11 27455160
+29 222216
+1 222216
+4 444432
+29 444264
+8 35116
+1 568
+1 568
-1 568
+4 1136
-4 3777
+1 3777
-1 3777
+4 7554
+5 1127
-2 1127
+2 3381
+1 2254
+7 439
-1 1756
+2 1317
3887 1086312
+27 1086312
+66 6927882
+2 6927882
-2 6927882
+2 13855764
+2 21570
+1 43140
+6 21570
-4 21570
+1 21570
+1 21570
+2 43140
+7 86280
-1 43140
+1 43140
+5 551796
+1 297260
+2 295964
-92 1629468
1345 543156
3919 1086312
+2 1086312
+9 20783373
4041 1112
cfn=(1756)
calls=556 4811 
* 177050894
* 556
+93 1509
+1 1509
-1 1509
+1 3018
-14 1509
+19 3018
+1 8664
1985 142302
4487 83728176
1985 21570
4020 21570
1985 43140
4163 441106
+1 661659
+1 220553
-1 220553
+57 441106
+9 220553
-9 441106
+9 220553
-9 661659
+1 220553
+1 220553
+1 220553
+1 220553
+6 441106
-10 8690
+9 4345
-9 8690
+9 4345
-9 13035
+1 4345
+1 4345
+1 4345
+1 4345
+6 8690
+1 10
+1 20
+7 40
4070 674673
4246 11834
+11 480075
+2 6096
+3 2032
-3 2032
+3 4064
+1 161112
+71 479430
-4 159810
+1 159810
+1 159810
-1 159810
+1 159810
+1 319620
+1 479430
+5 651597
+16 80823
+2 161646
-4 190610
+8 14482
+3 28964
+2 5903
+1 5903
+1 5903
-2 23612
-27 5903
-99 899559
3163 1444
+4 1444
-4 1444
+2 11552
+1 2888
+1 1444
4070 2902
+74 28
-45 13504712
+2 6751072
-1 13502144
+27 4191
+1 4191
+4 8382
+29 6153
+8 3105
4008 147982
+1 147982
+1 295964
3159 147982
4012 147982
3167 147982
-8 147982
+4 147982
4013 147982
3163 147982
+2 591928
+1 147982
+2 147982
-2 147982
+1 147982
+1 147982
4218 3218
-48 3218
+48 9654
4343 463374
+3 615328
-3 459417
+3 612500
-3 458802
+3 611704
-3 301166
4443 151231
+1 302462
+2 302462
+3 453693
+17 1212
4070 91
-91 546
4169 17736
+23 2064
+3 189
+1 567
-3 1754
+6 688
+7 570
-1 2280
+2 1140
+2 570
+1 1710
+2 570
+1 1140
-1 118
+1 236
-44 14856
+33 236
-33 15004
4343 3227
+5 12908
+1 6454
+24 34316
+3 17158
+2 8579
+3 17158
-3 17158
+3 8579
cfn=(1748)
calls=8579 1608 
* 224868
+3 34316
+15 13406
-5 6703
+5 13406
+1 13406
+3 6703
+1 6703
+1 6703
+3 13406
+1 5422
+1 13406
+2 7000
+3 28000
+2 10500
+1 3500
1985 3500
4421 3500
1985 7000
4415 25624
+2 9609
+1 3203
1985 3203
4421 3203
1985 8282
4421 1876
1985 3752
4387 1876
-1 1876
+1 3752
4070 1430
3199 1430
-21 1430
+4 2860
+17 8
-21 8
+4 16
+8 1438
-4 5752
+4 1438
+1 2876
4248 1438
4105 6746881
-1 6746881
+3 6746881
-1 6746881
+1 13493762
+1 20240643
+1 13493762
+2 13388620
+4 6694310
+6 6694310
-6 6694310
+7 6694310
-7 40165860
+2 20082930
+5 6694310
-4 6694310
+4 6694310
cfn=(1160)
calls=6694310 1985 
* 26777240
-7 52571
+6 52571
-6 52571
+7 52571
-7 315426
+2 157713
+5 52571
-4 52571
+4 52571
cfn=(1160)
calls=52571 1985 
* 210284
+1 6746881
2552 303
+12 303
-12 1515
+12 303
+1 198
+3 264
+8 330
cfn=(1774)
calls=66 2400 
* 7168
* 66
+1 132
4482 132
-22 454338
cfn=(1160)
calls=151446 1985 
* 605784
+1 151446
-9 301856
+2 301856
-1 150928
+1 150928
-3 150928
+3 150928
+2 150928
-2 603712
+2 150928
+3 302286
4266 215
+1 215
+2 75
-2 1450
+6 430
+2 58
+1 116
+2 58
+1 116
-1 116
+1 58
cfn=(1748)
calls=58 1608 
* 1905
-1 157
+1 314
-1 314
+1 157
cfn=(1748)
calls=157 1608 
* 5181
+3 860
+13 404
-4 202
+4 404
+1 404
+3 202
+1 202
+1 202
+1 404
+2 366
+3 1464
+2 549
+1 183
+3 183
-6 152
+2 57
+1 19
+3 19
2553 237
+36 711
+1 237
-1 237
+1 237
+9 2364
+6 708
+3 711
2921 711
+1 237
+4 237
+4 1185
+5 237
-2 237
+5 237
-3 474
-3 237
+2 237
+1 237
+1 237
-1 711
+1 237
4482 237
2669 711
+8 474
+1 147
+13 49
+2 49
-2 286
+2 188
-2 376
+8 1185
+8 474
+20 189
+1 189
-1 378
+11 378
+4 378
+2 189
+2 189
-2 189
+2 189
+6 189
-6 189
+9 382
+40 3
+19 2
+3 2
+1 6
+2 1
+1 5
cfi=(207)
cfn=(1154)
calls=1 25 
* 33
+12 4
-12 1
+12 1
2008 4
3882 1
2873 1
+3 1
-1 1
+1 4
+12 1
-11 1
+11 2
-15 189
+3 189
-1 189
+1 756
+12 189
-11 189
+11 378
+7 378
+1 567
+8 189
+2 189
+5 378
+2 748
cfn=(1670)
calls=187 4495 
* 27092
* 187
-66 378
-65 189
+84 378
-83 1
-1 2
2017 2
2745 1
+1 1
+6 3
-6 1
+6 3
-6 47
+6 141
-6 47
+6 235
+1 282
-21 1134
cfn=(1784)
calls=189 2490 
* 18942
* 189
+2 378
-25 711
cfi=(207)
cfn=(1154)
calls=237 25 
* 12384
+1 474
-1 237
+1 237
2008 48
2711 48
2008 144
2712 237
+3 474
+29 332
4285 13
-1 13
+1 26
+91 24

fn=(1744)
4665 11035
+1 2207
-1 6621
+5 13242
+3 4414
+5 6621
+3 4414
+1 4414
+1 4414
1992 6621
4689 4414
+2 274
+2 274
-1 274
+2 1096
+2 548
cfn=(1748)
calls=274 1608 
* 7740
+18 4414
+6 4370
+4 1565
+9 1565
-1 1565
+1 4695
+1 3130
-1 620
-1 620
+1 1860
+1 1240
+2 2185
+2 4370
+5 2185
+1 2185
+2 6555
+1 2185
-45 2185
-1 4370
+1 13110
-1 2185
cfn=(1746) _int_free_maybe_consolidate
calls=2185 +69 
* 334075031
+1 22
-1 44
+1 132
-1 22
cfn=(1746)
calls=22 +69 
* 34754197
+39 6549
+16 22
+1 66
+1 44
-37 620
+1 620
-1 620
cfn=(1748)
calls=620 1608 
* 15157
+1 620
-47 879
-2 586

fn=(1746)
4770 24277
+6 4414
+22 24211
-20 3976
+3 2982
-2 337
cfn=(1756)
calls=337 +32 
* 368763272
* 337
+5 4970
+1 24
+13 42
-13 6
cfn=(1772) systrim.constprop.0
calls=6 2957 
* 380

fn=(1150)
3242 4
+9 8
+1 3
cfn=(1152)
calls=1 3846 
* 359
+1 2
+8 4
+9 1
fi=(210) ./malloc/../string/bits/string_fortified.h
59 2
fe=(204)
3270 1
fi=(210)
59 86
fe=(204)
3274 3

fn=(1666) free
3359 27663572
+4 55327144
-4 82990716
+14 27663572
-14 82990716
+12 27663572
+4 27663572
-4 27663572
+4 55327144
+17 82990518
fi=(205)
153 82990518
fe=(204)
3398 82990518
cfn=(1670)
calls=27663506 4495 
* 2018251264
+3 27663506
+1 165981036
-23 198
+2 264
+2 66
+1 66
-1 66
+1 66
+1 66
+3 132
cfn=(1780)
calls=66 3024 
* 2376
+13 66
+1 396

fn=(1748)
1608 6913468
+2 20740404
-2 6913468
+2 13826936
+3 6913468
+1 13826936
+2 27653872
-3 6913468
+6 6913468
+1 6913468
+1 33938477
+2 8458
+1 12687
+3 8458
+14 4224
+1 4224
+3 13826926
-16 10
+4 12
+2 3
+1 6
+9 6
-32 2
+17 2
+15 4

fn=(1772)
2957 36
+9 18
+2 6
+1 12
+5 6
+1 6
-1 12
+4 30
+2 12
-10 6
+50 36
-33 10
cfi=(207)
cfn=(1154)
calls=5 25 
* 165
* 5
+1 20

fl=(116)
fn=(360)
60 1
-17 2
-1 4
+2 3
+2 2
+4 3
+10 1

fl=(136)
fn=(422)
29 1
fi=(288)
+7 5
fe=(136)
-7 1

fl=(248) ./stdlib/./stdlib/random_r.c
fn=(2058) random_r
354 21284
+3 85136
+5 21284
-2 21284
+2 42568
+8 21284
+1 21284
+1 21284
+3 42568
+3 21284
+4 21284
-7 21284
+2 42568
+2 42568
+8 41196
-9 20598
+12 20598
+3 20598
-2 20598
+7 20598
-8 686
+3 686
-2 686
+7 686
-10 1372

fl=(250) ./stdio-common/./stdio-common/vfprintf-internal.c
fn=(2150) __printf_buffer
600 48
fi=(290) ./stdio-common/./stdio-common/printf-parse.h
82 4
fe=(250)
600 8
fi=(290)
82 4
fe=(250)
600 4
+27 12
+11 4
-11 4
+11 4
-11 4
+11 8
fi=(290)
82 4
cob=(4)
cfi=(175)
cfn=(2152) 0x0000000004c10590
calls=4 -82 
* 84
fe=(250)
653 8
+1 4
fi=(290)
82 8
fe=(250)
654 4
-1 4
cfi=(252)
cfn=(2156)
calls=4 27 
* 76
+2 12
+4 8
+4 32
-32 4
973 4
642 4
973 8
634 4
+71 16
1044 44
705 8
-13 4
+7 4
+6 8
-14 4
-4 4
+18 4
-10 4
+10 4
-7 4
-4 4
+11 8
-19 4
-1 4
+20 4
-12 4
-9 4
-1 4
+22 4
-15 8
891 8
+82 8
+3 136
+20 44
+1 4
263 4
+1 4
997 4
744 4
264 8
744 4
263 8
1024 4
fi=(290)
82 4
fe=(250)
1018 4
fi=(290)
82 8
cob=(4)
cfi=(175)
cfn=(2152)
calls=4 -82 
* 84
fe=(250)
1028 8
+1 4
fi=(290)
82 4
fe=(250)
1029 4
-1 4
cfi=(252)
cfn=(2156)
calls=4 27 
* 76
+3 8
709 4
814 4
-1 4
+1 8
+41 52
266 4
cfi=(253)
cfn=(2158)
calls=4 1099 
* 8126
1001 4
819 4
-1 4
+1 12
+15 28
+3 8
+18 4
-37 4
+19 16

fl=(261)
fn=(2180)
46 546
+3 78
234 351
62 39
+1 39
-16 39
+18 78
+7 207
+1 30
-1 60
+1 60
-1 60
+4 78
+3 39
+2 39
-13 2
-1 2
+1 2

fl=(249) ./libio/./libio/vsnprintf.c
fn=(2148) vsnprintf
102 12
fi=(291) ./libio/../include/printf_buffer.h
+22 4
fe=(249)
-22 4
fi=(291)
+22 4
fe=(249)
-22 28
fi=(291)
+35 4
-13 4
+13 4
-10 4
+1 4
fe=(249)
-65 8
+3 4
+30 16
cfi=(250)
cfn=(2150)
calls=4 600 
* 9262
-21 12
+1 4
+11 8
cfi=(265)
cfn=(2188)
calls=4 -62 
* 76
+17 24

fl=(240)
fn=(1778)
33 1785
+2 1275
+14 2298
-9 4
cob=(4)
cfi=(175)
cfn=(564)
calls=1 -40 
* 26
* 3
+7 1
+1 1

fl=(188) ./nptl/./nptl/pthread_once.c
fn=(694) pthread_once@@GLIBC_2.34
136 3036
+3 3036
+1 6072
+4 6070
-1 1
cfn=(696) __pthread_once_slow
calls=1 -75 
* 1928

fn=(696)
68 11
+8 1
+4 2
+52 10
-44 2
+4 2
+9 2
+13 13
cfi=(189) ./nptl/./nptl/cleanup_compat.c
cfn=(698) _pthread_cleanup_push@@GLIBC_2.34
calls=1 -89 
* 7
+2 1
cob=(7)
cfi=(185)
cfn=(700) 0x00000000000d0450
calls=1 0 
* 1859
+2 3
cfi=(189)
cfn=(716) _pthread_cleanup_pop@@GLIBC_2.34
calls=1 -78 
* 6
fi=(191) ./nptl/../sysdeps/nptl/futex-internal.h
+91 3
fe=(188)
-85 1
fi=(191)
+85 5
fe=(188)

fl=(127)
fn=(394)
29 2
fi=(84)
+11 6
-2 8
fe=(127)
-9 4
fi=(84)
+12 4
+1 6
+3 4
+4 6
+3 10
fe=(127)

fl=(176) ./nptl/../sysdeps/unix/sysv/linux/x86/elision-conf.c
fn=(566) __lll_elision_init
92 2
+4 1
-4 2
+4 2
-4 1
+4 1
-4 3
+4 1
cob=(4)
cfi=(175)
cfn=(564)
calls=1 -96 
* 26
+2 4
cob=(4)
cfi=(175)
cfn=(564)
calls=1 -98 
* 26
+2 4
cob=(4)
cfi=(175)
cfn=(564)
calls=1 0 
* 26
+2 4
cob=(4)
cfi=(175)
cfn=(564)
calls=1 0 
* 26
+2 4
cob=(4)
cfi=(175)
cfn=(564)
calls=1 0 
* 26
+3 3
+1 1
+1 6

fl=(266) ./misc/../sysdeps/unix/sysv/linux/writev.c
fn=(2226) writev
25 5
+1 30
+1 5

fl=(271)
fn=(2264)
367 1
51 3
+1 2
367 3
57 2
+8 1
-3 1
-23 1
+1 4
+1 1
+29 1
+2 1
369 2
74 2
+6 4
+4 3
+3 2

fl=(94)
fn=(308)
29 1
fi=(93)
+28 3
-1 2
+4 3
+14 2
+3 2
+8 2
+8 2
+3 5
fe=(94)

fl=(200)
fn=(1080)
67 147
-26 42
+2 168
+1 42
cfn=(1082) __new_exitfn
calls=21 +36 
* 773
+2 42
+8 21
-2 21
+3 21
+1 21
-4 42
+1 21
+4 84
+1 21
+11 126

fn=(1082)
80 21
+6 42
-6 84
+11 42
-10 21
+10 84
+2 42
+1 100
-1 42
-2 1
+10 1
-10 3
+13 40
+25 20
+1 40
-1 40
+7 20
+5 60
-4 20
+4 40
-5 1
+5 3
-4 1
+4 2
-18 1
-1 1
+12 1

fl=(214) ./libio/./libio/iofflush.c
fn=(1374) fflush
32 6
+1 12
-1 30
+7 12
+1 6
fi=(216)
1025 18
+1 12
fe=(214)
40 12
cfi=(215)
cfn=(1376)
calls=6 793 
* 126
* 12
fi=(216)
979 12
+1 48
fe=(214)
44 30
-5 60

fl=(259)
fn=(2174)
27 4
+1 36
+7 4

fl=(189)
fn=(716)
40 1
+3 2
+4 2
+2 1

fn=(698)
25 1
+3 1
+1 1
+1 2
+2 1
+1 1

fl=(172) ./resource/../sysdeps/unix/sysv/linux/getrlimit64.c
fn=(558) getrlimit
38 2
+1 7
+1 1

fl=(100)
fn=(324)
31 2
fi=(101)
+9 6
-2 8
fi=(102) ./wcsmbs/../sysdeps/x86_64/multiarch/wcschr.c
-7 4
fi=(101)
+10 4
+1 6
+3 4
+4 6
+3 10
fe=(100)

fn=(390)
31 1
fi=(97)
+9 3
-1 4
+2 3
+3 2
+4 4
fe=(100)
-17 1

fl=(108)
fn=(344)
31 1
fi=(109) ./string/../sysdeps/x86_64/multiarch/ifunc-strncpy.h
+4 5
+1 3
+3 2
+4 3
+3 4
fe=(108)
-15 1

fl=(170)
fn=(554)
33 9
+2 1
cfi=(171)
cfn=(556)
calls=1 -6 
* 17
+3 1
fi=(173) ./elf/../sysdeps/nptl/pthread_early_init.h
-5 2
fe=(170)
+8 1
-3 1
+3 1
fi=(173)
-8 1
cfi=(172)
cfn=(558)
calls=1 +5 
* 10
* 3
+1 1
+4 5
+7 1
fi=(292) ./elf/../nptl/nptl-stack.h
+16 3
fi=(173)
-16 1
fi=(292)
+16 2
fi=(173)
-7 1
fi=(292)
+7 3
fi=(173)
-9 1
-6 1
+2 2
+4 4
+1 1
+3 1
cfi=(174)
cfn=(562)
calls=1 -1 
* 104
fe=(170)
-9 3
+2 2
-2 1
cfi=(176)
cfn=(566)
calls=1 +45 
* 169

fl=(179)
fn=(598)
46 6
+5 2
+4 5
+8 1
-2 1
+10 1
-9 1
+1 1
+9 3
-1 1
cfi=(180) ./misc/./misc/init-misc.c
cfn=(600) __init_misc
calls=1 -41 
* 50

fl=(182)
fn=(606)
545 1
+1 4
+1 3
+1 3
+2 1

fl=(117)
fn=(362)
29 1
fi=(118)
+9 2
+1 1
-1 2
+1 2
+3 2
+4 3
+3 3
fe=(117)
-20 1

fl=(213) ./csu/./csu/errno-loc.c
fn=(1368) __errno_location
25 6
+1 12
+1 6

fl=(243) ./string/../sysdeps/x86_64/multiarch/memchr-avx2.S
fn=(1838) __memchr_avx2
61 42064
+7 42064
+2 42064
+3 42064
+1 42064
+2 42064
+1 42064
+1 42064
+1 42064
+3 42064
+1 42064
+3 42064
+1 42064
+2 162
+1 162
+1 162
+1 162
+2 324
+7 41902
+5 41902
+7 41902
+1 41902
+1 37986
+1 37986
+12 3916
+1 3916

fl=(139)
fn=(432)
31 1
fi=(114)
+6 2
-1 4
fe=(139)
-5 2
fi=(114)
+7 3
+3 2
+4 3
+3 4
fe=(139)

fl=(273) ./stdlib/./stdlib/cxa_finalize.c
fn=(2276) __cxa_finalize
30 10
+3 10
-3 40
+3 25
+3 20
+4 162
+1 132
+2 11
+2 11
+36 11
-5 11
-33 11
+35 33
+3 33
+1 33
cob=(7)
cfi=(185)
cfn=(1452) std::ios_base::Init::~Init()
calls=1 -82 
* 2688
cob=(7)
cfi=(185)
cfn=(2346) 0x00000000000b8da0
calls=1 -82 
* 8
cob=(7)
cfi=(185)
cfn=(2338) 0x00000000000b8d50
calls=1 -82 
* 773
cob=(7)
cfi=(185)
cfn=(2336) 0x00000000000e75a0
calls=1 -82 
* 2
cob=(7)
cfi=(185)
cfn=(2334) 0x00000000000e8920
calls=1 -82 
* 2
cob=(7)
cfi=(185)
cfn=(2332) 0x00000000000eca30
calls=1 -82 
* 2
cob=(7)
cfi=(185)
cfn=(2330) 0x00000000000eca40
calls=1 -82 
* 2
cob=(7)
cfi=(185)
cfn=(2328) 0x00000000001b4e80
calls=1 -82 
* 2
cob=(7)
cfi=(185)
cfn=(2326) 0x00000000001b4e90
calls=1 -82 
* 2
cob=(7)
cfi=(185)
cfn=(2324) 0x00000000001b4ea0
calls=1 -82 
* 2
cob=(7)
cfi=(185)
cfn=(2320) 0x00000000001d0060
calls=1 -82 
* 5
+1 44
+4 33
-47 34
-4 15
+57 20
+4 30
-4 15
+12 10
cfi=(274)
cfn=(2278)
calls=5 -23 
* 100
+1 20
+1 40

fl=(110)
fn=(348)
31 2
fi=(111) ./wcsmbs/../sysdeps/x86_64/multiarch/ifunc-evex.h
+7 6
-1 8
+2 6
+6 4
-3 4
+9 6
+3 8
fe=(110)
-23 2

fl=(87)
fn=(292)
30 1
fi=(88)
+11 2
-1 4
+2 3
+3 2
+4 3
+3 3
fe=(87)
-22 1

fl=(255)
fn=(2164)
33 4
+2 4
-2 8
+4 12
+1 20
+9 8
+9 4
-9 4
+9 8
+47 4
+4 4
-4 4
+4 4

fl=(194) ./wcsmbs/./wcsmbs/btowc.c
fn=(802) btowc
32 512
+5 256
-5 2048
+5 1536
+5 512
+4 384
fi=(293) ./wcsmbs/./wcsmbsload.h
+23 128
+1 384
fe=(194)
-23 128
+1 128
-1 128
+1 128
+4 512
+3 256
cfi=(195)
cfn=(804)
calls=128 -19 
* 640
* 512
+39 128
-39 256
+39 512
-39 128
cfi=(196)
cfn=(806)
calls=128 -6 
* 768
+39 1152

fl=(277)
fn=(2424)
24 2
+1 2
+2 4
+2 4
+3 4
+14 6
+2 2
+1 2

fn=(2426)
54 2
+1 2
+2 4
+2 2
+1 6
+11 2

fl=(95)
fn=(312)
29 1
fi=(84)
+11 3
-2 4
fe=(95)
-9 2
fi=(84)
+12 2
+1 3
+3 2
+4 3
+3 5
fe=(95)

fl=(180)
fn=(600)
30 1
+1 2
-1 4
+1 4
+2 3
cob=(4)
cfi=(175)
cfn=(602) 0x0000000004c10660
calls=1 -33 
* 24
+4 5
+1 3
+2 4

fl=(239)
fn=(1776)
47 255
+3 510
-3 1530
+6 510
+5 1530
+2 1020
-7 1275

fl=(205)
fn=(1144)
262 1
fi=(206) ./malloc/../sysdeps/unix/sysv/linux/not-cancel.h
97 3
fe=(205)
262 7
+5 1
fi=(206)
97 3
fi=(204)
3143 2
fe=(205)
292 2
+4 3
fi=(204)
1946 4
+3 1
-3 1
+3 2
-3 2
+3 126
-3 126
+3 252
-3 252
+11 1
fe=(205)
300 3
fi=(204)
1958 1
+2 1
fe=(205)
300 1
cob=(4)
cfi=(175)
cfn=(564)
calls=1 0 
* 25
+1 4
cob=(4)
cfi=(175)
cfn=(564)
calls=1 0 
* 26
+1 4
cob=(4)
cfi=(175)
cfn=(564)
calls=1 0 
* 25
+1 4
cob=(4)
cfi=(175)
cfn=(564)
calls=1 0 
* 25
+1 4
cob=(4)
cfi=(175)
cfn=(564)
calls=1 0 
* 26
+1 4
cob=(4)
cfi=(175)
cfn=(564)
calls=1 0 
* 25
+1 4
cob=(4)
cfi=(175)
cfn=(564)
calls=1 0 
* 25
+2 4
cob=(4)
cfi=(175)
cfn=(564)
calls=1 0 
* 25
+1 4
cob=(4)
cfi=(175)
cfn=(564)
calls=1 0 
* 25
+1 4
cob=(4)
cfi=(175)
cfn=(564)
calls=1 0 
* 25
+3 4
cob=(4)
cfi=(175)
cfn=(564)
calls=1 0 
* 25
+1 4
cob=(4)
cfi=(175)
cfn=(564)
calls=1 0 
* 25
+2 2
+10 8

fl=(128)
fn=(398)
29 1
fi=(109)
+6 5
+1 3
+3 2
+4 3
+3 4
fe=(128)
-17 1

fl=(233) ./stdlib/../sysdeps/ieee754/dbl-64/mpn2dbl.c
fn=(1648) __mpn_construct_double
29 3018
+10 3018
-6 3018
+7 30180
+6 3018
+1 6036

fl=(223) ./io/../sysdeps/unix/sysv/linux/read.c
fn=(1526) read
25 3
+1 18
+1 3

fl=(115)
fn=(358)
29 1
fi=(288)
+7 5
fe=(115)
-7 1

fl=(134)
fn=(418)
29 3
fi=(135) ./string/../sysdeps/x86_64/multiarch/ifunc-evex.h
+9 9
-1 12
+2 9
+6 6
-3 6
+9 9
+3 12
fe=(134)
-25 3

fl=(251) ./string/../sysdeps/x86_64/multiarch/strchr-avx2.S
fn=(2154) __strchrnul_avx2
53 8
+2 8
+1 8
+1 8
+1 8
+1 8
+3 8
+1 8
+4 8
+1 8
+1 8
+1 8
+1 8
+1 8
+1 8
+1 8
+13 8
+2 16

fl=(247)
fn=(2056)
288 42568
+3 21284
-3 106420
+3 42568
+2 63852
cfi=(248)
cfn=(2058)
calls=21284 +61 
* 595266
+2 85136
+2 21284
+1 106420

fl=(98)
fn=(320)
29 3
fi=(99)
+28 9
-1 6
+4 9
+14 6
+3 6
+8 6
+8 6
+3 15
fe=(98)

fl=(126)
fn=(386)
31 1
fi=(114)
+6 2
-1 4
fe=(126)
-5 2
fi=(114)
+7 3
+3 2
+4 3
+3 4
fe=(126)

fl=(96)
fn=(316)
31 1
fi=(97)
+9 3
-1 4
+2 3
+3 2
+4 4
fe=(96)
-17 1

fl=(138)
fn=(428)
33 1
fi=(99)
+24 3
-1 2
+4 3
+14 2
+3 2
+8 2
+8 2
+3 5
fe=(138)

fl=(224) ./stdlib/./stdlib/strtod_l.c
fn=(1620) ____strtod_l_internal
508 6036
+45 3018
-45 30180
+53 9054
+26 3018
-24 6036
+32 6036
+1 6036
cob=(4)
cfi=(175)
cfn=(820)
calls=3018 0 
* 48288
+1 6036
-1 3018
+1 3018
+14 3018
-4 3018
-6 3018
+10 6036
-1 12072
+1 6036
+3 6036
-12 3018
+17 6036
+13 18108
+1 6036
+8 9054
+91 6036
-43 6036
+19 6036
+67 9054
+1 6036
+12 6036
+16 12072
+42 6036
+9 24144
+1 6036
980 6036
+33 6036
+2 6036
877 580
1017 290
-2 580
+2 50
-2 390
+3 290
+2 870
+3 580
+19 8184
+1 2728
+5 6036
+9 2
+2 6
-2 4
+2 4
1770 33198
739 21126
+1 6036
-7 9054
862 9054
+1 3018
+1 3018
1068 8
+1 8
+3 10
+4 2
+1 2
+98 20
+2 2
-1 2
+1 4
+3 8
-5 30160
+2 3016
-1 3016
+1 6032
+3 12064
+12 6036
+3 6036
1357 15090
+18 9054
+3 3018
+13 3018
-13 21126
+8 6036
+10 18108
603 6036
1399 6036
+3 9054
-3 3018
+3 18108
+8 3018
-55 3018
+75 3018
-17 3018
-3 3018
+20 3018
-16 3018
-4 6036
-56 3018
+76 3018
-20 3018
-56 3018
-1 3018
+77 3018
-77 3018
+77 6036
-6 3018
+1 3018
fi=(228) ./stdlib/../string/bits/string_fortified.h
29 6036
fe=(224)
1425 3018
fi=(228)
29 3018
cob=(4)
cfi=(175)
cfn=(1622) 0x0000000004c106f0
calls=3018 -29 
* 66396
fe=(224)
1440 6251
+1 6251
+2 12502
-26 18024
+7 5779
+1 5779
-5 5779
+2 11558
+8 16566
cfi=(226)
cfn=(1630)
calls=2761 48 
* 179465
+4 5522
+1 5522
+1 5522
+4 2761
+1 2761
-4 8283
+6 5522
+2 15090
+4 27162
cfn=(1636) str_to_mpn.isra.0
calls=3018 365 
* 327526
+17 6036
+2 3018
-2 3018
+2 3018
-2 6036
+2 6036
+17 6036
+2 6036
1042 870
+1 290
+2 580
689 9054
514 3018
708 9054
514 6036
710 6036
-1 9054
+24 9054
-1 3018
+2 3018
-2 3018
+2 15090
882 15090
1081 6032
-9 6032
739 12072
+8 6036
1494 3018
+1 3018
+1 18108
+42 3018
-38 18108
+38 6036
+6 3018
-1 3018
-1 6036
+2 3018
-2 3018
+1 3018
-1 15090
cfn=(1640) round_and_return
calls=3018 215 
* 252517
* 9054
-4 57342
+2 9054
-68 15090
cfi=(229)
cfn=(1638)
calls=3018 28 
* 48288
+1 18108
cfi=(229)
cfn=(1638)
calls=3018 28 
* 48288
+1 6036
-83 3018
+5 6036
fi=(228)
29 2761
fe=(224)
1446 2761
fi=(228)
29 11044
cob=(4)
cfi=(175)
cfn=(1622)
calls=2761 -29 
* 60742
* 5522
fe=(224)
864 6036
+1 6036
+9 6036
+6 9054
+1 6036
-16 12072
+3 33200
+1 3020
-1 3020
+1 12080
+2 3020
-6 3020
-1 3020
+1 6040
+6 12070
-6 12070
-1 12070
+1 30176
+5 6036

fn=(1636)
365 30180
+13 3018
+1 18108
-4 3018
-1 6036
+52 14748
+1 29496
-14 58992
+3 6032
+7 3016
+3 9048
+3 6032
-3 23464
+3 23464
-47 29496
+49 12072
+7 9054
+2 9054
+2 3018
+1 3018
+15 27162

fn=(1640)
215 48288
fi=(230) ./stdlib/../sysdeps/generic/get-rounding-mode.h
94 3018
+1 27162
fe=(224)
218 6036
fi=(231) ./stdlib/../include/rounding-mode.h
46 15085
fe=(224)
355 1469
-3 2938
+3 4407
-3 3096
+3 4647
+1 3018
-1 6036
+1 18108
-1 3018
cfi=(233)
cfn=(1648)
calls=3018 29 
* 48288
-42 6036
-80 3018
+83 3018
-90 3018
+90 3018
+4 6036
-1 6041
fi=(231)
46 5
fe=(224)
355 1548
-5 4646
fi=(232) ./stdlib/../stdlib/gmp.h
453 1548
fe=(224)
328 1548
fi=(232)
454 1548
fe=(224)
328 1548
+22 3096
-12 3096
fi=(231)
52 9132
fe=(224)
355 3

fn=(1618) strtod_l
1782 6036
+1 6036
cfn=(1620)
calls=3018 508 
* 2407550

fl=(270)
fn=(2262)
77 1
+3 3
+2 1
+2 2
-7 4
+11 2
+91 1
+3 1
+2 1
+3 1
-63 1
+66 3
-93 2
+11 4
+4 1
+3 2
-71 1
+1 7
+1 1
+84 3
+1 2

ob=(7)
fl=(185)
fn=(700)
0 7
cob=(4)
cfi=(175)
cfn=(704) 0x00000000048f5500
calls=1 0 
0 1852

fn=(838) std::__cxx11::numpunct<wchar_t>::_M_initialize_numpunct(__locale_struct*)
0 353

fn=(850) std::__cxx11::moneypunct<wchar_t, true>::_M_initialize_moneypunct(__locale_struct*, char const*)
0 109

fn=(870) 0x00000000000ed260
0 25
cob=(4)
cfi=(175)
cfn=(872) 0x00000000048f5750
calls=1 0 
0 1354
0 8
cob=(4)
cfi=(175)
cfn=(726) 0x00000000048f5800
calls=1 0 
0 17
0 7
cob=(4)
cfi=(175)
cfn=(684) 0x00000000048f73c0
calls=1 0 
0 25
0 7
cob=(4)
cfi=(175)
cfn=(726)
calls=1 0 
0 17
0 13
cob=(4)
cfi=(175)
cfn=(890) 0x00000000048f4a50
calls=1 0 
0 1199
0 7
cob=(4)
cfi=(175)
cfn=(726)
calls=1 0 
0 17
0 13
cob=(4)
cfi=(175)
cfn=(902) 0x00000000048f8050
calls=1 0 
0 1140
0 7
cob=(4)
cfi=(175)
cfn=(726)
calls=1 0 
0 17
0 12
cob=(4)
cfi=(175)
cfn=(726)
calls=1 0 
0 17
0 12
cob=(4)
cfi=(175)
cfn=(726)
calls=1 0 
0 17
0 12
cob=(4)
cfi=(175)
cfn=(726)
calls=1 0 
0 17
0 6
cob=(4)
cfi=(175)
cfn=(926) 0x00000000048f8510
calls=1 0 
0 771
0 7
cob=(4)
cfi=(175)
cfn=(726)
calls=1 0 
0 17
0 16
cob=(4)
cfi=(175)
cfn=(938) 0x00000000048f60a0
calls=1 0 
0 1298
0 7
cob=(4)
cfi=(175)
cfn=(726)
calls=1 0 
0 17
0 7
cob=(4)
cfi=(175)
cfn=(684)
calls=1 0 
0 25
0 7
cob=(4)
cfi=(175)
cfn=(726)
calls=1 0 
0 17
0 13
cob=(4)
cfi=(175)
cfn=(956) 0x00000000048f66f0
calls=1 0 
0 1150
0 7
cob=(4)
cfi=(175)
cfn=(726)
calls=1 0 
0 17
0 13
cob=(4)
cfi=(175)
cfn=(968) 0x00000000048f7280
calls=1 0 
0 1126
0 7
cob=(4)
cfi=(175)
cfn=(726)
calls=1 0 
0 17
0 12
cob=(4)
cfi=(175)
cfn=(726)
calls=1 0 
0 17
0 12
cob=(4)
cfi=(175)
cfn=(726)
calls=1 0 
0 17
0 12
cob=(4)
cfi=(175)
cfn=(726)
calls=1 0 
0 17
0 6
cob=(4)
cfi=(175)
cfn=(992) 0x00000000048f6c70
calls=1 0 
0 771
0 6
cob=(4)
cfi=(175)
cfn=(726)
calls=1 0 
0 17
0 4
cob=(4)
cfi=(175)
cfn=(726)
calls=1 0 
0 8
0 4
cob=(4)
cfi=(175)
cfn=(726)
calls=1 0 
0 8
0 5
cob=(4)
cfi=(175)
cfn=(726)
calls=1 0 
0 8
0 5
cob=(4)
cfi=(175)
cfn=(726)
calls=1 0 
0 8
0 4
cob=(4)
cfi=(175)
cfn=(726)
calls=1 0 
0 8
0 5
cob=(4)
cfi=(175)
cfn=(726)
calls=1 0 
0 8
0 10

fn=(1106)
0 4
cob=(4)
cfi=(175)
cfn=(1108) 0x00000000048f5560
calls=1 0 
0 750
0 4

fn=(1112) std::future_category()
0 3

fn=(1204)
0 10
cob=(4)
cfi=(175)
cfn=(1076) 0x00000000048f5620
calls=1 0 
0 78
0 7
cob=(4)
cfi=(175)
cfn=(1076)
calls=1 0 
0 78

fn=(1208)
0 34

fn=(1296)
0 10
cob=(4)
cfi=(175)
cfn=(1076)
calls=1 0 
0 78
0 4
cob=(4)
cfi=(175)
cfn=(1076)
calls=1 0 
0 78
0 7
cob=(4)
cfi=(175)
cfn=(1076)
calls=1 0 
0 78

fn=(1348) std::__basic_file<char>::__basic_file(pthread_mutex_t*)
0 24

fn=(1356) std::__basic_file<char>::sys_open(_IO_FILE*, std::_Ios_Openmode)
0 60
cob=(4)
cfi=(175)
cfn=(1358) 0x00000000048f74f0
calls=6 0 
0 819
0 30
cob=(4)
cfi=(175)
cfn=(1364) 0x00000000048f6e50
calls=6 0 
0 956
0 36
cob=(4)
cfi=(175)
cfn=(1370) 0x00000000048f84b0
calls=6 0 
0 1186
0 72

fn=(1412) std::basic_ios<char, std::char_traits<char> >::clear(std::_Ios_Iostate)
0 267036

fn=(1452)
0 25
cob=(4)
cfi=(175)
cfn=(1944) 0x00000000048f68a0
calls=1 0 
0 231
0 2
cob=(4)
cfi=(175)
cfn=(1944)
calls=1 0 
0 206
0 2
cob=(4)
cfi=(175)
cfn=(1944)
calls=1 0 
0 73
0 2
cob=(4)
cfi=(175)
cfn=(2348) 0x00000000048f7980
calls=1 0 
0 1873
0 2
cob=(4)
cfi=(175)
cfn=(2348)
calls=1 0 
0 206
0 2
cob=(4)
cfi=(175)
cfn=(2348)
calls=1 0 
0 73
0 2

fn=(1480) std::chrono::_V2::steady_clock::now()
0 18
cob=(4)
cfi=(175)
cfn=(1482) 0x00000000048f4c30
calls=2 0 
0 895
0 14

fn=(1498) std::istream::sentry::sentry(std::istream&, bool)
0 190435
cfn=(1500) std::basic_filebuf<char, std::char_traits<char> >::underflow()
calls=1 0 
0 3262
0 9

fn=(1602) std::string::push_back(char)
0 217296

fn=(1952) std::basic_filebuf<char, std::char_traits<char> >::xsputn(char const*, long)
0 162928
cfn=(1502) std::codecvt<char, char, __mbstate_t>::do_always_noconv() const
calls=9584 0 
0 28752
0 124635
cob=(4)
cfi=(175)
cfn=(2216) 0x00000000048f7e70
calls=5 0 
0 1968
0 86281
cob=(4)
cfi=(175)
cfn=(1954) 0x00000000048f6a10
calls=9579 0 
0 583405
0 85

fn=(2332)
0 2

fn=(812) std::ctype<wchar_t>::_M_convert_to_wmask(unsigned short) const
0 88
cob=(4)
cfi=(175)
cfn=(814) 0x00000000048f5580
calls=1 0 
0 505
0 24
cob=(4)
cfi=(175)
cfn=(814)
calls=1 0 
0 395
0 3
cob=(4)
cfi=(175)
cfn=(814)
calls=1 0 
0 560
0 9
cob=(4)
cfi=(175)
cfn=(814)
calls=1 0 
0 205
0 3
cob=(4)
cfi=(175)
cfn=(814)
calls=1 0 
0 150
0 3
cob=(4)
cfi=(175)
cfn=(814)
calls=1 0 
0 890
0 3
cob=(4)
cfi=(175)
cfn=(814)
calls=1 0 
0 260
0 7
cob=(4)
cfi=(175)
cfn=(814)
calls=1 0 
0 340
0 3
cob=(4)
cfi=(175)
cfn=(814)
calls=1 0 
0 195
0 3
cob=(4)
cfi=(175)
cfn=(814)
calls=1 0 
0 615

fn=(1090)
0 10
cob=(4)
cfi=(175)
cfn=(1092) 0x00000000048f60c0
calls=1 0 
0 756
0 7
cob=(4)
cfi=(175)
cfn=(1076)
calls=1 0 
0 78
0 3
cob=(4)
cfi=(175)
cfn=(1092)
calls=1 0 
0 7
0 9
cob=(4)
cfi=(175)
cfn=(1076)
calls=1 0 
0 78

fn=(1334) std::ios_base::sync_with_stdio(bool)
0 33
cob=(4)
cfi=(175)
cfn=(636) 0x00000000048f7040
calls=1 0 
0 28
0 6
cob=(4)
cfi=(175)
cfn=(1050) 0x00000000048f6ea0
calls=1 0 
0 14
0 3
cob=(4)
cfi=(175)
cfn=(1050)
calls=1 0 
0 14
0 3
cob=(4)
cfi=(175)
cfn=(1050)
calls=1 0 
0 14
0 5
cob=(4)
cfi=(175)
cfn=(1050)
calls=1 0 
0 14
0 3
cob=(4)
cfi=(175)
cfn=(1050)
calls=1 0 
0 14
0 3
cob=(4)
cfi=(175)
cfn=(1050)
calls=1 0 
0 14
0 6
cfn=(1336) 0x0000000000128850
calls=1 0 
0 7221
0 7
cfn=(1336)
calls=1 0 
0 483
0 7
cfn=(1336)
calls=1 0 
0 483
0 4
cob=(4)
cfi=(175)
cfn=(1402) 0x00000000048f7a90
calls=1 0 
0 1976
0 4
cob=(4)
cfi=(175)
cfn=(1402)
calls=1 0 
0 24
0 4
cob=(4)
cfi=(175)
cfn=(1402)
calls=1 0 
0 24
0 4
cob=(4)
cfi=(175)
cfn=(1402)
calls=1 0 
0 24
0 7
cfn=(1414) 0x0000000000128a50
calls=1 0 
0 2386
0 7
cfn=(1414)
calls=1 0 
0 643
0 7
cfn=(1414)
calls=1 0 
0 494
0 4
cob=(4)
cfi=(175)
cfn=(1438) 0x00000000048f6ee0
calls=1 0 
0 1952
0 4
cob=(4)
cfi=(175)
cfn=(1438)
calls=1 0 
0 24
0 4
cob=(4)
cfi=(175)
cfn=(1438)
calls=1 0 
0 24
0 4
cob=(4)
cfi=(175)
cfn=(1438)
calls=1 0 
0 24
0 2
cob=(4)
cfi=(175)
cfn=(1450) 0x00000000048f4320
calls=1 0 
0 13
0 1

fn=(1434) std::basic_filebuf<wchar_t, std::char_traits<wchar_t> >::_M_allocate_internal_buffer()
0 48
cob=(4)
cfi=(175)
cfn=(1392) 0x00000000048f42a0
calls=3 0 
0 752
0 15

fn=(1460) std::_Rb_tree_insert_and_rebalance(bool, std::_Rb_tree_node_base*, std::_Rb_tree_node_base*, std::_Rb_tree_node_base&)
0 530

fn=(1492) std::istream::operator>>(int&)
0 70
cob=(4)
cfi=(175)
cfn=(1494) 0x00000000048f7ab0
calls=5 0 
0 4288
0 125
cfn=(1528) std::num_get<char, std::istreambuf_iterator<char, std::char_traits<char> > >::do_get(std::istreambuf_iterator<char, std::char_traits<char> >, std::istreambuf_iterator<char, std::char_traits<char> >, std::ios_base&, std::_Ios_Iostate&, long&) const
calls=5 0 
0 3129
0 100

fn=(1596) std::num_get<char, std::istreambuf_iterator<char, std::char_traits<char> > >::_M_extract_float(std::istreambuf_iterator<char, std::char_traits<char> >, std::istreambuf_iterator<char, std::char_traits<char> >, std::ios_base&, std::_Ios_Iostate&, std::string&) const
0 60360
cfn=(1536) 0x0000000000142070
calls=3018 0 
0 90540
0 21126
cfn=(1542) 0x0000000000147b90
calls=3018 0 
0 108648
0 24144
cfn=(1560) 0x000000000013eae0
calls=3018 0 
0 39234
0 54324
cfn=(1552) 0x00000000001164e0
calls=3018 0 
0 57342
0 99594
cfn=(1604) 0x000000000013e850
calls=3018 0 
0 18108
0 21126
cfn=(1542)
calls=3018 0 
0 108648
0 18108
cfn=(1552)
calls=3018 0 
0 57342
0 33198
cob=(4)
cfi=(175)
cfn=(1598) 0x00000000048f6ed0
calls=3018 0 
0 115370
0 829956
cfn=(1500)
calls=2 0 
0 248
0 81492
cob=(4)
cfi=(175)
cfn=(1598)
calls=3018 0 
0 114684
0 57342

fn=(1690) std::_Rb_tree_increment(std::_Rb_tree_node_base const*)
0 54

fn=(1728) std::__detail::_Prime_rehash_policy::_M_next_bkt(unsigned long) const
0 5855

fn=(1880) std::ostream& std::ostream::_M_insert<long>(long)
0 324156
cob=(4)
cfi=(175)
cfn=(1882) 0x00000000048f8360
calls=19068 0 
0 458346
0 400428
cfn=(1888) std::num_put<char, std::ostreambuf_iterator<char, std::char_traits<char> > >::do_put(std::ostreambuf_iterator<char, std::char_traits<char> >, std::ios_base&, char, long) const
calls=19068 0 
0 4590121
0 381360

fn=(1982) std::basic_filebuf<char, std::char_traits<char> >::_M_convert_to_external(char*, long)
0 4883
cfn=(1502)
calls=257 0 
0 771
0 1542
cob=(4)
cfi=(175)
cfn=(1984) 0x00000000048f5bb0
calls=257 0 
0 15206
0 3341

fn=(2328)
0 2

fn=(2124) std::num_put<char, std::ostreambuf_iterator<char, std::char_traits<char> > >::do_put(std::ostreambuf_iterator<char, std::char_traits<char> >, std::ios_base&, char, double) const
0 16
cob=(4)
cfi=(175)
cfn=(2126) 0x00000000048f6560
calls=4 0 
0 15022

fn=(2130) std::ostreambuf_iterator<char, std::char_traits<char> > std::num_put<char, std::ostreambuf_iterator<char, std::char_traits<char> > >::_M_insert_float<double>(std::ostreambuf_iterator<char, std::char_traits<char> >, std::ios_base&, char, char, double) const
0 80
cfn=(1536)
calls=4 0 
0 120
0 44
cob=(4)
cfi=(175)
cfn=(2132) 0x00000000048f61d0
calls=4 0 
0 991
0 52
cob=(4)
cfi=(175)
cfn=(684)
calls=4 0 
0 100
0 44
cfn=(2138) 0x000000000010d1d0
calls=4 0 
0 10700
0 20
cob=(4)
cfi=(175)
cfn=(726)
calls=4 0 
0 32
0 132
cob=(4)
cfi=(175)
cfn=(2196) 0x00000000048f4bd0
calls=4 0 
0 913
0 104
cfn=(1902) std::basic_streambuf<char, std::char_traits<char> >::xsputn(char const*, long)
calls=4 0 
0 228
0 96
cob=(4)
cfi=(175)
cfn=(1928) 0x00000000048f8260
calls=4 0 
0 60
0 16

fn=(688) std::locale::facet::_S_get_c_locale()
0 24288
cob=(4)
cfi=(175)
cfn=(690) 0x00000000048f5790
calls=3036 0 
0 27264
0 21252

fn=(708) std::locale::facet::_S_create_c_locale(__locale_struct*&, char const*, __locale_struct*)
0 8
cob=(4)
cfi=(175)
cfn=(710) 0x00000000048f6490
calls=1 0 
0 861
0 6

fn=(748) std::__cxx11::moneypunct<char, false>::_M_initialize_moneypunct(__locale_struct*, char const*)
0 114

fn=(1036) std::basic_ios<char, std::char_traits<char> >::init(std::basic_streambuf<char, std::char_traits<char> >*)
0 152608
cob=(4)
cfi=(175)
cfn=(1038) 0x00000000048f7780
calls=19076 0 
0 1928813
0 57228
cob=(4)
cfi=(175)
cfn=(1056) 0x00000000048f7920
calls=19076 0 
0 1107398
0 247988

fn=(1104)
0 3

fn=(1172)
0 78

fn=(1302)
0 5
cob=(4)
cfi=(175)
cfn=(1076)
calls=1 0 
0 78

fn=(1362) std::__basic_file<char>::is_open() const
0 48

fn=(1500)
0 99
cfn=(1502)
calls=3 0 
0 9
0 54
cob=(4)
cfi=(175)
cfn=(1504) 0x00000000048f6010
calls=3 0 
0 3297
0 51

fn=(1514) std::__basic_file<char>::fd()
0 795
cob=(4)
cfi=(175)
cfn=(1516) 0x00000000048f45c0
calls=265 0 
0 3201

fn=(1536)
0 198855
cob=(4)
cfi=(175)
cfn=(726)
calls=22095 0 
0 176760
0 287235

fn=(1902)
0 824487
cob=(4)
cfi=(175)
cfn=(1928)
calls=24752 0 
0 449022
0 359464
cfn=(1958) std::basic_filebuf<char, std::char_traits<char> >::overflow(int)
calls=2 0 
0 106
cob=(8)
cfi=(211)
cfn=(1904) boost::io::basic_altstringbuf<char, std::char_traits<char>, std::allocator<char> >::overflow(int)
calls=3905 0 
0 460790
0 19535

fn=(1964) std::uncaught_exception()
0 1108
cob=(4)
cfi=(175)
cfn=(1966) 0x00000000048f6e80
calls=277 0 
0 8259
0 1385

fn=(2324)
0 2

fn=(2344) std::error_category::~error_category()
0 4

fn=(2358) std::basic_ostream<wchar_t, std::char_traits<wchar_t> >::sentry::sentry(std::basic_ostream<wchar_t, std::char_traits<wchar_t> >&)
0 48
cob=(4)
cfi=(175)
cfn=(2349) 0x00000000048f7980'2
calls=1 0 
0 73
0 27

fn=(2359) std::basic_ostream<wchar_t, std::char_traits<wchar_t> >::sentry::sentry(std::basic_ostream<wchar_t, std::char_traits<wchar_t> >&)'2
0 22

fn=(682) std::ctype<char>::ctype(unsigned short const*, bool, unsigned long)
0 18
cob=(4)
cfi=(175)
cfn=(684)
calls=1 0 
0 3832
0 103

fn=(730) std::locale::id::_M_id() const
0 523734

fn=(832) std::codecvt<wchar_t, char, __mbstate_t>::codecvt(unsigned long)
0 14
cob=(4)
cfi=(175)
cfn=(684)
calls=1 0 
0 25
0 5

fn=(1084)
0 12

fn=(1116)
0 23
cob=(4)
cfi=(175)
cfn=(1118) 0x00000000048f5cb0
calls=1 0 
0 1416
0 27
cob=(4)
cfi=(175)
cfn=(1136) 0x00000000048f5210
calls=1 0 
0 2719
0 8

fn=(1328) operator new(unsigned long)
0 199552078
cob=(4)
cfi=(175)
cfn=(1136)
calls=18141098 0 
0 2008163374
0 90705490

fn=(1336)
0 45
cob=(4)
cfi=(175)
cfn=(1338) 0x00000000048f4d40
calls=3 0 
0 1999
0 21
cob=(4)
cfi=(175)
cfn=(1352) 0x00000000048f5c50
calls=3 0 
0 3765
0 6
cob=(4)
cfi=(175)
cfn=(1358)
calls=3 0 
0 18
0 18
cob=(4)
cfi=(175)
cfn=(1386) 0x00000000048f4dc0
calls=3 0 
0 2261
0 54

fn=(1406) std::basic_ios<char, std::char_traits<char> >::rdbuf(std::basic_streambuf<char, std::char_traits<char> >*)
0 36
cob=(4)
cfi=(175)
cfn=(1408) 0x00000000048f7e20
calls=4 0 
0 974
0 16

fn=(1414)
0 45
cob=(4)
cfi=(175)
cfn=(1416) 0x00000000048f6c80
calls=3 0 
0 1165
0 21
cob=(4)
cfi=(175)
cfn=(1352)
calls=3 0 
0 345
0 6
cob=(4)
cfi=(175)
cfn=(1358)
calls=3 0 
0 18
0 18
cob=(4)
cfi=(175)
cfn=(1430) 0x00000000048f8130
calls=3 0 
0 1851
0 54

fn=(1534) std::istreambuf_iterator<char, std::char_traits<char> > std::num_get<char, std::istreambuf_iterator<char, std::char_traits<char> > >::_M_extract_int<long>(std::istreambuf_iterator<char, std::char_traits<char> >, std::istreambuf_iterator<char, std::char_traits<char> >, std::ios_base&, std::_Ios_Iostate&, long&) const
0 115
cfn=(1536)
calls=5 0 
0 150
0 75
cfn=(1542)
calls=5 0 
0 180
0 45
cfn=(1552)
calls=5 0 
0 95
0 948
cfn=(1560)
calls=5 0 
0 65
0 130

fn=(1920) std::ios_base::_M_call_callbacks(std::ios_base::event)
0 305152

fn=(1926) std::ios_base::_M_dispose_callbacks()
0 343296

fn=(634)
0 8
cob=(4)
cfi=(175)
cfn=(636)
calls=1 0 
0 84606
0 7
cob=(4)
cfi=(175)
cfn=(1076)
calls=1 0 
0 1024

fn=(2202) std::_Rb_tree_increment(std::_Rb_tree_node_base*)
0 36

fn=(2360) std::basic_filebuf<wchar_t, std::char_traits<wchar_t> >::sync()
0 30

fn=(676) std::locale::facet::_S_get_c_name()
0 21

fn=(724) std::locale::_Impl::_M_install_facet(std::locale::id const*, std::locale::facet const*)
0 480
cob=(4)
cfi=(175)
cfn=(726)
calls=32 0 
0 1263
0 11712

fn=(766) std::__timepunct<char>::_M_initialize_timepunct(__locale_struct*)
0 13
cob=(4)
cfi=(175)
cfn=(684)
calls=1 0 
0 25
0 119

fn=(772) std::__cxx11::messages<char>::messages(unsigned long)
0 14
cob=(4)
cfi=(175)
cfn=(684)
calls=1 0 
0 25
0 2
cob=(4)
cfi=(175)
cfn=(672) 0x00000000048f53e0
calls=1 0 
0 5
0 5

fn=(784) std::ctype<wchar_t>::_M_initialize_ctype()
0 11
cob=(4)
cfi=(175)
cfn=(786) 0x00000000048f7000
calls=1 0 
0 843
0 770
cob=(4)
cfi=(175)
cfn=(792) 0x00000000048f6040
calls=128 0 
0 4363
0 262
cob=(4)
cfi=(175)
cfn=(798) 0x00000000048f7b80
calls=1 0 
0 812
0 510
cob=(4)
cfi=(175)
cfn=(798)
calls=255 0 
0 11618
0 1086
cob=(4)
cfi=(175)
cfn=(808) 0x00000000048f5f00
calls=8 0 
0 3359
0 72
cob=(4)
cfi=(175)
cfn=(808)
calls=4 0 
0 1745
0 23
cob=(4)
cfi=(175)
cfn=(786)
calls=1 0 
0 24
0 2

fn=(856) std::__timepunct<wchar_t>::__timepunct(std::__timepunct_cache<wchar_t>*, unsigned long)
0 16
cob=(4)
cfi=(175)
cfn=(672)
calls=1 0 
0 5
0 4
cob=(4)
cfi=(175)
cfn=(858) 0x00000000048f6300
calls=1 0 
0 1223
0 4

fn=(868) std::__cxx11::messages<wchar_t>::messages(unsigned long)
0 14
cob=(4)
cfi=(175)
cfn=(684)
calls=1 0 
0 25
0 2
cob=(4)
cfi=(175)
cfn=(672)
calls=1 0 
0 5
0 5

fn=(906) std::moneypunct<char, true>::_M_initialize_moneypunct(__locale_struct*, char const*)
0 115

fn=(960) std::moneypunct<wchar_t, false>::_M_initialize_moneypunct(__locale_struct*, char const*)
0 109

fn=(1042) std::ios_base::_M_init()
0 286200
cob=(4)
cfi=(175)
cfn=(650) 0x00000000048f58d0
calls=19080 0 
0 610560
0 57240
cob=(4)
cfi=(175)
cfn=(1044) 0x00000000048f69c0
calls=19080 0 
0 477699
0 38160
cob=(4)
cfi=(175)
cfn=(1050)
calls=19080 0 
0 267831
0 152640

fn=(1096) std::error_category::error_category()
0 10

fn=(1198)
0 48

fn=(1390) std::basic_filebuf<char, std::char_traits<char> >::_M_allocate_internal_buffer()
0 45
cob=(4)
cfi=(175)
cfn=(1392)
calls=3 0 
0 1195
0 9

fn=(1442) std::basic_ios<wchar_t, std::char_traits<wchar_t> >::rdbuf(std::basic_streambuf<wchar_t, std::char_traits<wchar_t> >*)
0 36
cob=(4)
cfi=(175)
cfn=(1444) 0x00000000048f6780
calls=4 0 
0 974
0 16

fn=(1502)
0 29532

fn=(1578) std::string::reserve(unsigned long)
0 57342
cob=(4)
cfi=(175)
cfn=(1580) 0x00000000048f66c0
calls=3018 0 
0 360799
0 39234

fn=(1590) std::string::_Rep::_S_create(unsigned long, unsigned long, std::allocator<char> const&)
0 57342
cob=(4)
cfi=(175)
cfn=(1396) 0x00000000048f4cc0
calls=3018 0 
0 196315
0 15090

fn=(1654) std::string::_Rep::_M_destroy(std::allocator<char> const&)
0 6036
cob=(4)
cfi=(175)
cfn=(1656) 0x00000000048f5430
calls=3018 0 
0 276115

fn=(1682) operator delete(void*, unsigned long)
0 36276148
cob=(4)
cfi=(175)
cfn=(1656)
calls=18138074 0 
0 2174361556

fn=(1722) std::__detail::_Prime_rehash_policy::_M_need_rehash(unsigned long, unsigned long, unsigned long) const
0 1369422
cob=(4)
cfi=(175)
cfn=(1724) 0x00000000048f5610
calls=52 0 
0 6906
0 416

fn=(1914) std::ios_base::~ios_base()
0 209792
cob=(4)
cfi=(175)
cfn=(1916) 0x00000000048f64d0
calls=19072 0 
0 344181
0 38144
cob=(4)
cfi=(175)
cfn=(1922) 0x00000000048f4870
calls=19072 0 
0 382325
0 152576
cob=(4)
cfi=(175)
cfn=(1050)
calls=19072 0 
0 267008

fn=(1998) std::ostream::put(char)
0 225
cob=(4)
cfi=(175)
cfn=(1882)
calls=15 0 
0 1590
0 255
cob=(4)
cfi=(175)
cfn=(1960) 0x00000000048f5970
calls=15 0 
0 525
0 255
cfn=(1950) std::basic_filebuf<char, std::char_traits<char> >::sync()
calls=15 0 
0 2460
0 30

fn=(2334)
0 2

fn=(2346)
0 4
cob=(4)
cfi=(175)
cfn=(2340) 0x00000000048f6320
calls=1 0 
0 4

fn=(2352) std::basic_ostream<wchar_t, std::char_traits<wchar_t> >::flush()
0 51
cob=(4)
cfi=(175)
cfn=(2354) 0x00000000048f6340
calls=3 0 
0 1076
0 21
cfn=(2360)
calls=3 0 
0 18
0 52
cob=(4)
cfi=(175)
cfn=(1960)
calls=1 0 
0 35
0 7
cfn=(2360)
calls=1 0 
0 6
0 2

fn=(2353) std::basic_ostream<wchar_t, std::char_traits<wchar_t> >::flush()'2
0 17
cob=(4)
cfi=(175)
cfn=(2355) 0x00000000048f6340'2
calls=1 0 
0 24
0 7
cfn=(2360)
calls=1 0 
0 6
0 17

fn=(736) std::codecvt<char, char, __mbstate_t>::codecvt(unsigned long)
0 14
cob=(4)
cfi=(175)
cfn=(684)
calls=1 0 
0 25
0 5

fn=(754) std::__cxx11::moneypunct<char, true>::_M_initialize_moneypunct(__locale_struct*, char const*)
0 115

fn=(930) std::messages<char>::messages(unsigned long)
0 14
cob=(4)
cfi=(175)
cfn=(684)
calls=1 0 
0 25
0 2
cob=(4)
cfi=(175)
cfn=(672)
calls=1 0 
0 5
0 5

fn=(1030) std::ios_base::ios_base()
0 1144800
cob=(4)
cfi=(175)
cfn=(650)
calls=19080 0 
0 610560

fn=(1202)
0 5
cob=(4)
cfi=(175)
cfn=(1076)
calls=1 0 
0 78

fn=(1448) std::basic_ios<wchar_t, std::char_traits<wchar_t> >::clear(std::_Ios_Iostate)
0 28

fn=(1552)
0 114779

fn=(1560)
0 39299

fn=(1584) std::string::_Rep::_M_clone(std::allocator<char> const&, unsigned long)
0 33198
cob=(4)
cfi=(175)
cfn=(1586) 0x00000000048f4610
calls=3018 0 
0 275537
0 45270

fn=(1612) void std::__convert_to_v<double>(char const*, double&, std::_Ios_Iostate&, __locale_struct* const&)
0 45270
cob=(4)
cfi=(175)
cfn=(1614) 0x00000000048f7330
calls=3018 0 
0 2426547
0 63378

fn=(1886) std::ostream::sentry::sentry(std::ostream&)
0 403302
cob=(4)
cfi=(175)
cfn=(1945) 0x00000000048f68a0'2
calls=1 0 
0 73
cob=(4)
cfi=(175)
cfn=(1944)
calls=275 0 
0 20761
0 230340

fn=(1887) std::ostream::sentry::sentry(std::ostream&)'2
0 6072

fn=(1894) std::ostreambuf_iterator<char, std::char_traits<char> > std::num_put<char, std::ostreambuf_iterator<char, std::char_traits<char> > >::_M_insert_int<long>(std::ostreambuf_iterator<char, std::char_traits<char> >, std::ios_base&, char, long) const
0 362292
cfn=(1536)
calls=19068 0 
0 572040
0 413430
cfn=(1896) 0x0000000000146900
calls=1182 0 
0 31914
0 143088
cfn=(1896)
calls=17886 0 
0 581916
0 533904
cfn=(1902)
calls=19068 0 
0 1549919
0 305088

fn=(1958)
0 6206
cob=(4)
cfi=(175)
cfn=(1978) 0x00000000048f8090
calls=257 0 
0 27255
0 7521

fn=(1970) __cxa_get_globals
0 1385
cob=(4)
cfi=(175)
cfn=(1972) 0x00000000048f6140
calls=277 0 
0 4794
0 831

fn=(2330)
0 2

fn=(2122) std::ostream& std::ostream::_M_insert<double>(double)
0 68
cob=(4)
cfi=(175)
cfn=(1882)
calls=4 0 
0 96
0 84
cfn=(2124)
calls=4 0 
0 15038
0 80

fn=(2136) std::__num_base::_S_format_float(std::ios_base const&, char*, char)
0 92

fn=(2138)
0 112
cob=(4)
cfi=(175)
cfn=(786)
calls=4 0 
0 96
0 48
cob=(4)
cfi=(175)
cfn=(2144) 0x00000000048f6c90
calls=4 0 
0 10292
0 12
cob=(4)
cfi=(175)
cfn=(786)
calls=4 0 
0 96
0 44

fn=(656) 0x00000000000e98b0
0 12
cob=(4)
cfi=(175)
cfn=(666) 0x00000000048f5410
calls=1 0 
0 72921
0 9
cob=(4)
cfi=(175)
cfn=(1018) 0x00000000048f4780
calls=1 0 
0 744
0 399096

fn=(760) std::__timepunct<char>::__timepunct(std::__timepunct_cache<char>*, unsigned long)
0 16
cob=(4)
cfi=(175)
cfn=(672)
calls=1 0 
0 5
0 4
cob=(4)
cfi=(175)
cfn=(762) 0x00000000048f6ec0
calls=1 0 
0 1126
0 4

fn=(942) std::numpunct<wchar_t>::_M_initialize_numpunct(__locale_struct*)
0 353

fn=(1022) std::locale::locale(std::locale::_Impl*)
0 3

fn=(1072) std::basic_ios<wchar_t, std::char_traits<wchar_t> >::_M_cache_locale(std::locale const&)
0 36
cob=(4)
cfi=(175)
cfn=(726)
calls=4 0 
0 32
0 28
cob=(4)
cfi=(175)
cfn=(726)
calls=4 0 
0 32
0 28
cob=(4)
cfi=(175)
cfn=(726)
calls=4 0 
0 32
0 36

fn=(1200)
0 5
cob=(4)
cfi=(175)
cfn=(1076)
calls=1 0 
0 78

fn=(1342) std::basic_filebuf<char, std::char_traits<char> >::basic_filebuf()
0 51
cob=(4)
cfi=(175)
cfn=(650)
calls=3 0 
0 96
0 30
cob=(4)
cfi=(175)
cfn=(1344) 0x00000000048f7f80
calls=3 0 
0 877
0 45
cob=(4)
cfi=(175)
cfn=(726)
calls=3 0 
0 24
0 24

fn=(1420) std::basic_filebuf<wchar_t, std::char_traits<wchar_t> >::basic_filebuf()
0 51
cob=(4)
cfi=(175)
cfn=(650)
calls=3 0 
0 96
0 30
cob=(4)
cfi=(175)
cfn=(1344)
calls=3 0 
0 18
0 54
cob=(4)
cfi=(175)
cfn=(726)
calls=3 0 
0 24
0 24

fn=(1508) std::__basic_file<char>::xsgetn(char*, long)
0 39
cob=(4)
cfi=(175)
cfn=(1510) 0x00000000048f50d0
calls=3 0 
0 1613
0 12
cob=(4)
cfi=(175)
cfn=(1522) 0x00000000048f51e0
calls=3 0 
0 814
0 30

fn=(1542)
0 217476

fn=(1570) std::istream& std::istream::_M_extract<double>(double&)
0 42252
cob=(4)
cfi=(175)
cfn=(1494)
calls=3018 0 
0 196170
0 72432
cfn=(1572) std::num_get<char, std::istreambuf_iterator<char, std::char_traits<char> > >::do_get(std::istreambuf_iterator<char, std::char_traits<char> >, std::istreambuf_iterator<char, std::char_traits<char> >, std::ios_base&, std::_Ios_Iostate&, double&) const
calls=3018 0 
0 5705868
0 42252

fn=(1572)
0 87522
cob=(4)
cfi=(175)
cfn=(1574) 0x00000000048f4c20
calls=3018 0 
0 464085
0 30180
cob=(4)
cfi=(175)
cfn=(1592) 0x00000000048f8380
calls=3018 0 
0 2018284
0 18108
cob=(4)
cfi=(175)
cfn=(684)
calls=3018 0 
0 75450
0 24144
cob=(4)
cfi=(175)
cfn=(1608) 0x00000000048f6660
calls=3018 0 
0 2542218
0 153918
cob=(4)
cfi=(175)
cfn=(1650) 0x00000000048f4a00
calls=3018 0 
0 288941
0 3018

fn=(1826) std::ctype<char>::_M_widen_init() const
0 741
cob=(4)
cfi=(175)
cfn=(1828) 0x00000000048f7620
calls=1 0 
0 855
0 13

fn=(1874) std::ostream::operator<<(int)
0 209748
cob=(4)
cfi=(175)
cfn=(1876) 0x00000000048f54c0
calls=19068 0 
0 6193265

fn=(1896)
0 613830

fn=(1948) std::ostream::flush()
0 4726
cob=(4)
cfi=(175)
cfn=(1882)
calls=18 0 
0 1744
cob=(4)
cfi=(175)
cfn=(1883) 0x00000000048f8360'2
calls=260 0 
0 6240
0 1946
cfn=(1950)
calls=278 0 
0 1826
0 4742
cob=(4)
cfi=(175)
cfn=(1960)
calls=16 0 
0 560
0 112
cfn=(1950)
calls=16 0 
0 96
0 32

fn=(1949) std::ostream::flush()'2
0 272
cob=(4)
cfi=(175)
cfn=(1883)
calls=16 0 
0 384
0 112
cfn=(1950)
calls=16 0 
0 96
0 272

fn=(2312)
0 9
cob=(4)
cfi=(175)
cfn=(2318) 0x00000000048f42b0
calls=1 0 
0 3876
0 1
cfn=(2364) 0x00000000000b7a30
calls=1 0 
0 5
0 3

fn=(2320)
0 5

fn=(2326)
0 2

fn=(2338)
0 4
cob=(4)
cfi=(175)
cfn=(2340)
calls=1 0 
0 769

fn=(2364)
0 5

fn=(670) std::locale::_Impl::_Impl(unsigned long)
0 142
cob=(4)
cfi=(175)
cfn=(672)
calls=1 0 
0 822
0 7
cob=(4)
cfi=(175)
cfn=(678) 0x00000000048f47a0
calls=1 0 
0 4662
0 4
cob=(4)
cfi=(175)
cfn=(720) 0x00000000048f60e0
calls=1 0 
0 2066
0 4
cob=(4)
cfi=(175)
cfn=(732) 0x00000000048f59e0
calls=1 0 
0 833
0 4
cob=(4)
cfi=(175)
cfn=(720)
calls=1 0 
0 400
0 24
cob=(4)
cfi=(175)
cfn=(738) 0x00000000048f7700
calls=1 0 
0 1426
0 4
cob=(4)
cfi=(175)
cfn=(720)
calls=1 0 
0 400
0 8
cob=(4)
cfi=(175)
cfn=(720)
calls=1 0 
0 400
0 8
cob=(4)
cfi=(175)
cfn=(720)
calls=1 0 
0 400
0 5
cob=(4)
cfi=(175)
cfn=(684)
calls=1 0 
0 25
0 5
cob=(4)
cfi=(175)
cfn=(720)
calls=1 0 
0 400
0 29
cob=(4)
cfi=(175)
cfn=(744) 0x00000000048f5e30
calls=1 0 
0 1187
0 4
cob=(4)
cfi=(175)
cfn=(720)
calls=1 0 
0 400
0 29
cob=(4)
cfi=(175)
cfn=(750) 0x00000000048f7530
calls=1 0 
0 1188
0 4
cob=(4)
cfi=(175)
cfn=(720)
calls=1 0 
0 400
0 8
cob=(4)
cfi=(175)
cfn=(720)
calls=1 0 
0 400
0 8
cob=(4)
cfi=(175)
cfn=(720)
calls=1 0 
0 400
0 35
cob=(4)
cfi=(175)
cfn=(756) 0x00000000048f6a00
calls=1 0 
0 2039
0 4
cob=(4)
cfi=(175)
cfn=(720)
calls=1 0 
0 400
0 8
cob=(4)
cfi=(175)
cfn=(720)
calls=1 0 
0 400
0 8
cob=(4)
cfi=(175)
cfn=(720)
calls=1 0 
0 400
0 4
cob=(4)
cfi=(175)
cfn=(768) 0x00000000048f4630
calls=1 0 
0 803
0 4
cob=(4)
cfi=(175)
cfn=(720)
calls=1 0 
0 400
0 4
cob=(4)
cfi=(175)
cfn=(774) 0x00000000048f4b70
calls=1 0 
0 27040
0 4
cob=(4)
cfi=(175)
cfn=(720)
calls=1 0 
0 400
0 4
cob=(4)
cfi=(175)
cfn=(828) 0x00000000048f55a0
calls=1 0 
0 833
0 4
cob=(4)
cfi=(175)
cfn=(720)
calls=1 0 
0 400
0 23
cob=(4)
cfi=(175)
cfn=(834) 0x00000000048f4c60
calls=1 0 
0 1338
0 4
cob=(4)
cfi=(175)
cfn=(720)
calls=1 0 
0 400
0 8
cob=(4)
cfi=(175)
cfn=(720)
calls=1 0 
0 400
0 8
cob=(4)
cfi=(175)
cfn=(720)
calls=1 0 
0 400
0 5
cob=(4)
cfi=(175)
cfn=(684)
calls=1 0 
0 25
0 18
cob=(4)
cfi=(175)
cfn=(720)
calls=1 0 
0 400
0 28
cob=(4)
cfi=(175)
cfn=(840) 0x00000000048f6d70
calls=1 0 
0 1198
0 4
cob=(4)
cfi=(175)
cfn=(720)
calls=1 0 
0 400
0 27
cob=(4)
cfi=(175)
cfn=(846) 0x00000000048f5060
calls=1 0 
0 1166
0 4
cob=(4)
cfi=(175)
cfn=(720)
calls=1 0 
0 400
0 8
cob=(4)
cfi=(175)
cfn=(720)
calls=1 0 
0 400
0 8
cob=(4)
cfi=(175)
cfn=(720)
calls=1 0 
0 400
0 35
cob=(4)
cfi=(175)
cfn=(852) 0x00000000048f73b0
calls=1 0 
0 2144
0 4
cob=(4)
cfi=(175)
cfn=(720)
calls=1 0 
0 400
0 8
cob=(4)
cfi=(175)
cfn=(720)
calls=1 0 
0 400
0 8
cob=(4)
cfi=(175)
cfn=(720)
calls=1 0 
0 400
0 4
cob=(4)
cfi=(175)
cfn=(864) 0x00000000048f4ca0
calls=1 0 
0 803
0 4
cob=(4)
cfi=(175)
cfn=(720)
calls=1 0 
0 400
0 8
cob=(4)
cfi=(175)
cfn=(720)
calls=1 0 
0 400
0 8
cob=(4)
cfi=(175)
cfn=(720)
calls=1 0 
0 400
0 8
cob=(4)
cfi=(175)
cfn=(720)
calls=1 0 
0 400
0 8
cob=(4)
cfi=(175)
cfn=(720)
calls=1 0 
0 400
0 9
cfn=(870)
calls=1 0 
0 9477
0 3
cob=(4)
cfi=(175)
cfn=(726)
calls=1 0 
0 8
0 5
cob=(4)
cfi=(175)
cfn=(726)
calls=1 0 
0 8
0 4
cob=(4)
cfi=(175)
cfn=(726)
calls=1 0 
0 8
0 5
cob=(4)
cfi=(175)
cfn=(726)
calls=1 0 
0 8
0 5
cob=(4)
cfi=(175)
cfn=(726)
calls=1 0 
0 8
0 4
cob=(4)
cfi=(175)
cfn=(726)
calls=1 0 
0 8
0 5
cob=(4)
cfi=(175)
cfn=(726)
calls=1 0 
0 8
0 4
cob=(4)
cfi=(175)
cfn=(726)
calls=1 0 
0 8
0 13

fn=(742) std::__cxx11::numpunct<char>::_M_initialize_numpunct(__locale_struct*)
0 417

fn=(778) std::ctype<wchar_t>::ctype(unsigned long)
0 14
cob=(4)
cfi=(175)
cfn=(684)
calls=1 0 
0 25
0 7
cob=(4)
cfi=(175)
cfn=(780) 0x00000000048f5a90
calls=1 0 
0 26301

fn=(862) std::__timepunct<wchar_t>::_M_initialize_timepunct(__locale_struct*)
0 12
cob=(4)
cfi=(175)
cfn=(684)
calls=1 0 
0 25
0 117

fn=(876) std::numpunct<char>::_M_initialize_numpunct(__locale_struct*)
0 417

fn=(894) std::moneypunct<char, false>::_M_initialize_moneypunct(__locale_struct*, char const*)
0 114

fn=(972) std::moneypunct<wchar_t, true>::_M_initialize_moneypunct(__locale_struct*, char const*)
0 109

fn=(996) std::messages<wchar_t>::messages(unsigned long)
0 14
cob=(4)
cfi=(175)
cfn=(684)
calls=1 0 
0 25
0 2
cob=(4)
cfi=(175)
cfn=(672)
calls=1 0 
0 5
0 5

fn=(1048) std::locale::operator=(std::locale const&)
0 438840

fn=(1060) std::basic_ios<char, std::char_traits<char> >::_M_cache_locale(std::locale const&)
0 171684
cob=(4)
cfi=(175)
cfn=(726)
calls=19076 0 
0 152608
0 133532
cob=(4)
cfi=(175)
cfn=(726)
calls=19076 0 
0 152608
0 133532
cob=(4)
cfi=(175)
cfn=(726)
calls=19076 0 
0 152608
0 171684

fn=(1066) std::basic_ios<wchar_t, std::char_traits<wchar_t> >::init(std::basic_streambuf<wchar_t, std::char_traits<wchar_t> >*)
0 32
cob=(4)
cfi=(175)
cfn=(1038)
calls=4 0 
0 404
0 12
cob=(4)
cfi=(175)
cfn=(1068) 0x00000000048f8270
calls=4 0 
0 1222
0 52

fn=(1244)
0 50

fn=(1394) operator new[](unsigned long)
0 12
cob=(4)
cfi=(175)
cfn=(1396)
calls=6 0 
0 1923

fn=(1528)
0 10
cob=(4)
cfi=(175)
cfn=(1530) 0x00000000048f6250
calls=5 0 
0 3119

fn=(1950)
0 3565
cfn=(1958)
calls=257 0 
0 40876
0 2168

fn=(1988) std::__basic_file<char>::xsputn(char const*, long)
0 2827
cob=(4)
cfi=(175)
cfn=(1510)
calls=257 0 
0 3598
0 1285
cob=(4)
cfi=(175)
cfn=(1990) 0x00000000048f8040
calls=257 0 
0 3360
0 2827

fn=(648) std::ios_base::Init::Init()
0 66
cob=(4)
cfi=(175)
cfn=(650)
calls=1 0 
0 74397
0 16
cob=(4)
cfi=(175)
cfn=(650)
calls=1 0 
0 32
0 14
cob=(4)
cfi=(175)
cfn=(650)
calls=1 0 
0 32
0 7
cob=(4)
cfi=(175)
cfn=(1026) 0x00000000048f5300
calls=1 0 
0 777
0 11
cob=(4)
cfi=(175)
cfn=(1032) 0x00000000048f76e0
calls=1 0 
0 4342
0 4
cob=(4)
cfi=(175)
cfn=(1026)
calls=1 0 
0 94
0 15
cob=(4)
cfi=(175)
cfn=(1032)
calls=1 0 
0 185
0 4
cob=(4)
cfi=(175)
cfn=(1026)
calls=1 0 
0 94
0 11
cob=(4)
cfi=(175)
cfn=(1032)
calls=1 0 
0 185
0 4
cob=(4)
cfi=(175)
cfn=(1026)
calls=1 0 
0 94
0 11
cob=(4)
cfi=(175)
cfn=(1032)
calls=1 0 
0 185
0 23
cob=(4)
cfi=(175)
cfn=(650)
calls=1 0 
0 32
0 16
cob=(4)
cfi=(175)
cfn=(650)
calls=1 0 
0 32
0 14
cob=(4)
cfi=(175)
cfn=(650)
calls=1 0 
0 32
0 7
cob=(4)
cfi=(175)
cfn=(1026)
calls=1 0 
0 94
0 11
cob=(4)
cfi=(175)
cfn=(1062) 0x00000000048f6b50
calls=1 0 
0 2165
0 4
cob=(4)
cfi=(175)
cfn=(1026)
calls=1 0 
0 94
0 15
cob=(4)
cfi=(175)
cfn=(1062)
calls=1 0 
0 185
0 4
cob=(4)
cfi=(175)
cfn=(1026)
calls=1 0 
0 94
0 11
cob=(4)
cfi=(175)
cfn=(1062)
calls=1 0 
0 185
0 4
cob=(4)
cfi=(175)
cfn=(1026)
calls=1 0 
0 94
0 11
cob=(4)
cfi=(175)
cfn=(1062)
calls=1 0 
0 185
0 15

fn=(654) std::locale::locale()
0 498870
cfn=(656)
calls=49887 0 
0 472782
0 598644

fn=(844) std::__cxx11::moneypunct<wchar_t, false>::_M_initialize_moneypunct(__locale_struct*, char const*)
0 109

fn=(1054) std::locale::~locale()
0 598476

fn=(1226)
0 34

fn=(1270)
0 50

fn=(1604)
0 18108

fn=(1660) operator delete(void*)
0 36282184
cob=(4)
cfi=(175)
cfn=(1662) 0x00000000048f5c60
calls=18141092 0 
0 2102072692

fn=(1888)
0 57204
cob=(4)
cfi=(175)
cfn=(1890) 0x00000000048f6c20
calls=19068 0 
0 4532917

fn=(1942) std::basic_ostream<char, std::char_traits<char> >& std::__ostream_insert<char, std::char_traits<char> >(std::basic_ostream<char, std::char_traits<char> >&, char const*, long)
0 182096
cob=(4)
cfi=(175)
cfn=(1882)
calls=9584 0 
0 250792
0 153589
cob=(4)
cfi=(175)
cfn=(1960)
calls=245 0 
0 10913
0 116723
cfn=(1950)
calls=245 0 
0 42131
0 48410
cfn=(1952)
calls=9584 0 
0 988054
0 47920

fn=(2220) std::__basic_file<char>::xsputn_2(char const*, long, char const*, long)
0 95
cob=(4)
cfi=(175)
cfn=(1510)
calls=5 0 
0 70
0 70
cob=(4)
cfi=(175)
cfn=(2222) 0x00000000048f7750
calls=5 0 
0 820
0 80

fn=(2336)
0 2

ob=(8)
fl=(211)
fn=(1806) std::vector<int, std::allocator<int> >::vector(std::vector<int, std::allocator<int> > const&)
0 173094
cob=(4)
cfi=(175)
cfn=(1326) 0x000000000010c650
calls=10182 0 
0 655833
0 152730
cob=(4)
cfi=(175)
cfn=(1698) 0x000000000010c7c0
calls=10182 0 
0 145553
0 71274

fn=(1810) print_info(State&)
0 330
cob=(4)
cfi=(175)
cfn=(1710) 0x000000000010c500
calls=11 0 
0 246
0 154
cfn=(1812) boost::basic_format<char, std::char_traits<char>, std::allocator<char> >::basic_format(char const*)
calls=11 0 
0 151598
0 66
cfn=(1854) boost::basic_format<char, std::char_traits<char>, std::allocator<char> >& boost::io::detail::feed_impl<char, std::char_traits<char>, std::allocator<char>, boost::io::detail::put_holder<char, std::char_traits<char> > const&>(boost::basic_format<char, std::char_traits<char>, std::allocator<char> >&, boost::io::detail::put_holder<char, std::char_traits<char> > const&)
calls=11 0 
0 21795
0 66
cfn=(1854)
calls=11 0 
0 17041
0 66
cfn=(1854)
calls=11 0 
0 15774
0 66
cfn=(1854)
calls=11 0 
0 15939
0 66
cfn=(1854)
calls=11 0 
0 15948
0 110
cfn=(1854)
calls=11 0 
0 15904
0 77
cfn=(1854)
calls=11 0 
0 16082
0 77
cfn=(1854)
calls=11 0 
0 16085
0 77
cfn=(1854)
calls=11 0 
0 15699
0 33
cfn=(1938) std::basic_ostream<char, std::char_traits<char> >& boost::operator<< <char, std::char_traits<char>, std::allocator<char> >(std::basic_ostream<char, std::char_traits<char> >&, boost::basic_format<char, std::char_traits<char>, std::allocator<char> > const&)
calls=11 0 
0 108642
0 121
cob=(4)
cfi=(175)
cfn=(1996) 0x000000000010c460
calls=11 0 
0 3938
0 22
cob=(4)
cfi=(175)
cfn=(2000) 0x000000000010c5c0
calls=11 0 
0 2266
0 22
cfn=(2002) boost::basic_format<char, std::char_traits<char>, std::allocator<char> >::~basic_format()
calls=11 0 
0 6290
0 121

fn=(1834) int boost::io::detail::upper_bound_from_fstring<std::__cxx11::basic_string<char, std::char_traits<char>, std::allocator<char> >, std::ctype<char> >(std::__cxx11::basic_string<char, std::char_traits<char>, std::allocator<char> > const&, std::__cxx11::basic_string<char, std::char_traits<char>, std::allocator<char> >::value_type, std::ctype<char> const&, unsigned char)
0 109340
cob=(4)
cfi=(175)
cfn=(1836) 0x000000000010c690
calls=3905 0 
0 82005
0 95360
cob=(4)
cfi=(175)
cfn=(1836)
calls=19072 0 
0 400512
0 608352

fn=(1840) boost::basic_format<char, std::char_traits<char>, std::allocator<char> >::make_or_reuse_data(unsigned long)
0 62480
cob=(4)
cfi=(175)
cfn=(1818) 0x000000000010c540
calls=3905 0 
0 31240
0 42955
cob=(4)
cfi=(175)
cfn=(1820) 0x000000000010c770
calls=3905 0 
0 54670
0 93720
cob=(4)
cfi=(175)
cfn=(1814) 0x000000000010c870
calls=3905 0 
0 124960
0 93720
cfn=(1842) std::vector<boost::io::detail::format_item<char, std::char_traits<char>, std::allocator<char> >, std::allocator<boost::io::detail::format_item<char, std::char_traits<char>, std::allocator<char> > > >::_M_fill_assign(unsigned long, boost::io::detail::format_item<char, std::char_traits<char>, std::allocator<char> > const&)
calls=3905 0 
0 1502065
0 7810
cfn=(1846) boost::io::detail::format_item<char, std::char_traits<char>, std::allocator<char> >::~format_item()
calls=3905 0 
0 58575
0 3905

fn=(1868) void boost::io::detail::call_put_head<char, std::char_traits<char>, int>(std::basic_ostream<char, std::char_traits<char> >&, void const*)
0 7978

fn=(2002)
0 66385
cob=(4)
cfi=(175)
cfn=(1680) 0x000000000010c660
calls=3905 0 
0 370975
0 46860
cob=(4)
cfi=(175)
cfn=(1820)
calls=3905 0 
0 54670
0 119276
cob=(4)
cfi=(175)
cfn=(1680)
calls=11 0 
0 1045
0 210698
cob=(4)
cfi=(175)
cfn=(1680)
calls=3905 0 
0 372106

fn=(2008) construct_subsets(int, int)
0 13500
cob=(4)
cfi=(175)
cfn=(1326)
calls=500 0 
0 32200
0 6000
cob=(4)
cfi=(175)
cfn=(1676) 0x000000000010c560
calls=500 0 
0 7300
0 4000
cob=(4)
cfi=(175)
cfn=(1326)
calls=500 0 
0 32500
0 10500
cfn=(2010) std::_Function_handler<void (int, int), construct_subsets(int, int)::{lambda(int, int)#1}>::_M_invoke(std::_Any_data const&, int&&, int&&)
calls=500 0 
0 2495910
0 3500
cfn=(2014) std::_Function_handler<void (int, int), construct_subsets(int, int)::{lambda(int, int)#1}>::_M_manager(std::_Any_data&, std::_Any_data const&, std::_Manager_operation)
calls=500 0 
0 60000
0 3000
cob=(4)
cfi=(175)
cfn=(1680)
calls=500 0 
0 51309
0 5000

fn=(2016) void std::__introsort_loop<__gnu_cxx::__normal_iterator<std::vector<int, std::allocator<int> >*, std::vector<std::vector<int, std::allocator<int> >, std::allocator<std::vector<int, std::allocator<int> > > > >, long, __gnu_cxx::__ops::_Iter_comp_iter<ColorMixer::solve_nnls(std::array<double, 3ul> const&, int, int)::{lambda(auto:1&, auto:2&)#1}> >(__gnu_cxx::__normal_iterator<std::vector<int, std::allocator<int> >*, std::vector<std::vector<int, std::allocator<int> >, std::allocator<std::vector<int, std::allocator<int> > > > >, __gnu_cxx::__normal_iterator<std::vector<int, std::allocator<int> >*, std::vector<std::vector<int, std::allocator<int> >, std::allocator<std::vector<int, std::allocator<int> > > > >, long, __gnu_cxx::__ops::_Iter_comp_iter<ColorMixer::solve_nnls(std::array<double, 3ul> const&, int, int)::{lambda(auto:1&, auto:2&)#1}>)
0 63006
cfn=(2017) void std::__introsort_loop<__gnu_cxx::__normal_iterator<std::vector<int, std::allocator<int> >*, std::vector<std::vector<int, std::allocator<int> >, std::allocator<std::vector<int, std::allocator<int> > > > >, long, __gnu_cxx::__ops::_Iter_comp_iter<ColorMixer::solve_nnls(std::array<double, 3ul> const&, int, int)::{lambda(auto:1&, auto:2&)#1}> >(__gnu_cxx::__normal_iterator<std::vector<int, std::allocator<int> >*, std::vector<std::vector<int, std::allocator<int> >, std::allocator<std::vector<int, std::allocator<int> > > > >, __gnu_cxx::__normal_iterator<std::vector<int, std::allocator<int> >*, std::vector<std::vector<int, std::allocator<int> >, std::allocator<std::vector<int, std::allocator<int> > > > >, long, __gnu_cxx::__ops::_Iter_comp_iter<ColorMixer::solve_nnls(std::array<double, 3ul> const&, int, int)::{lambda(auto:1&, auto:2&)#1}>)'2
calls=100 0 
0 3200
0 9459

fn=(2017)
0 3200

fn=(2018) void std::__insertion_sort<__gnu_cxx::__normal_iterator<std::vector<int, std::allocator<int> >*, std::vector<std::vector<int, std::allocator<int> >, std::allocator<std::vector<int, std::allocator<int> > > > >, __gnu_cxx::__ops::_Iter_comp_iter<ColorMixer::solve_nnls(std::array<double, 3ul> const&, int, int)::{lambda(auto:1&, auto:2&)#1}> >(__gnu_cxx::__normal_iterator<std::vector<int, std::allocator<int> >*, std::vector<std::vector<int, std::allocator<int> >, std::allocator<std::vector<int, std::allocator<int> > > > >, __gnu_cxx::__normal_iterator<std::vector<int, std::allocator<int> >*, std::vector<std::vector<int, std::allocator<int> >, std::allocator<std::vector<int, std::allocator<int> > > > >, __gnu_cxx::__ops::_Iter_comp_iter<ColorMixer::solve_nnls(std::array<double, 3ul> const&, int, int)::{lambda(auto:1&, auto:2&)#1}>) [clone .isra.0]
0 287331

fn=(2228) std::_Rb_tree<int, std::pair<int const, int>, std::_Select1st<std::pair<int const, int> >, std::less<int>, std::allocator<std::pair<int const, int> > >::_M_erase(std::_Rb_tree_node<std::pair<int const, int> >*) [clone .isra.0]
0 104
cob=(4)
cfi=(175)
cfn=(1680)
calls=1 0 
0 116
0 14
cob=(4)
cfi=(175)
cfn=(1680)
calls=3 0 
0 346
0 34
cob=(4)
cfi=(175)
cfn=(1680)
calls=7 0 
0 812
0 60

fn=(2248)
0 138
cob=(4)
cfi=(175)
cfn=(1680)
calls=18 0 
0 2086
0 84
cob=(4)
cfi=(175)
cfn=(1680)
calls=3 0 
0 513

fn=(2254)
0 15
cfn=(1852) std::__cxx11::basic_string<char, std::char_traits<char>, std::allocator<char> >::_M_dispose()
calls=1 0 
0 6
0 18
cob=(4)
cfi=(175)
cfn=(1680)
calls=1 0 
0 116
0 2
cfn=(1852)
calls=1 0 
0 6
0 40

fn=(1672) ManageGroupInfo::construct_group_info()
0 24
cob=(4)
cfi=(175)
cfn=(1326)
calls=1 0 
0 210
0 153
cfn=(1674) void std::__introsort_loop<__gnu_cxx::__normal_iterator<int*, std::vector<int, std::allocator<int> > >, long, __gnu_cxx::__ops::_Iter_less_iter>(__gnu_cxx::__normal_iterator<int*, std::vector<int, std::allocator<int> > >, __gnu_cxx::__normal_iterator<int*, std::vector<int, std::allocator<int> > >, long, __gnu_cxx::__ops::_Iter_less_iter) [clone .isra.0]
calls=14 0 
0 70
0 179
cob=(4)
cfi=(175)
cfn=(1326)
calls=1 0 
0 210
0 8
cob=(4)
cfi=(175)
cfn=(1676)
calls=1 0 
0 13
0 43
cob=(4)
cfi=(175)
cfn=(1326)
calls=1 0 
0 207
0 34
cob=(4)
cfi=(175)
cfn=(1326)
calls=1 0 
0 204
0 75
cob=(4)
cfi=(175)
cfn=(1326)
calls=5 0 
0 310
0 3642
cob=(4)
cfi=(175)
cfn=(1680)
calls=8 0 
0 760
0 4000
cfn=(1684) std::_Vector_base<int, std::allocator<int> >::~_Vector_base()
calls=1 0 
0 103
0 2
cfn=(1684)
calls=1 0 
0 103
0 3798
cob=(4)
cfi=(175)
cfn=(1680)
calls=30 0 
0 2850
0 210
cob=(4)
cfi=(175)
cfn=(1326)
calls=30 0 
0 2524
0 256
cob=(4)
cfi=(175)
cfn=(1326)
calls=8 0 
0 1464
0 254

fn=(1686) std::pair<std::_Rb_tree_iterator<int>, bool> std::_Rb_tree<int, int, std::_Identity<int>, std::less<int>, std::allocator<int> >::_M_insert_unique<int>(int&&)
0 171
cob=(4)
cfi=(175)
cfn=(1326)
calls=2 0 
0 275
0 16
cob=(4)
cfi=(175)
cfn=(1458) 0x000000000010c470
calls=2 0 
0 43
0 75

fn=(1694) void std::vector<std::vector<std::pair<int, int>, std::allocator<std::pair<int, int> > >, std::allocator<std::vector<std::pair<int, int>, std::allocator<std::pair<int, int> > > > >::_M_realloc_insert<std::vector<std::pair<int, int>, std::allocator<std::pair<int, int> > > >(__gnu_cxx::__normal_iterator<std::vector<std::pair<int, int>, std::allocator<std::pair<int, int> > >*, std::vector<std::vector<std::pair<int, int>, std::allocator<std::pair<int, int> > >, std::allocator<std::vector<std::pair<int, int>, std::allocator<std::pair<int, int> > > > > >, std::vector<std::pair<int, int>, std::allocator<std::pair<int, int> > >&&)
0 26140100
cob=(4)
cfi=(175)
cfn=(1680)
calls=224 0 
0 42685
0 3188
cob=(4)
cfi=(175)
cfn=(1326)
calls=228 0 
0 2226290
0 2516

fn=(1812)
0 152295
cob=(4)
cfi=(175)
cfn=(1814)
calls=3905 0 
0 124960
0 46860
cob=(4)
cfi=(175)
cfn=(1816) 0x000000000010c520
calls=3905 0 
0 62688
0 50705
cob=(4)
cfi=(175)
cfn=(1818)
calls=3905 0 
0 31240
0 39050
cob=(4)
cfi=(175)
cfn=(1820)
calls=3905 0 
0 54670
0 46850
cfn=(1834)
calls=3904 0 
0 1294957
0 8
cfn=(1834)
calls=1 0 
0 612
0 11715
cfn=(1840)
calls=3905 0 
0 2076100
0 415967
cfn=(1848) bool boost::io::detail::parse_printf_directive<char, std::char_traits<char>, std::allocator<char>, __gnu_cxx::__normal_iterator<char const*, std::__cxx11::basic_string<char, std::char_traits<char>, std::allocator<char> > >, std::ctype<char> >(__gnu_cxx::__normal_iterator<char const*, std::__cxx11::basic_string<char, std::char_traits<char>, std::allocator<char> > >&, __gnu_cxx::__normal_iterator<char const*, std::__cxx11::basic_string<char, std::char_traits<char>, std::allocator<char> > > const&, boost::io::detail::format_item<char, std::char_traits<char>, std::allocator<char> >*, std::ctype<char> const&, unsigned long, unsigned char)
calls=11 0 
0 1793
0 303420
cfn=(1848)
calls=15171 0 
0 2126016
0 70020
cfn=(1848)
calls=3890 0 
0 544600
0 572226
cob=(4)
cfi=(175)
cfn=(1836)
calls=19083 0 
0 400743
0 564383
cfn=(1852)
calls=3905 0 
0 24900
0 569436
cob=(4)
cfi=(175)
cfn=(1804) 0x000000000010c610
calls=92 0 
0 1542
0 228
cfn=(1850) std::__cxx11::basic_string<char, std::char_traits<char>, std::allocator<char> >::_M_mutate(unsigned long, unsigned long, char const*, unsigned long)
calls=11 0 
0 1639
0 144455
cob=(4)
cfi=(175)
cfn=(1814)
calls=3905 0 
0 124960
0 3910
cfn=(1822) std::ctype<char>::widen(char) const [clone .part.0]
calls=1 0 
0 1627
0 31
cob=(4)
cfi=(175)
cfn=(1326)
calls=15 0 
0 975
0 90
cob=(4)
cfi=(175)
cfn=(1804)
calls=15 0 
0 320
0 11670
cob=(4)
cfi=(175)
cfn=(1804)
calls=3890 0 
0 58350
0 31250

fn=(1848)
0 2672409

fn=(1854)
0 247936
cfn=(1856) void boost::io::detail::distribute<char, std::char_traits<char>, std::allocator<char>, boost::io::detail::put_holder<char, std::char_traits<char> > const&>(boost::basic_format<char, std::char_traits<char>, std::allocator<char> >&, boost::io::detail::put_holder<char, std::char_traits<char> > const&)
calls=19072 0 
0 24909057
0 324224

fn=(1910) boost::detail::sp_counted_impl_pd<boost::io::basic_altstringbuf<char, std::char_traits<char>, std::allocator<char> >*, boost::io::basic_oaltstringstream<char, std::char_traits<char>, std::allocator<char> >::No_Op>::~sp_counted_impl_pd()
0 57216
cob=(4)
cfi=(175)
cfn=(1680)
calls=19072 0 
0 1811840

fn=(1934) void boost::io::detail::call_put_head<char, std::char_traits<char>, int const>(std::basic_ostream<char, std::char_traits<char> >&, void const*)
0 30158

fn=(1936) void boost::io::detail::call_put_last<char, std::char_traits<char>, int const>(std::basic_ostream<char, std::char_traits<char> >&, void const*)
0 45237
cob=(4)
cfi=(175)
cfn=(1872) 0x000000000010c800
calls=15079 0 
0 4803711

fn=(1938)
0 585
cob=(4)
cfi=(175)
cfn=(1940) 0x000000000010c6b0
calls=15 0 
0 13854
0 210
cob=(4)
cfi=(175)
cfn=(1940)
calls=15 0 
0 7161
0 700
cob=(4)
cfi=(175)
cfn=(1940)
calls=100 0 
0 47704
0 460
cob=(4)
cfi=(175)
cfn=(1940)
calls=115 0 
0 54013
0 820

fn=(2004) dicision_action(Input&, State&, ColorMixer&, double, ManageGroupInfo&, FractorManager&)
0 48300
cfn=(2006) ColorMixer::solve_nnls(std::array<double, 3ul> const&, int, int)
calls=500 0 
0 5517520195
0 142100
cfn=(2082) DicisionActionPerResult::eval_one_result(ColorMixer::Result&, int)
calls=8400 0 
0 436330299
0 45180
cfn=(2090) std::vector<ImmediateInfo, std::allocator<ImmediateInfo> >::operator=(std::vector<ImmediateInfo, std::allocator<ImmediateInfo> > const&) [clone .isra.0]
calls=636 0 
0 432379
0 234072
cob=(4)
cfi=(175)
cfn=(1680)
calls=30400 0 
0 3516509
0 141600
cob=(4)
cfi=(175)
cfn=(1680)
calls=8400 0 
0 798000
0 68200
cob=(4)
cfi=(175)
cfn=(1680)
calls=4200 0 
0 483012
0 25200
cob=(4)
cfi=(175)
cfn=(1680)
calls=4200 0 
0 487200
0 15600
cob=(4)
cfi=(175)
cfn=(1680)
calls=500 0 
0 47500
0 1800
cfn=(2092) construct_from_immediateinfo(std::vector<ImmediateInfo, std::allocator<ImmediateInfo> >&, ManageGroupInfo&)
calls=100 0 
0 589412
0 300
cfn=(1684)
calls=100 0 
0 12358
0 3126
cob=(4)
cfi=(175)
cfn=(1680)
calls=471 0 
0 54594
0 2013
cob=(4)
cfi=(175)
cfn=(1680)
calls=100 0 
0 9500
0 200
cfn=(1684)
calls=100 0 
0 12400
0 2400
cob=(4)
cfi=(175)
cfn=(1698)
calls=300 0 
0 4500
0 1800
cob=(4)
cfi=(175)
cfn=(1680)
calls=300 0 
0 28500
0 1500
cob=(4)
cfi=(175)
cfn=(1326)
calls=100 0 
0 6200
0 600
cob=(4)
cfi=(175)
cfn=(1326)
calls=300 0 
0 19200
0 3200
cob=(4)
cfi=(175)
cfn=(1326)
calls=400 0 
0 25400
0 2800
cob=(4)
cfi=(175)
cfn=(1698)
calls=300 0 
0 4500
0 1200
cob=(4)
cfi=(175)
cfn=(1680)
calls=300 0 
0 28500
0 4700

fn=(2028) void std::vector<ColorMixer::Result, std::allocator<ColorMixer::Result> >::_M_realloc_insert<ColorMixer::Result const&>(__gnu_cxx::__normal_iterator<ColorMixer::Result*, std::vector<ColorMixer::Result, std::allocator<ColorMixer::Result> > >, ColorMixer::Result const&)
0 339400
cob=(4)
cfi=(175)
cfn=(1326)
calls=6700 0 
0 465980
0 100500
cob=(4)
cfi=(175)
cfn=(1698)
calls=6700 0 
0 93500
0 113900
cob=(4)
cfi=(175)
cfn=(1326)
calls=6700 0 
0 503584
0 100500
cob=(4)
cfi=(175)
cfn=(1698)
calls=6700 0 
0 90600
0 436900
cob=(4)
cfi=(175)
cfn=(1680)
calls=5200 0 
0 498305
0 119100
cob=(4)
cfi=(175)
cfn=(1326)
calls=6700 0 
0 1906033
0 73000

fn=(2030) ColorMixer::Result::operator=(ColorMixer::Result&&) [clone .isra.0]
0 320192
cob=(4)
cfi=(175)
cfn=(1680)
calls=1192 0 
0 113240
0 200176
cob=(4)
cfi=(175)
cfn=(1680)
calls=1192 0 
0 113240
0 65856

fn=(2034) ColorMixer::solve_nnls_pdm(std::vector<int, std::allocator<int> > const&, std::array<double, 3ul> const&, double, double, int)
0 294840
cfn=(2036) Eigen::PlainObjectBase<Eigen::Matrix<double, -1, 1, 0, -1, 1> >::resize(long, long)
calls=6552 0 
0 530712
0 184658
cob=(4)
cfi=(175)
cfn=(2038) 0x000000000010c730
calls=6552 0 
0 308079
0 1056342
cfn=(2036)
calls=6552 0 
0 545232
0 104832
cfn=(2040) nnls_projected_gradient_bb_clipped(Eigen::Matrix<double, -1, -1, 0, -1, -1> const&, Eigen::Matrix<double, -1, 1, 0, -1, 1> const&, Eigen::Matrix<double, -1, 1, 0, -1, 1>&, double, int, bool)
calls=6552 0 
0 5448840242
0 13104
cfn=(2066) Eigen::DenseStorage<double, -1, -1, 1, 0>::~DenseStorage()
calls=6552 0 
0 695636
0 104832
cfn=(2072) Eigen::internal::product_evaluator<Eigen::Product<Eigen::Matrix<double, -1, -1, 0, -1, -1>, Eigen::Matrix<double, -1, 1, 0, -1, 1>, 0>, 7, Eigen::DenseShape, Eigen::DenseShape, double, double>::product_evaluator(Eigen::Product<Eigen::Matrix<double, -1, -1, 0, -1, -1>, Eigen::Matrix<double, -1, 1, 0, -1, 1>, 0> const&)
calls=6552 0 
0 2009676
0 85176
cfn=(2066)
calls=6552 0 
0 609336
0 85176
cfn=(2036)
calls=6552 0 
0 530712
0 1055686
cfn=(1806)
calls=4782 0 
0 561408
0 12390
cfn=(1806)
calls=1770 0 
0 207090
0 85176
cob=(4)
cfi=(175)
cfn=(1326)
calls=6552 0 
0 452880
0 65520
cob=(4)
cfi=(175)
cfn=(1804)
calls=6552 0 
0 87774
0 26208
cfn=(1770) std::_Vector_base<double, std::allocator<double> >::~_Vector_base()
calls=6552 0 
0 676756
0 13104
cfn=(2066)
calls=6552 0 
0 609336
0 32760
cob=(4)
cfi=(175)
cfn=(2062) 0x000000000010c6e0
calls=6552 0 
0 570024
0 13104
cfn=(2066)
calls=6552 0 
0 746928
0 139864
cob=(4)
cfi=(175)
cfn=(1698)
calls=12034 0 
0 170474
0 96272
cob=(4)
cfi=(175)
cfn=(1680)
calls=12034 0 
0 1156182
0 95070
cob=(4)
cfi=(175)
cfn=(1326)
calls=6552 0 
0 406224
0 24068
cob=(4)
cfi=(175)
cfn=(1326)
calls=12034 0 
0 857354
0 174184

fn=(2042) Eigen::PlainObjectBase<Eigen::Matrix<double, -1, -1, 0, -1, -1> >::PlainObjectBase<Eigen::Product<Eigen::Transpose<Eigen::Matrix<double, -1, -1, 0, -1, -1> const>, Eigen::Matrix<double, -1, -1, 0, -1, -1>, 0> >(Eigen::DenseBase<Eigen::Product<Eigen::Transpose<Eigen::Matrix<double, -1, -1, 0, -1, -1> const>, Eigen::Matrix<double, -1, -1, 0, -1, -1>, 0> > const&)
0 281736
cob=(4)
cfi=(175)
cfn=(2038)
calls=6552 0 
0 308079
0 262080
cfn=(2044) void Eigen::internal::call_restricted_packet_assignment_no_alias<Eigen::Matrix<double, -1, -1, 0, -1, -1>, Eigen::Product<Eigen::Transpose<Eigen::Matrix<double, -1, -1, 0, -1, -1> const>, Eigen::Matrix<double, -1, -1, 0, -1, -1>, 1>, Eigen::internal::assign_op<double, double> >(Eigen::Matrix<double, -1, -1, 0, -1, -1>&, Eigen::Product<Eigen::Transpose<Eigen::Matrix<double, -1, -1, 0, -1, -1> const>, Eigen::Matrix<double, -1, -1, 0, -1, -1>, 1> const&, Eigen::internal::assign_op<double, double> const&)
calls=6552 0 
0 3686272
0 52416

fn=(2044)
0 3686272

fn=(2106) std::vector<Paint, std::allocator<Paint> >::operator=(std::vector<Paint, std::allocator<Paint> > const&) [clone .isra.0]
0 95133
cob=(4)
cfi=(175)
cfn=(1698)
calls=1796 0 
0 137404
0 35799
cob=(4)
cfi=(175)
cfn=(1698)
calls=1785 0 
0 136863
0 19690
cob=(4)
cfi=(175)
cfn=(1326)
calls=11 0 
0 2200
0 77
cob=(4)
cfi=(175)
cfn=(1698)
calls=11 0 
0 953
0 66
cob=(4)
cfi=(175)
cfn=(1680)
calls=11 0 
0 1045
0 14390

fn=(2210) print_output(Output&)
0 4386
cob=(4)
cfi=(175)
cfn=(1940)
calls=380 0 
0 71099
0 1520
cob=(4)
cfi=(175)
cfn=(1940)
calls=380 0 
0 71060
0 3580
cob=(4)
cfi=(175)
cfn=(1940)
calls=20 0 
0 3740
0 4545
cob=(4)
cfi=(175)
cfn=(1940)
calls=380 0 
0 71060
0 1520
cob=(4)
cfi=(175)
cfn=(1940)
calls=380 0 
0 71060
0 3572
cob=(4)
cfi=(175)
cfn=(1940)
calls=19 0 
0 3553
0 182
cfn=(2212) Action::to_string_output[abi:cxx11]() const
calls=1 0 
0 10113
0 11667
cfn=(2212)
calls=3889 0 
0 38599287
0 15560
cob=(4)
cfi=(175)
cfn=(1940)
calls=3890 0 
0 718062
0 15560
cob=(4)
cfi=(175)
cfn=(1940)
calls=3890 0 
0 727430
0 27241

fn=(1696) std::_Vector_base<std::pair<int, int>, std::allocator<std::pair<int, int> > >::~_Vector_base()
0 40

fn=(1714) reduce_fraction(std::pair<int, int>)
0 270859601

fn=(1796) std::vector<std::vector<bool, std::allocator<bool> >, std::allocator<std::vector<bool, std::allocator<bool> > > >::~vector()
0 762
cob=(4)
cfi=(175)
cfn=(1680)
calls=117 0 
0 13295
0 411
cob=(4)
cfi=(175)
cfn=(1680)
calls=6 0 
0 570

fn=(1842)
0 140580
cob=(4)
cfi=(175)
cfn=(1326)
calls=3905 0 
0 350497
0 23430
cfn=(1844) boost::io::detail::format_item<char, std::char_traits<char>, std::allocator<char> >* std::__do_uninit_fill_n<boost::io::detail::format_item<char, std::char_traits<char>, std::allocator<char> >*, unsigned long, boost::io::detail::format_item<char, std::char_traits<char>, std::allocator<char> > >(boost::io::detail::format_item<char, std::char_traits<char>, std::allocator<char> >*, unsigned long, boost::io::detail::format_item<char, std::char_traits<char>, std::allocator<char> > const&)
calls=3905 0 
0 936793
0 50765

fn=(1852)
0 39045
cob=(4)
cfi=(175)
cfn=(1680)
calls=15 0 
0 1425
0 7782

fn=(2010)
0 51000
cfn=(2011) std::_Function_handler<void (int, int), construct_subsets(int, int)::{lambda(int, int)#1}>::_M_invoke(std::_Any_data const&, int&&, int&&)'2
calls=3000 0 
0 2430910
0 14000

fn=(2011)
0 806500
cfn=(2011)
calls=21300 0 
0 4694710
0 397800
cob=(4)
cfi=(175)
cfn=(1326)
calls=3600 0 
0 374540
0 32400
cob=(4)
cfi=(175)
cfn=(1698)
calls=3600 0 
0 51600
0 28500
cfn=(2012) void std::vector<std::vector<int, std::allocator<int> >, std::allocator<std::vector<int, std::allocator<int> > > >::_M_realloc_insert<__gnu_cxx::__normal_iterator<int*, std::vector<int, std::allocator<int> > >, __gnu_cxx::__normal_iterator<int*, std::vector<int, std::allocator<int> > > >(__gnu_cxx::__normal_iterator<std::vector<int, std::allocator<int> >*, std::vector<std::vector<int, std::allocator<int> >, std::allocator<std::vector<int, std::allocator<int> > > > >, __gnu_cxx::__normal_iterator<int*, std::vector<int, std::allocator<int> > >&&, __gnu_cxx::__normal_iterator<int*, std::vector<int, std::allocator<int> > >&&)
calls=2100 0 
0 737470
0 2100

fn=(2014)
0 9500
cob=(4)
cfi=(175)
cfn=(1680)
calls=500 0 
0 47500
0 3000

fn=(2060) Eigen::internal::general_matrix_vector_product<long, double, Eigen::internal::const_blas_data_mapper<double, long, 0>, 0, false, double, Eigen::internal::const_blas_data_mapper<double, long, 1>, false, 0>::run(long, long, Eigen::internal::const_blas_data_mapper<double, long, 0> const&, Eigen::internal::const_blas_data_mapper<double, long, 1> const&, double*, long, double) [clone .isra.0]
0 463856848

fn=(2068) ProjectOntoSimplex(Eigen::Matrix<double, -1, 1, 0, -1, 1> const&)
0 82518048
cob=(4)
cfi=(175)
cfn=(1326)
calls=3056224 0 
0 198654560
0 48899584
cob=(4)
cfi=(175)
cfn=(1676)
calls=3056224 0 
0 42087176
0 135935776
cfn=(2070) void std::__introsort_loop<__gnu_cxx::__normal_iterator<double*, std::vector<double, std::allocator<double> > >, long, __gnu_cxx::__ops::_Iter_comp_iter<std::greater<double> > >(__gnu_cxx::__normal_iterator<double*, std::vector<double, std::allocator<double> > >, __gnu_cxx::__normal_iterator<double*, std::vector<double, std::allocator<double> > >, long, __gnu_cxx::__ops::_Iter_comp_iter<std::greater<double> >)
calls=3056224 0 
0 45843360
0 24449792
cob=(4)
cfi=(175)
cfn=(1326)
calls=3056224 0 
0 198971737
0 51955808
cob=(4)
cfi=(175)
cfn=(1676)
calls=3056224 0 
0 42087176
0 251391684
cob=(4)
cfi=(175)
cfn=(2038)
calls=3056224 0 
0 143712651
0 185931800
cfn=(1770)
calls=3056224 0 
0 314802434
0 6112448
cfn=(1770)
calls=3056224 0 
0 314796910
0 68038930
cob=(4)
cfi=(175)
cfn=(1698)
calls=1118936 0 
0 14640648
0 92345617

fn=(2080) void std::__insertion_sort<__gnu_cxx::__normal_iterator<ColorMixer::Result*, std::vector<ColorMixer::Result, std::allocator<ColorMixer::Result> > >, __gnu_cxx::__ops::_Iter_comp_iter<ColorMixer::solve_nnls(std::array<double, 3ul> const&, int, int)::{lambda(ColorMixer::Result const&, ColorMixer::Result const&)#1}> >(__gnu_cxx::__normal_iterator<ColorMixer::Result*, std::vector<ColorMixer::Result, std::allocator<ColorMixer::Result> > >, __gnu_cxx::__normal_iterator<ColorMixer::Result*, std::vector<ColorMixer::Result, std::allocator<ColorMixer::Result> > >, __gnu_cxx::__ops::_Iter_comp_iter<ColorMixer::solve_nnls(std::array<double, 3ul> const&, int, int)::{lambda(ColorMixer::Result const&, ColorMixer::Result const&)#1}>)
0 556566

fn=(2204) void boost::io::detail::call_put_head<char, std::char_traits<char>, double const>(std::basic_ostream<char, std::char_traits<char> >&, void const*)
0 2

fn=(2208) std::vector<std::vector<bool, std::allocator<bool> >, std::allocator<std::vector<bool, std::allocator<bool> > > >::vector(std::vector<std::vector<bool, std::allocator<bool> >, std::allocator<std::vector<bool, std::allocator<bool> > > > const&)
0 42
cob=(4)
cfi=(175)
cfn=(1326)
calls=2 0 
0 396
0 223
cfn=(1790) std::vector<bool, std::allocator<bool> >::_M_copy_aligned(std::_Bit_const_iterator, std::_Bit_const_iterator, std::_Bit_iterator) [clone .isra.0]
calls=39 0 
0 12609
0 975
cob=(4)
cfi=(175)
cfn=(1326)
calls=39 0 
0 3486
0 917

fn=(2236) std::_Rb_tree<int, int, std::_Identity<int>, std::less<int>, std::allocator<int> >::_M_erase(std::_Rb_tree_node<int>*) [clone .isra.0]
0 23
cob=(4)
cfi=(175)
cfn=(1680)
calls=1 0 
0 114
0 6
cob=(4)
cfi=(175)
cfn=(1680)
calls=1 0 
0 116
0 10

fn=(2246)
0 8
cob=(4)
cfi=(175)
cfn=(1680)
calls=1 0 
0 116

fn=(1314)
0 12

fn=(1456) std::_Rb_tree<int, std::pair<int const, int>, std::_Select1st<std::pair<int const, int> >, std::less<int>, std::allocator<std::pair<int const, int> > >::_M_get_insert_unique_pos(int const&) [clone .isra.0]
0 57

fn=(1488) parse_input()
0 22
cob=(4)
cfi=(175)
cfn=(1490) 0x000000000010c570
calls=1 0 
0 5726
0 3
cob=(4)
cfi=(175)
cfn=(1490)
calls=1 0 
0 415
0 3
cob=(4)
cfi=(175)
cfn=(1490)
calls=1 0 
0 541
0 3
cob=(4)
cfi=(175)
cfn=(1490)
calls=1 0 
0 583
0 3
cob=(4)
cfi=(175)
cfn=(1490)
calls=1 0 
0 457
0 27
cob=(4)
cfi=(175)
cfn=(1568) 0x000000000010c5b0
calls=1 0 
0 10461
0 50
cob=(4)
cfi=(175)
cfn=(1568)
calls=5 0 
0 10089
0 72
cob=(4)
cfi=(175)
cfn=(1568)
calls=12 0 
0 24167
0 99
cob=(4)
cfi=(175)
cfn=(1568)
calls=1 0 
0 2023
0 9990
cob=(4)
cfi=(175)
cfn=(1568)
calls=999 0 
0 2004720
0 12000
cob=(4)
cfi=(175)
cfn=(1568)
calls=2000 0 
0 4013550
0 12013
cfn=(1566) std::vector<std::array<double, 3ul>, std::allocator<std::array<double, 3ul> > >::_M_default_append(unsigned long)
calls=1 0 
0 7264
0 5
cfn=(1566)
calls=1 0 
0 316
0 2

fn=(1718) std::pair<std::__detail::_Node_iterator<std::pair<int, int>, true, false>, bool> std::_Hashtable<std::pair<int, int>, std::pair<int, int>, std::allocator<std::pair<int, int> >, std::__detail::_Identity, std::equal_to<std::pair<int, int> >, std::hash<std::pair<int, int> >, std::__detail::_Mod_range_hashing, std::__detail::_Default_ranged_hash, std::__detail::_Prime_rehash_policy, std::__detail::_Hashtable_traits<false, true, true> >::_M_insert_unique<std::pair<int, int> const&, std::pair<int, int> const&, std::__detail::_AllocNode<std::allocator<std::__detail::_Hash_node<std::pair<int, int>, false> > > >(std::pair<int, int> const&, std::pair<int, int> const&, std::__detail::_AllocNode<std::allocator<std::__detail::_Hash_node<std::pair<int, int>, false> > > const&) [clone .isra.0]
0 5070586
cob=(4)
cfi=(175)
cfn=(1326)
calls=84950 0 
0 6133820
0 934450
cob=(4)
cfi=(175)
cfn=(1720) 0x000000000010c710
calls=84950 0 
0 1536324
0 2224808
cfn=(1730) std::_Hashtable<std::pair<int, int>, std::pair<int, int>, std::allocator<std::pair<int, int> >, std::__detail::_Identity, std::equal_to<std::pair<int, int> >, std::hash<std::pair<int, int> >, std::__detail::_Mod_range_hashing, std::__detail::_Default_ranged_hash, std::__detail::_Prime_rehash_policy, std::__detail::_Hashtable_traits<false, true, true> >::_M_rehash(unsigned long, unsigned long const&)
calls=40 0 
0 6081405
0 846138

fn=(1734) void std::__introsort_loop<__gnu_cxx::__normal_iterator<unsigned long*, std::vector<unsigned long, std::allocator<unsigned long> > >, long, __gnu_cxx::__ops::_Iter_comp_iter<make_sorted_indices<double>(std::vector<double, std::allocator<double> > const&, bool)::{lambda(unsigned long, unsigned long)#1}> >(__gnu_cxx::__normal_iterator<unsigned long*, std::vector<unsigned long, std::allocator<unsigned long> > >, __gnu_cxx::__normal_iterator<unsigned long*, std::vector<unsigned long, std::allocator<unsigned long> > >, long, __gnu_cxx::__ops::_Iter_comp_iter<make_sorted_indices<double>(std::vector<double, std::allocator<double> > const&, bool)::{lambda(unsigned long, unsigned long)#1}>)
0 20330
cfn=(1736) make_sorted_indices<double>(std::vector<double, std::allocator<double> > const&, bool)::{lambda(unsigned long, unsigned long)#1}::operator()(unsigned long, unsigned long) const [clone .isra.0]
calls=720 0 
0 5760
0 2772
cfn=(1736)
calls=444 0 
0 3552
0 45746141
cfn=(1735) void std::__introsort_loop<__gnu_cxx::__normal_iterator<unsigned long*, std::vector<unsigned long, std::allocator<unsigned long> > >, long, __gnu_cxx::__ops::_Iter_comp_iter<make_sorted_indices<double>(std::vector<double, std::allocator<double> > const&, bool)::{lambda(unsigned long, unsigned long)#1}> >(__gnu_cxx::__normal_iterator<unsigned long*, std::vector<unsigned long, std::allocator<unsigned long> > >, __gnu_cxx::__normal_iterator<unsigned long*, std::vector<unsigned long, std::allocator<unsigned long> > >, long, __gnu_cxx::__ops::_Iter_comp_iter<make_sorted_indices<double>(std::vector<double, std::allocator<double> > const&, bool)::{lambda(unsigned long, unsigned long)#1}>)'2
calls=720 0 
0 724785749
0 10640

fn=(1735)
0 16522097
cfn=(1736)
calls=255737 0 
0 2045896
0 942955
cfn=(1736)
calls=143827 0 
0 1150616
0 470799856
cfn=(1736)
calls=203682 0 
0 1629456
0 676878
cfn=(1736)
calls=89838 0 
0 718704
0 45948235
cfn=(1735)
calls=459419 0 
0 6478093123
0 7651921
cfn=(1766) void std::__adjust_heap<__gnu_cxx::__normal_iterator<unsigned long*, std::vector<unsigned long, std::allocator<unsigned long> > >, long, unsigned long, __gnu_cxx::__ops::_Iter_comp_iter<make_sorted_indices<double>(std::vector<double, std::allocator<double> > const&, bool)::{lambda(unsigned long, unsigned long)#1}> >(__gnu_cxx::__normal_iterator<unsigned long*, std::vector<unsigned long, std::allocator<unsigned long> > >, long, long, unsigned long, __gnu_cxx::__ops::_Iter_comp_iter<make_sorted_indices<double>(std::vector<double, std::allocator<double> > const&, bool)::{lambda(unsigned long, unsigned long)#1}>)
calls=322228 0 
0 35660211
0 49126
cfn=(1766)
calls=7018 0 
0 522222
0 770780
cfn=(1766)
calls=7018 0 
0 1087518
0 8425430
cfn=(1766)
calls=648110 0 
0 125192480
0 4991368

fn=(1790)
0 63045

fn=(1800) std::vector<std::array<double, 3ul>, std::allocator<std::array<double, 3ul> > >::operator=(std::vector<std::array<double, 3ul>, std::allocator<std::array<double, 3ul> > > const&) [clone .isra.0]
0 46
cob=(4)
cfi=(175)
cfn=(1326)
calls=2 0 
0 327698
0 14
cob=(4)
cfi=(175)
cfn=(1698)
calls=2 0 
0 24050
0 26

fn=(1846)
0 58575

fn=(1904)
0 144485
cob=(4)
cfi=(175)
cfn=(1326)
calls=3905 0 
0 253825
0 62480

fn=(2020) ColorMixer::solve_nnls_inv(std::array<double, 3ul> const&, std::vector<int, std::allocator<int> >)
0 131100
cfn=(2022) ColorMixer::calc_gram_inv(std::vector<int, std::allocator<int> > const&)
calls=5700 0 
0 24257268
0 114000
cob=(4)
cfi=(175)
cfn=(1326)
calls=5700 0 
0 370500
0 57000
cob=(4)
cfi=(175)
cfn=(1676)
calls=5700 0 
0 76300
0 546176
cob=(4)
cfi=(175)
cfn=(1326)
calls=5700 0 
0 399877
0 45600
cob=(4)
cfi=(175)
cfn=(1676)
calls=5700 0 
0 76300
0 1034100
cob=(4)
cfi=(175)
cfn=(1326)
calls=5700 0 
0 477561
0 79800
cob=(4)
cfi=(175)
cfn=(1698)
calls=5700 0 
0 81100
0 79800
cob=(4)
cfi=(175)
cfn=(1326)
calls=5700 0 
0 490266
0 51300
cob=(4)
cfi=(175)
cfn=(1804)
calls=5700 0 
0 76300
0 17100
cfn=(1770)
calls=5700 0 
0 591728
0 11400
cfn=(1770)
calls=5700 0 
0 602878
0 68400

fn=(2036)
0 71128816
cob=(4)
cfi=(175)
cfn=(2038)
calls=3233128 0 
0 152289205
0 38797536

fn=(2064) double Eigen::internal::redux_impl<Eigen::internal::scalar_sum_op<double, double>, Eigen::internal::redux_evaluator<Eigen::CwiseBinaryOp<Eigen::internal::scalar_conj_product_op<double, double>, Eigen::Matrix<double, -1, 1, 0, -1, 1> const, Eigen::Matrix<double, -1, 1, 0, -1, 1> const> >, 3, 0>::run<Eigen::CwiseBinaryOp<Eigen::internal::scalar_conj_product_op<double, double>, Eigen::Matrix<double, -1, 1, 0, -1, 1> const, Eigen::Matrix<double, -1, 1, 0, -1, 1> const> >(Eigen::internal::redux_evaluator<Eigen::CwiseBinaryOp<Eigen::internal::scalar_conj_product_op<double, double>, Eigen::Matrix<double, -1, 1, 0, -1, 1> const, Eigen::Matrix<double, -1, 1, 0, -1, 1> const> > const&, Eigen::internal::scalar_sum_op<double, double> const&, Eigen::CwiseBinaryOp<Eigen::internal::scalar_conj_product_op<double, double>, Eigen::Matrix<double, -1, 1, 0, -1, 1> const, Eigen::Matrix<double, -1, 1, 0, -1, 1> const> const&) [clone .isra.0]
0 61391869

fn=(2072)
0 85757728
cob=(4)
cfi=(175)
cfn=(2038)
calls=3062776 0 
0 143990949
0 55129968
cob=(4)
cfi=(175)
cfn=(1676)
calls=3062776 0 
0 40792508
0 49004416
cfn=(2060)
calls=3062776 0 
0 439953388
0 33690536

fn=(2086) DicisionActionPerResult::eval_cost(std::vector<ImmediateInfo, std::allocator<ImmediateInfo> >&)
0 12741729
cob=(4)
cfi=(175)
cfn=(1326)
calls=467665 0 
0 30703757
0 21093040
cob=(4)
cfi=(175)
cfn=(1680)
calls=467665 0 
0 44673216
0 3115167
cfn=(2088) mix(std::vector<double, std::allocator<double> >&, std::vector<std::array<double, 3ul>, std::allocator<std::array<double, 3ul> > >&)
calls=100716 0 
0 6626169
0 2920764
cob=(4)
cfi=(175)
cfn=(1680)
calls=100716 0 
0 9568020
0 201432
cfn=(1770)
calls=100716 0 
0 10412241
0 23212160
cob=(4)
cfi=(175)
cfn=(1698)
calls=261974 0 
0 3671978
0 2095792
cob=(4)
cfi=(175)
cfn=(1680)
calls=261974 0 
0 24970669
0 1833818
cob=(4)
cfi=(175)
cfn=(1698)
calls=261974 0 
0 4215760
0 2095792
cob=(4)
cfi=(175)
cfn=(1680)
calls=261974 0 
0 24970669
0 1793082
cob=(4)
cfi=(175)
cfn=(1326)
calls=100716 0 
0 6546540
0 523948
cob=(4)
cfi=(175)
cfn=(1326)
calls=261974 0 
0 17028448
0 2357204
cob=(4)
cfi=(175)
cfn=(1326)
calls=100716 0 
0 6315388
0 523948
cob=(4)
cfi=(175)
cfn=(1326)
calls=261974 0 
0 17977797
0 4856422

fn=(2092)
0 183680
cob=(4)
cfi=(175)
cfn=(1698)
calls=166 0 
0 4913
0 1494
cob=(4)
cfi=(175)
cfn=(1680)
calls=166 0 
0 15770
0 830
cob=(4)
cfi=(175)
cfn=(1326)
calls=166 0 
0 81907
0 1849
cob=(4)
cfi=(175)
cfn=(1698)
calls=237 0 
0 3618
0 2133
cob=(4)
cfi=(175)
cfn=(1680)
calls=237 0 
0 22515
0 1711
cob=(4)
cfi=(175)
cfn=(1326)
calls=100 0 
0 6500
0 474
cob=(4)
cfi=(175)
cfn=(1326)
calls=237 0 
0 15405
0 17478
cob=(4)
cfi=(175)
cfn=(1698)
calls=60 0 
0 3222
0 540
cob=(4)
cfi=(175)
cfn=(1680)
calls=60 0 
0 5700
0 1460
cob=(4)
cfi=(175)
cfn=(1698)
calls=256 0 
0 7954
0 1792
cob=(4)
cfi=(175)
cfn=(1680)
calls=256 0 
0 24320
0 1502
cob=(4)
cfi=(175)
cfn=(1326)
calls=99 0 
0 6435
0 120
cob=(4)
cfi=(175)
cfn=(1326)
calls=60 0 
0 18191
0 1148
cob=(4)
cfi=(175)
cfn=(1326)
calls=256 0 
0 73879
0 1478
cob=(4)
cfi=(175)
cfn=(1326)
calls=355 0 
0 23075
0 2728
cob=(4)
cfi=(175)
cfn=(1698)
calls=255 0 
0 4020
0 2295
cob=(4)
cfi=(175)
cfn=(1680)
calls=255 0 
0 24225
0 3111
cob=(4)
cfi=(175)
cfn=(1326)
calls=1 0 
0 65
0 80
cob=(4)
cfi=(175)
cfn=(1326)
calls=38 0 
0 9771
0 275
cob=(4)
cfi=(175)
cfn=(1698)
calls=38 0 
0 1007
0 266
cob=(4)
cfi=(175)
cfn=(1680)
calls=38 0 
0 3610
0 6866

fn=(2250)
0 21
cfn=(1330) std::_Function_handler<unsigned long (unsigned long, std::function<unsigned long ()> const&), cpp_dump::_detail::_default_skip_size_func::{lambda(unsigned long, std::function<unsigned long ()> const&)#1}>::_M_manager(std::_Any_data&, std::_Any_data const&, std::_Manager_operation)
calls=1 0 
0 7
0 7

fn=(2256)
0 8
cfn=(2258) std::_Function_handler<std::__cxx11::basic_string<char, std::char_traits<char>, std::allocator<char> > (std::basic_string_view<char, std::char_traits<char> >, unsigned long, std::basic_string_view<char, std::char_traits<char> >), std::__cxx11::basic_string<char, std::char_traits<char>, std::allocator<char> > (*)(std::basic_string_view<char, std::char_traits<char> >, unsigned long, std::basic_string_view<char, std::char_traits<char> >)>::_M_manager(std::_Any_data&, std::_Any_data const&, std::_Manager_operation)
calls=1 0 
0 9
0 2

fn=(2258)
0 9

fn=(1306)
0 12
cob=(2)
cfi=(212)
cfn=(1308)
calls=1 242 
0 11607254125

fn=(1324) cpp_dump::types::es_value_t::es_value_t()
0 64
cob=(4)
cfi=(175)
cfn=(1326)
calls=1 0 
0 210
0 30

fn=(1692) FractorManager::construct(int, int)
0 96
cob=(4)
cfi=(175)
cfn=(1326)
calls=4 0 
0 248
0 52
cfn=(1694)
calls=4 0 
0 528
0 12
cfn=(1696)
calls=4 0 
0 20
0 36
cob=(4)
cfi=(175)
cfn=(1326)
calls=4 0 
0 390
0 44
cfn=(1696)
calls=4 0 
0 20
0 32
cob=(4)
cfi=(175)
cfn=(1700) 0x000000000010c810
calls=4 0 
0 528
0 6198
cfn=(1732) std::vector<unsigned long, std::allocator<unsigned long> > make_sorted_indices<double>(std::vector<double, std::allocator<double> > const&, bool)
calls=266 0 
0 895290235
0 798
cfn=(1740) void reorder_vector<std::vector<std::pair<int, int>, std::allocator<std::pair<int, int> > > >(std::vector<std::vector<std::pair<int, int>, std::allocator<std::pair<int, int> > >, std::allocator<std::vector<std::pair<int, int>, std::allocator<std::pair<int, int> > > > >&, std::vector<unsigned long, std::allocator<unsigned long> > const&)
calls=266 0 
0 1454115855
0 3192
cob=(4)
cfi=(175)
cfn=(1326)
calls=266 0 
0 183217082
0 3192
cob=(4)
cfi=(175)
cfn=(1676)
calls=266 0 
0 27548798
0 3758695
cfn=(1714)
calls=416024 0 
0 26876976
0 1664096
cfn=(1716) std::_Hashtable<std::pair<int, int>, std::pair<int, int>, std::allocator<std::pair<int, int> >, std::__detail::_Identity, std::equal_to<std::pair<int, int> >, std::hash<std::pair<int, int> >, std::__detail::_Mod_range_hashing, std::__detail::_Default_ranged_hash, std::__detail::_Prime_rehash_policy, std::__detail::_Hashtable_traits<false, true, true> >::find(std::pair<int, int> const&) const
calls=416024 0 
0 21256851
0 1263921
cfn=(1718)
calls=5283 0 
0 2379134
0 26415
cob=(4)
cfi=(175)
cfn=(1326)
calls=5283 0 
0 765585
0 252133
cfn=(1694)
calls=152 0 
0 8061221
0 20680984
cob=(4)
cfi=(175)
cfn=(1680)
calls=266 0 
0 49913
0 2128
cfn=(1750) std::__detail::_Map_base<std::tuple<int, int, int>, std::pair<std::tuple<int, int, int> const, std::vector<std::vector<std::pair<int, int>, std::allocator<std::pair<int, int> > >, std::allocator<std::vector<std::pair<int, int>, std::allocator<std::pair<int, int> > > > > >, std::allocator<std::pair<std::tuple<int, int, int> const, std::vector<std::vector<std::pair<int, int>, std::allocator<std::pair<int, int> > >, std::allocator<std::vector<std::pair<int, int>, std::allocator<std::pair<int, int> > > > > > >, std::__detail::_Select1st, std::equal_to<std::tuple<int, int, int> >, std::hash<std::tuple<int, int, int> >, std::__detail::_Mod_range_hashing, std::__detail::_Default_ranged_hash, std::__detail::_Prime_rehash_policy, std::__detail::_Hashtable_traits<false, false, true>, true>::operator[](std::tuple<int, int, int> const&)
calls=266 0 
0 200926
0 4788
cfn=(1758) std::__detail::_Map_base<std::tuple<int, int, int>, std::pair<std::tuple<int, int, int> const, std::vector<double, std::allocator<double> > >, std::allocator<std::pair<std::tuple<int, int, int> const, std::vector<double, std::allocator<double> > > >, std::__detail::_Select1st, std::equal_to<std::tuple<int, int, int> >, std::hash<std::tuple<int, int, int> >, std::__detail::_Mod_range_hashing, std::__detail::_Default_ranged_hash, std::__detail::_Prime_rehash_policy, std::__detail::_Hashtable_traits<false, false, true>, true>::operator[](std::tuple<int, int, int> const&)
calls=266 0 
0 129586
0 798
cfn=(1764) std::vector<double, std::allocator<double> >::operator=(std::vector<double, std::allocator<double> > const&) [clone .isra.0]
calls=266 0 
0 27251011
0 1596
cob=(4)
cfi=(175)
cfn=(1680)
calls=266 0 
0 49473
0 564
cob=(4)
cfi=(175)
cfn=(1680)
calls=4 0 
0 380
0 339784
cob=(4)
cfi=(175)
cfn=(1680)
calls=84946 0 
0 9853218
0 169920
cob=(4)
cfi=(175)
cfn=(1676)
calls=4 0 
0 1045980
0 36
cob=(4)
cfi=(175)
cfn=(1680)
calls=4 0 
0 3535541
0 8
cfn=(1770)
calls=4 0 
0 753
0 509776
cob=(4)
cfi=(175)
cfn=(1680)
calls=84958 0 
0 9855120
0 254938
cob=(4)
cfi=(175)
cfn=(1680)
calls=4 0 
0 6409554
0 456
cob=(4)
cfi=(175)
cfn=(1326)
calls=152 0 
0 53530
0 1672
cob=(4)
cfi=(175)
cfn=(1698)
calls=152 0 
0 6239140
0 1216
cob=(4)
cfi=(175)
cfn=(1680)
calls=152 0 
0 26231
0 480
cob=(4)
cfi=(175)
cfn=(1700)
calls=4 0 
0 528
0 4
cob=(4)
cfi=(175)
cfn=(1710)
calls=4 0 
0 92
0 42954272
cob=(4)
cfi=(175)
cfn=(1326)
calls=2968300 0 
0 203982276
0 41556200
cfn=(1714)
calls=2968300 0 
0 243982625
0 11873200
cob=(4)
cfi=(175)
cfn=(1680)
calls=2968300 0 
0 281989815
0 8904900
cfn=(1716)
calls=2968300 0 
0 159401762
0 9223568
cfn=(1718)
calls=79667 0 
0 20448397
0 398335
cob=(4)
cfi=(175)
cfn=(1326)
calls=79667 0 
0 16150839
0 5739372
cfn=(1694)
calls=4 0 
0 612786
0 276
cfn=(1694)
calls=68 0 
0 19740244
0 2804
cob=(4)
cfi=(175)
cfn=(1698)
calls=4 0 
0 60
0 24
cob=(4)
cfi=(175)
cfn=(1680)
calls=4 0 
0 380
0 1338
cob=(4)
cfi=(175)
cfn=(1326)
calls=266 0 
0 159407
0 37895960
cob=(4)
cfi=(175)
cfn=(1326)
calls=3444918 0 
0 685254926
0 94971338
cob=(4)
cfi=(175)
cfn=(1326)
calls=4 0 
0 248
0 24
cob=(4)
cfi=(175)
cfn=(1326)
calls=4 0 
0 260
0 220
cob=(4)
cfi=(175)
cfn=(1326)
calls=68 0 
0 25305
0 544
cob=(4)
cfi=(175)
cfn=(1698)
calls=68 0 
0 19680482
0 272
cob=(4)
cfi=(175)
cfn=(1680)
calls=68 0 
0 13234
0 1340

fn=(1716)
0 180658613

fn=(1732)
0 7182
cob=(4)
cfi=(175)
cfn=(1326)
calls=266 0 
0 93599
0 5320
cob=(4)
cfi=(175)
cfn=(1676)
calls=266 0 
0 27548798
0 10342330
cfn=(1734)
calls=266 0 
0 770574944
0 2128
cfn=(1738) void std::__insertion_sort<__gnu_cxx::__normal_iterator<unsigned long*, std::vector<unsigned long, std::allocator<unsigned long> > >, __gnu_cxx::__ops::_Iter_comp_iter<make_sorted_indices<double>(std::vector<double, std::allocator<double> > const&, bool)::{lambda(unsigned long, unsigned long)#1}> >(__gnu_cxx::__normal_iterator<unsigned long*, std::vector<unsigned long, std::allocator<unsigned long> > >, __gnu_cxx::__normal_iterator<unsigned long*, std::vector<unsigned long, std::allocator<unsigned long> > >, __gnu_cxx::__ops::_Iter_comp_iter<make_sorted_indices<double>(std::vector<double, std::allocator<double> > const&, bool)::{lambda(unsigned long, unsigned long)#1}>)
calls=266 0 
0 150146
0 86565788

fn=(1742) std::vector<std::pair<int, int>, std::allocator<std::pair<int, int> > >::operator=(std::vector<std::pair<int, int>, std::allocator<std::pair<int, int> > > const&) [clone .isra.0]
0 107003346
cob=(4)
cfi=(175)
cfn=(1326)
calls=3482438 0 
0 698428269
0 64588502
cob=(4)
cfi=(175)
cfn=(1680)
calls=7120 0 
0 703145
0 34824380

fn=(1758)
0 10906
cfn=(1760) std::_Hashtable<std::tuple<int, int, int>, std::pair<std::tuple<int, int, int> const, std::vector<double, std::allocator<double> > >, std::allocator<std::pair<std::tuple<int, int, int> const, std::vector<double, std::allocator<double> > > >, std::__detail::_Select1st, std::equal_to<std::tuple<int, int, int> >, std::hash<std::tuple<int, int, int> >, std::__detail::_Mod_range_hashing, std::__detail::_Default_ranged_hash, std::__detail::_Prime_rehash_policy, std::__detail::_Hashtable_traits<false, false, true> >::_M_find_before_node(unsigned long, std::tuple<int, int, int> const&, unsigned long) const [clone .isra.0]
calls=266 0 
0 8352
0 3990
cob=(4)
cfi=(175)
cfn=(1326)
calls=266 0 
0 60819
0 4522
cob=(4)
cfi=(175)
cfn=(1720)
calls=266 0 
0 5692
0 3144
cfn=(1762) std::_Hashtable<std::tuple<int, int, int>, std::pair<std::tuple<int, int, int> const, std::vector<double, std::allocator<double> > >, std::allocator<std::pair<std::tuple<int, int, int> const, std::vector<double, std::allocator<double> > > >, std::__detail::_Select1st, std::equal_to<std::tuple<int, int, int> >, std::hash<std::tuple<int, int, int> >, std::__detail::_Mod_range_hashing, std::__detail::_Default_ranged_hash, std::__detail::_Prime_rehash_policy, std::__detail::_Hashtable_traits<false, false, true> >::_M_rehash(unsigned long, unsigned long const&)
calls=6 0 
0 27023
0 1187
cfn=(1768) unsigned long HashTupleCore<3>::operator()<std::tuple<int, int, int> >(std::tuple<int, int, int> const&) const [clone .isra.0]
calls=141 0 
0 3102
0 849

fn=(1762)
0 102
cob=(4)
cfi=(175)
cfn=(1326)
calls=6 0 
0 1604
0 30
cob=(4)
cfi=(175)
cfn=(1676)
calls=6 0 
0 6589
0 18097
cob=(4)
cfi=(175)
cfn=(1680)
calls=5 0 
0 553
0 48

fn=(1794) std::vector<std::vector<bool, std::allocator<bool> >, std::allocator<std::vector<bool, std::allocator<bool> > > >::operator=(std::vector<std::vector<bool, std::allocator<bool> >, std::allocator<std::vector<bool, std::allocator<bool> > > > const&) [clone .isra.0]
0 210
cob=(4)
cfi=(175)
cfn=(1326)
calls=6 0 
0 1221599
0 732
cfn=(1790)
calls=117 0 
0 37827
0 2925
cob=(4)
cfi=(175)
cfn=(1326)
calls=117 0 
0 10803
0 2763

fn=(1798) State::State(Wall const&, Input const&)
0 49
cfn=(1800)
calls=1 0 
0 323847
0 10
cfn=(1800)
calls=1 0 
0 27987
0 9
cfn=(1794)
calls=1 0 
0 9144
0 7
cfn=(1794)
calls=1 0 
0 9291
0 5
cfn=(1794)
calls=1 0 
0 9830
0 5
cfn=(1794)
calls=1 0 
0 9426
0 4
cfn=(1802) get_ids(Wall&)
calls=1 0 
0 68454
0 6
cfn=(1808) std::vector<std::vector<int, std::allocator<int> >, std::allocator<std::vector<int, std::allocator<int> > > >::operator=(std::vector<std::vector<int, std::allocator<int> >, std::allocator<std::vector<int, std::allocator<int> > > > const&) [clone .isra.0]
calls=1 0 
0 2946
0 348
cob=(4)
cfi=(175)
cfn=(1680)
calls=20 0 
0 2192
0 66
cob=(4)
cfi=(175)
cfn=(1680)
calls=1 0 
0 95
0 2
cfn=(1684)
calls=1 0 
0 103
0 29
cob=(4)
cfi=(175)
cfn=(1698)
calls=3 0 
0 70
0 21
cob=(4)
cfi=(175)
cfn=(1680)
calls=3 0 
0 285
0 17
cob=(4)
cfi=(175)
cfn=(1326)
calls=1 0 
0 65
0 9
cob=(4)
cfi=(175)
cfn=(1326)
calls=3 0 
0 603
0 41

fn=(1822)
0 6
cob=(4)
cfi=(175)
cfn=(1824) 0x000000000010c6c0
calls=1 0 
0 1611
0 10

fn=(1844)
0 936793

fn=(1864) boost::io::detail::stream_format_state<char, std::char_traits<char> >::apply_on(std::basic_ios<char, std::char_traits<char> >&, std::locale*) const
0 572160
cob=(4)
cfi=(175)
cfn=(1866) 0x000000000010c7e0
calls=19072 0 
0 171648
0 228864
cob=(4)
cfi=(175)
cfn=(1866)
calls=19072 0 
0 171648
0 209792

fn=(2084) void cartesian_product<ImmediateInfo, DicisionActionPerResult::eval_one_result(ColorMixer::Result&, int)::{lambda(std::vector<ImmediateInfo, std::allocator<ImmediateInfo> >&)#1}>(std::vector<std::vector<ImmediateInfo, std::allocator<ImmediateInfo> >, std::allocator<std::vector<ImmediateInfo, std::allocator<ImmediateInfo> > > > const&, DicisionActionPerResult::eval_one_result(ColorMixer::Result&, int)::{lambda(std::vector<ImmediateInfo, std::allocator<ImmediateInfo> >&)#1})
0 252000
cob=(4)
cfi=(175)
cfn=(1326)
calls=8400 0 
0 540000
0 67200
cob=(4)
cfi=(175)
cfn=(1676)
calls=8400 0 
0 117200
0 75600
cob=(4)
cfi=(175)
cfn=(1326)
calls=8400 0 
0 552849
0 9798800
cfn=(1742)
calls=520000 0 
0 25374097
0 2038400
cfn=(1742)
calls=145600 0 
0 7059601
0 11846800
cob=(4)
cfi=(175)
cfn=(1680)
calls=30400 0 
0 3313678
0 133200
cob=(4)
cfi=(175)
cfn=(1680)
calls=8400 0 
0 798000
0 126000
cob=(4)
cfi=(175)
cfn=(1680)
calls=8400 0 
0 974400
0 402864
cfn=(2086)
calls=100716 0 
0 287044950
0 503660
cfn=(2090)
calls=25199 0 
0 9599210
0 25199

fn=(2096) State::apply(Action const&)
0 166298
cfn=(2098) State::apply_toggle(Action const&) [clone .isra.0]
calls=3592 0 
0 276219635
0 1133
cfn=(2112) State::apply_add(Action const&) [clone .isra.0]
calls=103 0 
0 7107
0 9035
cob=(4)
cfi=(175)
cfn=(1698)
calls=12 0 
0 87376
0 72
cob=(4)
cfi=(175)
cfn=(1680)
calls=12 0 
0 1740
0 33
cob=(4)
cfi=(175)
cfn=(1326)
calls=1 0 
0 65
0 24
cob=(4)
cfi=(175)
cfn=(1326)
calls=12 0 
0 54276
0 246
cob=(4)
cfi=(175)
cfn=(1698)
calls=7 0 
0 428
0 42
cob=(4)
cfi=(175)
cfn=(1680)
calls=7 0 
0 848
0 19
cob=(4)
cfi=(175)
cfn=(1326)
calls=1 0 
0 65
0 28
cob=(4)
cfi=(175)
cfn=(1326)
calls=7 0 
0 16638
0 142

fn=(2230) State::~State()
0 11
cob=(4)
cfi=(175)
cfn=(1680)
calls=1 0 
0 2138
0 6
cob=(4)
cfi=(175)
cfn=(1680)
calls=1 0 
0 212
0 6
cob=(4)
cfi=(175)
cfn=(1680)
calls=1 0 
0 95
0 125
cob=(4)
cfi=(175)
cfn=(1680)
calls=20 0 
0 2318
0 67
cob=(4)
cfi=(175)
cfn=(1680)
calls=1 0 
0 95
0 125
cob=(4)
cfi=(175)
cfn=(1680)
calls=20 0 
0 2318
0 67
cob=(4)
cfi=(175)
cfn=(1680)
calls=1 0 
0 95
0 119
cob=(4)
cfi=(175)
cfn=(1680)
calls=19 0 
0 2204
0 64
cob=(4)
cfi=(175)
cfn=(1680)
calls=1 0 
0 95
0 125
cob=(4)
cfi=(175)
cfn=(1680)
calls=20 0 
0 2320
0 67
cob=(4)
cfi=(175)
cfn=(1680)
calls=1 0 
0 95
0 119
cob=(4)
cfi=(175)
cfn=(1680)
calls=19 0 
0 2204
0 64
cob=(4)
cfi=(175)
cfn=(1680)
calls=1 0 
0 95
0 6
cob=(4)
cfi=(175)
cfn=(1680)
calls=1 0 
0 173
0 9
cob=(4)
cfi=(175)
cfn=(1680)
calls=1 0 
0 95

fn=(2116) void boost::io::detail::call_put_head<char, std::char_traits<char>, double>(std::basic_ostream<char, std::char_traits<char> >&, void const*)
0 6

fn=(2118) void boost::io::detail::call_put_last<char, std::char_traits<char>, double>(std::basic_ostream<char, std::char_traits<char> >&, void const*)
0 9
cob=(4)
cfi=(175)
cfn=(2120) 0x000000000010c7a0
calls=3 0 
0 12014

fn=(1730)
0 680
cob=(4)
cfi=(175)
cfn=(1326)
calls=40 0 
0 622226
0 200
cob=(4)
cfi=(175)
cfn=(1676)
calls=40 0 
0 2051065
0 3401696
cob=(4)
cfi=(175)
cfn=(1680)
calls=36 0 
0 5218
0 320

fn=(1736)
0 5553984

fn=(1740)
0 6118
cob=(4)
cfi=(175)
cfn=(1326)
calls=266 0 
0 111505
0 17229644
cfn=(1742)
calls=266 0 
0 53503
0 17223260
cfn=(1742)
calls=3444652 0 
0 869394964
0 51677228
cob=(4)
cfi=(175)
cfn=(1680)
calls=3444918 0 
0 399573326
0 10339010
cob=(4)
cfi=(175)
cfn=(1680)
calls=266 0 
0 88507297

fn=(1770)
0 50159012
cob=(4)
cfi=(175)
cfn=(1680)
calls=6256603 0 
0 594505237
0 26547

fn=(1788) std::vector<std::vector<bool, std::allocator<bool> >, std::allocator<std::vector<bool, std::allocator<bool> > > >::vector(unsigned long, std::vector<bool, std::allocator<bool> > const&, std::allocator<std::vector<bool, std::allocator<bool> > > const&)
0 50
cob=(4)
cfi=(175)
cfn=(1326)
calls=2 0 
0 1220896
0 293
cob=(4)
cfi=(175)
cfn=(1326)
calls=39 0 
0 3753
0 975
cfn=(1790)
calls=39 0 
0 12609
0 722

fn=(1906) void boost::io::detail::mk_str<char, std::char_traits<char>, std::allocator<char> >(std::__cxx11::basic_string<char, std::char_traits<char>, std::allocator<char> >&, char const*, std::__cxx11::basic_string<char, std::char_traits<char>, std::allocator<char> >::size_type, long, char, std::_Ios_Fmtflags, char, bool)
0 955304
cob=(4)
cfi=(175)
cfn=(1804)
calls=6918 0 
0 138295
0 8882
cob=(4)
cfi=(175)
cfn=(1804)
calls=73 0 
0 1436
0 39834
cob=(4)
cfi=(175)
cfn=(1676)
calls=78 0 
0 1524
0 296270

fn=(2026) std::vector<ColorMixer::Result, std::allocator<ColorMixer::Result> >::push_back(ColorMixer::Result const&)
0 178545
cob=(4)
cfi=(175)
cfn=(1326)
calls=6294 0 
0 403572
0 94410
cob=(4)
cfi=(175)
cfn=(1698)
calls=6294 0 
0 89576
0 88116
cob=(4)
cfi=(175)
cfn=(1326)
calls=6294 0 
0 753092
0 94410
cob=(4)
cfi=(175)
cfn=(1698)
calls=6294 0 
0 84239
0 82932
cfn=(2028)
calls=2499 0 
0 1207280

fn=(2046) void Eigen::internal::gemv_dense_selector<2, 1, true>::run<Eigen::Transpose<Eigen::Matrix<double, -1, -1, 0, -1, -1> const>, Eigen::Matrix<double, -1, 1, 0, -1, 1>, Eigen::Matrix<double, -1, 1, 0, -1, 1> >(Eigen::Transpose<Eigen::Matrix<double, -1, -1, 0, -1, -1> const> const&, Eigen::Matrix<double, -1, 1, 0, -1, 1> const&, Eigen::Matrix<double, -1, 1, 0, -1, 1>&, Eigen::Matrix<double, -1, 1, 0, -1, 1>::Scalar const&) [clone .isra.0]
0 5045040
cfn=(2048) Eigen::internal::general_matrix_vector_product<long, double, Eigen::internal::const_blas_data_mapper<double, long, 1>, 1, false, double, Eigen::internal::const_blas_data_mapper<double, long, 0>, false, 0>::run(long, long, Eigen::internal::const_blas_data_mapper<double, long, 1> const&, Eigen::internal::const_blas_data_mapper<double, long, 0> const&, double*, long, double)
calls=144144 0 
0 24656764
0 1729728

fn=(2074) Eigen::Matrix<double, -1, 1, 0, -1, 1>::Matrix<int>(int const&)
0 340704
cob=(4)
cfi=(175)
cfn=(2038)
calls=26208 0 
0 2027579
0 314496

fn=(2082)
0 386400
cfn=(2084)
calls=8400 0 
0 360643708
0 151200
cob=(4)
cfi=(175)
cfn=(1326)
calls=8400 0 
0 546000
0 673200
cob=(4)
cfi=(175)
cfn=(1326)
calls=30400 0 
0 1921883
0 1491805
cob=(4)
cfi=(175)
cfn=(1680)
calls=60800 0 
0 6414400
0 395200
cob=(4)
cfi=(175)
cfn=(1680)
calls=30400 0 
0 2888000
0 141600
cob=(4)
cfi=(175)
cfn=(1680)
calls=8400 0 
0 798000
0 232800
cob=(4)
cfi=(175)
cfn=(1680)
calls=30400 0 
0 3526400
0 150000
cob=(4)
cfi=(175)
cfn=(1680)
calls=8400 0 
0 798000
0 159600
cob=(4)
cfi=(175)
cfn=(1326)
calls=8400 0 
0 546135
0 5764509
cob=(4)
cfi=(175)
cfn=(1326)
calls=30400 0 
0 1976702
0 2888000
cob=(4)
cfi=(175)
cfn=(1326)
calls=60800 0 
0 3840646
0 2825362
cob=(4)
cfi=(175)
cfn=(1326)
calls=60800 0 
0 3840646
0 912000
cob=(4)
cfi=(175)
cfn=(1804)
calls=60800 0 
0 864636
0 1459200
cob=(4)
cfi=(175)
cfn=(1326)
calls=60800 0 
0 5454593
0 729600
cob=(4)
cfi=(175)
cfn=(1804)
calls=60800 0 
0 864636
0 425600
cob=(4)
cfi=(175)
cfn=(1680)
calls=60800 0 
0 5918800
0 182400
cob=(4)
cfi=(175)
cfn=(1680)
calls=60800 0 
0 5918800
0 1589200
cfn=(1760)
calls=30400 0 
0 989536
0 1739386
cfn=(1760)
calls=60800 0 
0 1979072
0 1884800
cfn=(1752) std::_Hashtable<std::tuple<int, int, int>, std::pair<std::tuple<int, int, int> const, std::vector<std::vector<std::pair<int, int>, std::allocator<std::pair<int, int> > >, std::allocator<std::vector<std::pair<int, int>, std::allocator<std::pair<int, int> > > > > >, std::allocator<std::pair<std::tuple<int, int, int> const, std::vector<std::vector<std::pair<int, int>, std::allocator<std::pair<int, int> > >, std::allocator<std::vector<std::pair<int, int>, std::allocator<std::pair<int, int> > > > > > >, std::__detail::_Select1st, std::equal_to<std::tuple<int, int, int> >, std::hash<std::tuple<int, int, int> >, std::__detail::_Mod_range_hashing, std::__detail::_Default_ranged_hash, std::__detail::_Prime_rehash_policy, std::__detail::_Hashtable_traits<false, false, true> >::_M_find_before_node(unsigned long, std::tuple<int, int, int> const&, unsigned long) const [clone .isra.0]
calls=60800 0 
0 1979072
0 438772

fn=(2104) std::vector<int, std::allocator<int> >::operator=(std::vector<int, std::allocator<int> > const&) [clone .isra.0]
0 2011520
cob=(4)
cfi=(175)
cfn=(1698)
calls=71840 0 
0 1724160
0 646560

fn=(2108) std::vector<std::array<double, 3ul>, std::allocator<std::array<double, 3ul> > >::~vector()
0 28736
cob=(4)
cfi=(175)
cfn=(1680)
calls=3592 0 
0 341240

fn=(1320)
0 29
cob=(4)
cfi=(175)
cfn=(1322) 0x000000000010c620
calls=1 0 
0 78
0 5
cob=(4)
cfi=(175)
cfn=(1332) 0x000000000010c510
calls=1 0 
0 16041
0 11
cob=(4)
cfi=(175)
cfn=(1322)
calls=1 0 
0 78
0 4
cob=(4)
cfi=(175)
cfn=(1322)
calls=1 0 
0 78
0 4
cob=(4)
cfi=(175)
cfn=(1322)
calls=1 0 
0 78
0 5
cob=(4)
cfi=(175)
cfn=(1326)
calls=1 0 
0 204
0 13
cob=(4)
cfi=(175)
cfn=(1322)
calls=1 0 
0 78
0 30
cob=(4)
cfi=(175)
cfn=(1326)
calls=8 0 
0 1680
0 64
cob=(4)
cfi=(175)
cfn=(1458)
calls=8 0 
0 379
0 80
cfn=(1454) std::_Rb_tree<int, std::pair<int const, int>, std::_Select1st<std::pair<int const, int> >, std::less<int>, std::allocator<std::pair<int const, int> > >::_M_get_insert_hint_unique_pos(std::_Rb_tree_const_iterator<std::pair<int const, int> >, int const&) [clone .isra.0]
calls=8 0 
0 168
0 115
cob=(4)
cfi=(175)
cfn=(1322)
calls=1 0 
0 78
0 14
cob=(4)
cfi=(175)
cfn=(1322)
calls=1 0 
0 78
0 17
cfn=(1330)
calls=1 0 
0 7
0 10
cob=(4)
cfi=(175)
cfn=(1322)
calls=1 0 
0 78
0 5
cfn=(1324)
calls=1 0 
0 304
0 4
cob=(4)
cfi=(175)
cfn=(1322)
calls=1 0 
0 78
0 1

fn=(1750)
0 10906
cfn=(1752)
calls=266 0 
0 8352
0 3990
cob=(4)
cfi=(175)
cfn=(1326)
calls=266 0 
0 132721
0 4522
cob=(4)
cfi=(175)
cfn=(1720)
calls=266 0 
0 5692
0 3144
cfn=(1754) std::_Hashtable<std::tuple<int, int, int>, std::pair<std::tuple<int, int, int> const, std::vector<std::vector<std::pair<int, int>, std::allocator<std::pair<int, int> > >, std::allocator<std::vector<std::pair<int, int>, std::allocator<std::pair<int, int> > > > > >, std::allocator<std::pair<std::tuple<int, int, int> const, std::vector<std::vector<std::pair<int, int>, std::allocator<std::pair<int, int> > >, std::allocator<std::vector<std::pair<int, int>, std::allocator<std::pair<int, int> > > > > > >, std::__detail::_Select1st, std::equal_to<std::tuple<int, int, int> >, std::hash<std::tuple<int, int, int> >, std::__detail::_Mod_range_hashing, std::__detail::_Default_ranged_hash, std::__detail::_Prime_rehash_policy, std::__detail::_Hashtable_traits<false, false, true> >::_M_rehash(unsigned long, unsigned long const&)
calls=6 0 
0 26461
0 1187
cfn=(1768)
calls=141 0 
0 3102
0 849

fn=(1752)
0 1987424

fn=(1766)
0 162462431

fn=(1768)
0 6204

fn=(1792) std::_Bvector_base<std::allocator<bool> >::_M_deallocate()
0 18
cob=(4)
cfi=(175)
cfn=(1680)
calls=2 0 
0 209
0 14

fn=(1802)
0 107790
cob=(4)
cfi=(175)
cfn=(1326)
calls=3593 0 
0 233683
0 28744
cob=(4)
cfi=(175)
cfn=(1676)
calls=3593 0 
0 75453
0 28744
cob=(4)
cfi=(175)
cfn=(1326)
calls=3593 0 
0 233680
0 607217
cob=(4)
cfi=(175)
cfn=(1326)
calls=71860 0 
0 6587280
0 718600
cob=(4)
cfi=(175)
cfn=(1804)
calls=71860 0 
0 1724640
0 452718
cfn=(1684)
calls=3593 0 
0 370079
0 13391762
cob=(4)
cfi=(175)
cfn=(1326)
calls=41809 0 
0 2592158
0 167637086
cob=(4)
cfi=(175)
cfn=(1680)
calls=24259 0 
0 2304605
0 70200
cob=(4)
cfi=(175)
cfn=(1680)
calls=17550 0 
0 1667250
0 6795899
cfn=(1806)
calls=3593 0 
0 425614
0 43116
cob=(4)
cfi=(175)
cfn=(1326)
calls=3593 0 
0 234077
0 334149
cob=(4)
cfi=(175)
cfn=(1326)
calls=71860 0 
0 6974122
0 1006040
cob=(4)
cfi=(175)
cfn=(1698)
calls=71860 0 
0 1724640
0 990008
cob=(4)
cfi=(175)
cfn=(1698)
calls=13957 0 
0 206177
0 83742
cob=(4)
cfi=(175)
cfn=(1680)
calls=13957 0 
0 1325915
0 142621
cob=(4)
cfi=(175)
cfn=(1680)
calls=2827 0 
0 268565
0 59748
cob=(4)
cfi=(175)
cfn=(1680)
calls=979 0 
0 93026
0 784197
cob=(4)
cfi=(175)
cfn=(1680)
calls=19957 0 
0 1895934
0 168443
cob=(4)
cfi=(175)
cfn=(1326)
calls=3593 0 
0 222766
0 27914
cob=(4)
cfi=(175)
cfn=(1326)
calls=13957 0 
0 896426
0 58304
cob=(4)
cfi=(175)
cfn=(1326)
calls=2827 0 
0 183755
0 27401
cob=(4)
cfi=(175)
cfn=(1326)
calls=979 0 
0 63635
0 46767
cob=(4)
cfi=(175)
cfn=(1326)
calls=19957 0 
0 1297475
0 221128
cfn=(1684)
calls=3593 0 
0 370079
0 441939
cob=(4)
cfi=(175)
cfn=(1680)
calls=71860 0 
0 7802723
0 237138
cob=(4)
cfi=(175)
cfn=(1680)
calls=3593 0 
0 341335
0 391034

fn=(1808)
0 140108
cfn=(2104)
calls=3592 0 
0 219112
0 341240
cfn=(2104)
calls=68248 0 
0 4163128
0 201166
cob=(4)
cfi=(175)
cfn=(1326)
calls=1 0 
0 65
0 104
cob=(4)
cfi=(175)
cfn=(1326)
calls=20 0 
0 1712
0 280
cob=(4)
cfi=(175)
cfn=(1698)
calls=20 0 
0 480
0 271

fn=(1858) void boost::io::detail::put<char, std::char_traits<char>, std::allocator<char>, boost::io::detail::put_holder<char, std::char_traits<char> > const&>(boost::io::detail::put_holder<char, std::char_traits<char> > const&, boost::io::detail::format_item<char, std::char_traits<char>, std::allocator<char> > const&, boost::basic_format<char, std::char_traits<char>, std::allocator<char> >::string_type&, boost::basic_format<char, std::char_traits<char>, std::allocator<char> >::internal_streambuf_t&, std::locale*)
0 476800
cob=(4)
cfi=(175)
cfn=(1860) 0x000000000010c4a0
calls=19072 0 
0 1792768
0 209792
cob=(4)
cfi=(175)
cfn=(1326)
calls=19072 0 
0 1239680
0 247936
cob=(4)
cfi=(175)
cfn=(1862) 0x000000000010c740
calls=19072 0 
0 3528320
0 247936
cfn=(1864)
calls=19072 0 
0 1354112
0 95360
cfn=(2204)
calls=1 0 
0 2
cfn=(2116)
calls=3 0 
0 6
cfn=(1934)
calls=15079 0 
0 30158
cfn=(1868)
calls=3989 0 
0 7978
0 324521
cfn=(1936)
calls=11 0 
0 3601
cfn=(1870) void boost::io::detail::call_put_last<char, std::char_traits<char>, int>(std::basic_ostream<char, std::char_traits<char> >&, void const*)
calls=88 0 
0 34935
0 37946
cfn=(2206) void boost::io::detail::call_put_last<char, std::char_traits<char>, double const>(std::basic_ostream<char, std::char_traits<char> >&, void const*)
calls=1 0 
0 3363
cfn=(1936)
calls=15068 0 
0 4845347
cfn=(2118)
calls=3 0 
0 12023
cfn=(1870)
calls=3901 0 
0 1614470
0 553088
cfn=(1906)
calls=19072 0 
0 1441545
0 76288
cfn=(1908) boost::io::basic_altstringbuf<char, std::char_traits<char>, std::allocator<char> >::clear_buffer()
calls=19072 0 
0 604956
0 438656
cfn=(1910)
calls=19072 0 
0 1869056
0 95360
cob=(4)
cfi=(175)
cfn=(1912) 0x000000000010c4b0
calls=19072 0 
0 1432170
0 247936

fn=(2006)
0 13000
cfn=(2008)
calls=500 0 
0 2724719
0 9000
cfn=(2016)
calls=500 0 
0 75665
0 2200
cfn=(2018)
calls=400 0 
0 198743
0 36000
cob=(4)
cfi=(175)
cfn=(1326)
calls=5700 0 
0 366000
0 68400
cob=(4)
cfi=(175)
cfn=(1698)
calls=5700 0 
0 81100
0 51300
cfn=(2020)
calls=5700 0 
0 29735854
0 28500
cob=(4)
cfi=(175)
cfn=(1680)
calls=5700 0 
0 553342
0 85800
cob=(4)
cfi=(175)
cfn=(1680)
calls=5700 0 
0 541645
0 34200
cob=(4)
cfi=(175)
cfn=(1680)
calls=5700 0 
0 541500
0 51700
cfn=(2018)
calls=100 0 
0 88588
0 15100
cfn=(1684)
calls=400 0 
0 2000
0 800
cfn=(1684)
calls=400 0 
0 2000
0 15700
cfn=(2026)
calls=3700 0 
0 1391076
0 250736
cfn=(2030)
calls=5131 0 
0 169323
0 10262
cfn=(1770)
calls=5131 0 
0 25655
0 10262
cfn=(1684)
calls=5131 0 
0 25655
0 10262
cfn=(1770)
calls=5131 0 
0 25655
0 10262
cfn=(1684)
calls=5131 0 
0 25655
0 10924
cfn=(2032) std::priority_queue<ColorMixer::Result, std::vector<ColorMixer::Result, std::allocator<ColorMixer::Result> >, std::less<ColorMixer::Result> >::pop()
calls=1431 0 
0 757029
0 4293
cfn=(2026)
calls=1431 0 
0 336044
0 169376
cob=(4)
cfi=(175)
cfn=(1326)
calls=3700 0 
0 237500
0 51800
cob=(4)
cfi=(175)
cfn=(1698)
calls=3700 0 
0 52100
0 62900
cob=(4)
cfi=(175)
cfn=(1326)
calls=3700 0 
0 240954
0 51800
cob=(4)
cfi=(175)
cfn=(1698)
calls=3700 0 
0 49800
0 22200
cfn=(2032)
calls=3700 0 
0 1713395
0 38300
cob=(4)
cfi=(175)
cfn=(1326)
calls=1700 0 
0 109000
0 20400
cob=(4)
cfi=(175)
cfn=(1804)
calls=1700 0 
0 24100
0 22100
cob=(4)
cfi=(175)
cfn=(1326)
calls=1700 0 
0 110500
0 18700
cob=(4)
cfi=(175)
cfn=(1804)
calls=1700 0 
0 22800
0 20310
cfn=(1806)
calls=37 0 
0 4372
0 407
cob=(4)
cfi=(175)
cfn=(1326)
calls=37 0 
0 2821
0 481
cob=(4)
cfi=(175)
cfn=(1804)
calls=37 0 
0 495
0 185
cob=(4)
cfi=(175)
cfn=(1680)
calls=37 0 
0 3515
0 10989
cob=(4)
cfi=(175)
cfn=(1680)
calls=3663 0 
0 383992
0 18500
cob=(4)
cfi=(175)
cfn=(1680)
calls=3700 0 
0 391100
0 21600
cfn=(2076) void std::__introsort_loop<__gnu_cxx::__normal_iterator<ColorMixer::Result*, std::vector<ColorMixer::Result, std::allocator<ColorMixer::Result> > >, long, __gnu_cxx::__ops::_Iter_comp_iter<ColorMixer::solve_nnls(std::array<double, 3ul> const&, int, int)::{lambda(ColorMixer::Result const&, ColorMixer::Result const&)#1}> >(__gnu_cxx::__normal_iterator<ColorMixer::Result*, std::vector<ColorMixer::Result, std::allocator<ColorMixer::Result> > >, __gnu_cxx::__normal_iterator<ColorMixer::Result*, std::vector<ColorMixer::Result, std::allocator<ColorMixer::Result> > >, long, __gnu_cxx::__ops::_Iter_comp_iter<ColorMixer::solve_nnls(std::array<double, 3ul> const&, int, int)::{lambda(ColorMixer::Result const&, ColorMixer::Result const&)#1}>)
calls=500 0 
0 117636
0 2200
cfn=(2080)
calls=300 0 
0 358512
0 60794
cfn=(2030)
calls=1200 0 
0 39600
0 2400
cfn=(1770)
calls=1200 0 
0 6000
0 2400
cfn=(1684)
calls=1200 0 
0 6000
0 24800
cob=(4)
cfi=(175)
cfn=(1326)
calls=2000 0 
0 154598
0 28000
cob=(4)
cfi=(175)
cfn=(1698)
calls=2000 0 
0 28000
0 28000
cob=(4)
cfi=(175)
cfn=(1326)
calls=2000 0 
0 367865
0 28000
cob=(4)
cfi=(175)
cfn=(1698)
calls=2000 0 
0 27000
0 91782
cfn=(2034)
calls=3662 0 
0 372127150
0 42776
cfn=(2034)
calls=2890 0 
0 5092207271
0 9205
cfn=(2026)
calls=107 0 
0 30013
0 8670
cfn=(1770)
calls=2890 0 
0 317931
0 5780
cfn=(1684)
calls=2890 0 
0 319032
0 7324
cfn=(1770)
calls=3662 0 
0 287642
0 7324
cfn=(1684)
calls=3662 0 
0 290446
0 54285
cfn=(2028)
calls=2000 0 
0 2486301
0 6768
cfn=(2030)
calls=1192 0 
0 269392
0 9820
cfn=(2026)
calls=772 0 
0 221295
0 2379
cfn=(2028)
calls=1 0 
0 491
0 13916
cfn=(2026)
calls=2783 0 
0 1097744
0 11583
cfn=(2028)
calls=2200 0 
0 1147230
0 52500
cob=(4)
cfi=(175)
cfn=(1680)
calls=7400 0 
0 829480
0 44400
cob=(4)
cfi=(175)
cfn=(1680)
calls=7400 0 
0 833709
0 25200
cob=(4)
cfi=(175)
cfn=(1680)
calls=500 0 
0 94124
0 3000
cob=(4)
cfi=(175)
cfn=(1680)
calls=500 0 
0 47500
0 36700
cob=(4)
cfi=(175)
cfn=(1680)
calls=5700 0 
0 659084
0 20600
cob=(4)
cfi=(175)
cfn=(1680)
calls=500 0 
0 47521
0 9100
cfn=(2080)
calls=200 0 
0 198054
0 1427

fn=(2012)
0 102500
cob=(4)
cfi=(175)
cfn=(1326)
calls=2100 0 
0 135000
0 23100
cob=(4)
cfi=(175)
cfn=(1698)
calls=2100 0 
0 29500
0 101400
cob=(4)
cfi=(175)
cfn=(1680)
calls=1600 0 
0 152000
0 35200
cob=(4)
cfi=(175)
cfn=(1326)
calls=2100 0 
0 136770
0 22000

fn=(2066)
0 554910
cob=(4)
cfi=(175)
cfn=(2062)
calls=92485 0 
0 8662438

fn=(2098)
0 124589
cfn=(2100) std::_Bit_iterator::operator[](long) const
calls=3505 0 
0 63090
0 21030
cfn=(2100)
calls=3505 0 
0 63090
0 174
cfn=(2100)
calls=87 0 
0 1566
0 19756
cfn=(1802)
calls=1796 0 
0 117951132
0 7184
cfn=(1802)
calls=1796 0 
0 116997955
0 506472
cob=(4)
cfi=(175)
cfn=(1680)
calls=71840 0 
0 8333398
0 237072
cob=(4)
cfi=(175)
cfn=(1680)
calls=3592 0 
0 341240
0 7184
cfn=(1684)
calls=3592 0 
0 370396
0 93392
cfn=(2102) std::vector<double, std::allocator<double> >::vector(unsigned long, double const&, std::allocator<double> const&)
calls=1796 0 
0 227290
0 21552
cob=(4)
cfi=(175)
cfn=(1326)
calls=1796 0 
0 117145
0 11213663
cfn=(1808)
calls=1796 0 
0 2532360
0 19756
cob=(4)
cfi=(175)
cfn=(1326)
calls=1796 0 
0 118303
0 470104
cfn=(2106)
calls=1796 0 
0 237968
0 5388
cob=(4)
cfi=(175)
cfn=(1680)
calls=1796 0 
0 170620
0 7184
cfn=(2108)
calls=3592 0 
0 369976
0 7184
cfn=(1770)
calls=3592 0 
0 369976
0 4897
cfn=(2100)
calls=87 0 
0 1566
0 54315
cfn=(2102)
calls=1796 0 
0 222945
0 21552
cob=(4)
cfi=(175)
cfn=(1326)
calls=1796 0 
0 116875
0 11233419
cfn=(2110) mix(double, std::array<double, 3ul>, double, std::array<double, 3ul>)
calls=1796 0 
0 32286
0 21552
cfn=(1808)
calls=1796 0 
0 2532360
0 19756
cob=(4)
cfi=(175)
cfn=(1326)
calls=1796 0 
0 116875
0 430592
cfn=(2106)
calls=1796 0 
0 205652
0 5388
cob=(4)
cfi=(175)
cfn=(1680)
calls=1796 0 
0 170620
0 1796

fn=(2100)
0 129312

fn=(2102)
0 61064
cob=(4)
cfi=(175)
cfn=(1326)
calls=3592 0 
0 233480
0 155691

fn=(2112)
0 7107

fn=(2114) discard_mix_well(State&, Input&)
0 3145
cfn=(2096)
calls=95 0 
0 5795
0 2130

fn=(2206)
0 3
cob=(4)
cfi=(175)
cfn=(2120)
calls=1 0 
0 3360

fn=(2212)
0 132558
cfn=(1812)
calls=3592 0 
0 9227848
0 25144
cfn=(1854)
calls=3592 0 
0 5039576
0 35920
cfn=(1854)
calls=3592 0 
0 4741367
0 21552
cfn=(1854)
calls=3592 0 
0 4729102
0 21552
cfn=(1854)
calls=3592 0 
0 4740877
0 21552
cfn=(1854)
calls=3592 0 
0 4727219
0 10776
cfn=(2214) boost::basic_format<char, std::char_traits<char>, std::allocator<char> >::str[abi:cxx11]() const
calls=3592 0 
0 1831096
0 7780
cfn=(2002)
calls=3890 0 
0 1234501
0 47401
cfn=(1812)
calls=103 0 
0 225364
0 721
cfn=(1854)
calls=103 0 
0 143067
0 1030
cfn=(1854)
calls=103 0 
0 134235
0 618
cfn=(1854)
calls=103 0 
0 134611
0 618
cfn=(1854)
calls=103 0 
0 132606
0 309
cfn=(2214)
calls=103 0 
0 42997
0 703
cfn=(1812)
calls=100 0 
0 180700
0 700
cfn=(1854)
calls=100 0 
0 137500
0 1000
cfn=(1854)
calls=100 0 
0 131100
0 600
cfn=(1854)
calls=100 0 
0 127600
0 300
cfn=(2214)
calls=100 0 
0 33800
0 670
cfn=(1812)
calls=95 0 
0 171665
0 665
cfn=(1854)
calls=95 0 
0 130625
0 950
cfn=(1854)
calls=95 0 
0 124545
0 570
cfn=(1854)
calls=95 0 
0 121220
0 285
cfn=(2214)
calls=95 0 
0 32110
0 95

fn=(2268)
0 9
cob=(4)
cfi=(175)
cfn=(2274) 0x000000000010c450
calls=1 0 
0 134
0 1
cfn=(2284) 0x0000000000005bf0
calls=1 0 
0 5
0 3

fn=(1474)
0 3
cfn=(1476) solve()
calls=1 0 
0 11607222968
0 3

fn=(1476)
0 14
cob=(4)
cfi=(175)
cfn=(1478) 0x000000000010c720
calls=1 0 
0 900
0 3
cfn=(1488)
calls=1 0 
0 6114604
0 12
cfn=(1672)
calls=1 0 
0 21706
0 35
cfn=(1686)
calls=1 0 
0 127
0 30
cfn=(1686)
calls=5 0 
0 453
0 27
cob=(4)
cfi=(175)
cfn=(1688) 0x000000000010c6d0
calls=1 0 
0 13
0 1
cob=(4)
cfi=(175)
cfn=(1688)
calls=1 0 
0 18
0 14
cob=(4)
cfi=(175)
cfn=(1326)
calls=1 0 
0 62
0 11
cob=(4)
cfi=(175)
cfn=(1688)
calls=1 0 
0 13
0 4
cob=(4)
cfi=(175)
cfn=(1688)
calls=1 0 
0 18
0 34
cfn=(1692)
calls=1 0 
0 47139202
0 4
cfn=(1692)
calls=1 0 
0 109100156
0 8
cfn=(1692)
calls=2 0 
0 4461890182
0 13
cfn=(1786) ManageGroupInfo::struct_init_wall(Input&)
calls=1 0 
0 2497717
0 4
cfn=(1798)
calls=1 0 
0 464966
0 13
cob=(4)
cfi=(175)
cfn=(1326)
calls=1 0 
0 200
0 13
cob=(4)
cfi=(175)
cfn=(1698)
calls=1 0 
0 32
0 1544
cfn=(1810)
calls=10 0 
0 385273
0 910
cfn=(2004)
calls=100 0 
0 5961156049
0 2619
cfn=(2094) std::_Rb_tree_iterator<std::pair<int const, int> > std::_Rb_tree<int, std::pair<int const, int>, std::_Select1st<std::pair<int const, int> >, std::less<int>, std::allocator<std::pair<int const, int> > >::_M_emplace_hint_unique<std::piecewise_construct_t const&, std::tuple<int const&>, std::tuple<> >(std::_Rb_tree_const_iterator<std::pair<int const, int> >, std::piecewise_construct_t const&, std::tuple<int const&>&&, std::tuple<>&&) [clone .isra.0]
calls=3 0 
0 454
0 2723
cfn=(2094)
calls=3 0 
0 454
0 903
cfn=(2096)
calls=100 0 
0 7928314
0 8085
cfn=(2096)
calls=2695 0 
0 199652861
0 9185
cfn=(2096)
calls=100 0 
0 7775248
0 1113
cfn=(2096)
calls=371 0 
0 28580040
0 2313
cfn=(2096)
calls=100 0 
0 26825
0 300
cfn=(2114)
calls=100 0 
0 11070
0 1687
cfn=(2096)
calls=429 0 
0 32596167
0 1987
cob=(4)
cfi=(175)
cfn=(1680)
calls=100 0 
0 9519
0 600
cob=(4)
cfi=(175)
cfn=(1680)
calls=100 0 
0 9671
0 700
cob=(4)
cfi=(175)
cfn=(1680)
calls=100 0 
0 11222
0 207
cfn=(1810)
calls=1 0 
0 39448
0 128
cfn=(1812)
calls=3 0 
0 7641
0 21
cfn=(1854)
calls=3 0 
0 4167
0 21
cfn=(1854)
calls=3 0 
0 3975
0 21
cfn=(1854)
calls=3 0 
0 4033
0 21
cfn=(1854)
calls=3 0 
0 14993
0 9
cfn=(1938)
calls=3 0 
0 12648
0 33
cob=(4)
cfi=(175)
cfn=(1996)
calls=3 0 
0 1074
0 6
cob=(4)
cfi=(175)
cfn=(2000)
calls=3 0 
0 618
0 6
cfn=(2002)
calls=3 0 
0 918
0 6
cob=(4)
cfi=(175)
cfn=(2200) 0x000000000010c5d0
calls=3 0 
0 42
0 13
cob=(4)
cfi=(175)
cfn=(1478)
calls=1 0 
0 31
0 15
cob=(4)
cfi=(175)
cfn=(1710)
calls=1 0 
0 23
0 9
cfn=(1812)
calls=1 0 
0 2445
0 11
cfn=(1854)
calls=1 0 
0 1475
0 10
cfn=(1854)
calls=1 0 
0 4353
0 7
cfn=(1854)
calls=1 0 
0 1345
0 7
cfn=(1854)
calls=1 0 
0 1359
0 3
cfn=(1938)
calls=1 0 
0 4217
0 11
cob=(4)
cfi=(175)
cfn=(1996)
calls=1 0 
0 358
0 2
cob=(4)
cfi=(175)
cfn=(2000)
calls=1 0 
0 206
0 2
cfn=(2002)
calls=1 0 
0 306
0 3
cfn=(2208)
calls=1 0 
0 9118
0 5
cfn=(2208)
calls=1 0 
0 9530
0 11
cob=(4)
cfi=(175)
cfn=(1326)
calls=1 0 
0 347
0 14
cob=(4)
cfi=(175)
cfn=(1698)
calls=1 0 
0 93346
0 4
cfn=(2210)
calls=1 0 
0 40435797
0 3
cob=(4)
cfi=(175)
cfn=(1680)
calls=1 0 
0 212
0 2
cfn=(1796)
calls=1 0 
0 2466
0 2
cfn=(1796)
calls=1 0 
0 2490
0 2
cfn=(2228)
calls=1 0 
0 398
0 2
cfn=(2228)
calls=1 0 
0 400
0 6
cob=(4)
cfi=(175)
cfn=(1680)
calls=1 0 
0 95
0 2
cfn=(2230)
calls=1 0 
0 15532
0 2
cfn=(1796)
calls=1 0 
0 2615
0 2
cfn=(1796)
calls=1 0 
0 2490
0 2
cfn=(2232) std::_Hashtable<std::tuple<int, int, int>, std::pair<std::tuple<int, int, int> const, std::vector<double, std::allocator<double> > >, std::allocator<std::pair<std::tuple<int, int, int> const, std::vector<double, std::allocator<double> > > >, std::__detail::_Select1st, std::equal_to<std::tuple<int, int, int> >, std::hash<std::tuple<int, int, int> >, std::__detail::_Mod_range_hashing, std::__detail::_Default_ranged_hash, std::__detail::_Prime_rehash_policy, std::__detail::_Hashtable_traits<false, false, true> >::clear()
calls=1 0 
0 119308
0 7
cob=(4)
cfi=(175)
cfn=(1680)
calls=1 0 
0 227
0 2
cfn=(2234) std::_Hashtable<std::tuple<int, int, int>, std::pair<std::tuple<int, int, int> const, std::vector<std::vector<std::pair<int, int>, std::allocator<std::pair<int, int> > >, std::allocator<std::vector<std::pair<int, int>, std::allocator<std::pair<int, int> > > > > >, std::allocator<std::pair<std::tuple<int, int, int> const, std::vector<std::vector<std::pair<int, int>, std::allocator<std::pair<int, int> > >, std::allocator<std::vector<std::pair<int, int>, std::allocator<std::pair<int, int> > > > > > >, std::__detail::_Select1st, std::equal_to<std::tuple<int, int, int> >, std::hash<std::tuple<int, int, int> >, std::__detail::_Mod_range_hashing, std::__detail::_Default_ranged_hash, std::__detail::_Prime_rehash_policy, std::__detail::_Hashtable_traits<false, false, true> >::clear()
calls=1 0 
0 701011951
0 7
cob=(4)
cfi=(175)
cfn=(1680)
calls=1 0 
0 458
0 2
cfn=(1684)
calls=1 0 
0 122
0 2
cfn=(2236)
calls=1 0 
0 269
0 41
cob=(4)
cfi=(175)
cfn=(1680)
calls=6 0 
0 570
0 25
cob=(4)
cfi=(175)
cfn=(1680)
calls=1 0 
0 95
0 6
cob=(4)
cfi=(175)
cfn=(1680)
calls=1 0 
0 173
0 6
cob=(4)
cfi=(175)
cfn=(1680)
calls=1 0 
0 95
0 15

fn=(1674)
0 70

fn=(1684)
0 281172
cob=(4)
cfi=(175)
cfn=(1680)
calls=21473 0 
0 2095970
0 27347

fn=(1786)
0 33
cfn=(1788)
calls=1 0 
0 619471
0 2
cfn=(1792)
calls=1 0 
0 111
0 16
cfn=(1788)
calls=1 0 
0 619827
0 2
cfn=(1792)
calls=1 0 
0 130
0 13741
cfn=(1794)
calls=1 0 
0 619567
0 3
cfn=(1794)
calls=1 0 
0 619601
0 2
cfn=(1796)
calls=1 0 
0 2487
0 2
cfn=(1796)
calls=1 0 
0 2490
0 17
cob=(4)
cfi=(175)
cfn=(1326)
calls=1 0 
0 62
0 24
cob=(4)
cfi=(175)
cfn=(1676)
calls=1 0 
0 15
0 8
cob=(4)
cfi=(175)
cfn=(1326)
calls=1 0 
0 62
0 25
cob=(4)
cfi=(175)
cfn=(1676)
calls=1 0 
0 15
0 4

fn=(1850)
0 407
cob=(4)
cfi=(175)
cfn=(1326)
calls=11 0 
0 715
0 165
cob=(4)
cfi=(175)
cfn=(1804)
calls=11 0 
0 143
0 209

fn=(1856)
0 1833156
cfn=(1858)
calls=19072 0 
0 22866109
0 209792

fn=(1870)
0 11967
cob=(4)
cfi=(175)
cfn=(1872)
calls=3989 0 
0 1637438

fn=(2032)
0 128275
cfn=(1770)
calls=5131 0 
0 528493
0 61572
cfn=(1684)
calls=5131 0 
0 528493
0 74096
cfn=(2030)
calls=4631 0 
0 152823
0 572487
cfn=(2030)
calls=4631 0 
0 152823
0 9262
cfn=(1770)
calls=4631 0 
0 23155
0 9262
cfn=(1684)
calls=4631 0 
0 23155
0 9262
cfn=(1770)
calls=4631 0 
0 23155
0 9262
cfn=(1684)
calls=4631 0 
0 23155
0 9262
cfn=(1770)
calls=4631 0 
0 23155
0 9262
cfn=(1684)
calls=4631 0 
0 23155
0 33274
cfn=(2030)
calls=871 0 
0 28743
0 14843

fn=(2040)
0 366912
cfn=(2042)
calls=6552 0 
0 4590583
0 91728
cfn=(2036)
calls=6552 0 
0 530848
0 78624
cob=(4)
cfi=(175)
cfn=(1676)
calls=6552 0 
0 87774
0 52416
cfn=(2046)
calls=6552 0 
0 1428706
0 19656
cfn=(2050) estimateMaxEigenvalue(Eigen::Matrix<double, -1, -1, 0, -1, -1> const&, int)
calls=6552 0 
0 123413202
0 101744
cfn=(2068)
calls=2890 0 
0 2243137
0 18310
cfn=(2068)
calls=3662 0 
0 2861259
0 65520
cfn=(2066)
calls=6552 0 
0 609336
0 124488
cfn=(2036)
calls=6552 0 
0 530712
0 19656
cfn=(2072)
calls=6552 0 
0 1835036
0 260014
cob=(4)
cfi=(175)
cfn=(2062)
calls=6552 0 
0 570024
0 58968
cfn=(2074)
calls=6552 0 
0 471744
0 32760
cfn=(2074)
calls=6552 0 
0 471744
0 32760
cfn=(2074)
calls=6552 0 
0 518565
0 32760
cfn=(2074)
calls=6552 0 
0 1220726
0 255341040
cfn=(2036)
calls=3049672 0 
0 247321743
0 114282708
cfn=(2068)
calls=3049672 0 
0 2258071743
0 30496720
cob=(4)
cfi=(175)
cfn=(2062)
calls=3049672 0 
0 265325855
0 45745080
cfn=(2072)
calls=3049672 0 
0 844474781
0 116894856
cob=(4)
cfi=(175)
cfn=(2062)
calls=3049672 0 
0 265323478
0 424115879
cfn=(2064)
calls=2328834 0 
0 41809218
0 3600405
cfn=(2064)
calls=720081 0 
0 19442187
0 64055985
cob=(4)
cfi=(175)
cfn=(2062)
calls=3048915 0 
0 265256935
0 12218840
cfn=(2066)
calls=5795 0 
0 564386
0 1514
cfn=(2066)
calls=757 0 
0 70439
0 13104
cfn=(2066)
calls=6552 0 
0 646915
0 13104
cfn=(2066)
calls=6552 0 
0 658838
0 13104
cfn=(2066)
calls=6552 0 
0 674181
0 13104
cfn=(2066)
calls=6552 0 
0 691806
0 13104
cfn=(2066)
calls=6552 0 
0 741802
0 32760
cob=(4)
cfi=(175)
cfn=(2062)
calls=6552 0 
0 570180
0 27533578
cfn=(2066)
calls=757 0 
0 70401
0 757

fn=(2070)
0 45843360

fn=(2078) std::enable_if<std::__and_<std::__not_<std::__is_tuple_like<ColorMixer::Result> >, std::is_move_constructible<ColorMixer::Result>, std::is_move_assignable<ColorMixer::Result> >::value, void>::type std::swap<ColorMixer::Result>(ColorMixer::Result&, ColorMixer::Result&)
0 5776

fn=(2088)
0 6626169

fn=(2214)
0 1276774
cob=(4)
cfi=(175)
cfn=(1804)
calls=6894 0 
0 137880
0 363334
cfn=(1852)
calls=3890 0 
0 23340
0 138675

fn=(2244)
0 11
cfn=(2228)
calls=3 0 
0 688
0 12
cob=(4)
cfi=(175)
cfn=(1680)
calls=3 0 
0 348
0 8

fn=(2252)
0 8
cfn=(1330)
calls=1 0 
0 7
0 2

fn=(2284)
0 5

fn=(1330)
0 21

fn=(1454)
0 176
cfn=(1456)
calls=3 0 
0 57
0 81

fn=(1566)
0 7156
cob=(4)
cfi=(175)
cfn=(1326)
calls=2 0 
0 404
0 20

fn=(1738)
0 17542
cob=(4)
cfi=(175)
cfn=(1698)
calls=28 0 
0 550
0 132054

fn=(1754)
0 102
cob=(4)
cfi=(175)
cfn=(1326)
calls=6 0 
0 1035
0 30
cob=(4)
cfi=(175)
cfn=(1676)
calls=6 0 
0 6596
0 18097
cob=(4)
cfi=(175)
cfn=(1680)
calls=5 0 
0 553
0 48

fn=(1760)
0 2976960

fn=(1764)
0 1512444
cob=(4)
cfi=(175)
cfn=(1698)
calls=51780 0 
0 689340
0 483444
cob=(4)
cfi=(175)
cfn=(1698)
calls=1584 0 
0 21384
0 24694
cob=(4)
cfi=(175)
cfn=(1326)
calls=1454 0 
0 182281
0 10178
cob=(4)
cfi=(175)
cfn=(1698)
calls=1454 0 
0 27168709
0 7926
cob=(4)
cfi=(175)
cfn=(1680)
calls=1188 0 
0 127413
0 22460

fn=(1908)
0 604956

fn=(2022)
0 171000
cob=(4)
cfi=(175)
cfn=(1326)
calls=5700 0 
0 370948
0 45600
cob=(4)
cfi=(175)
cfn=(1676)
calls=5700 0 
0 76300
0 39900
cfn=(2024) std::vector<std::vector<double, std::allocator<double> >, std::allocator<std::vector<double, std::allocator<double> > > >::_M_fill_assign(unsigned long, std::vector<double, std::allocator<double> > const&)
calls=5700 0 
0 1530262
0 17100
cob=(4)
cfi=(175)
cfn=(1680)
calls=5700 0 
0 541540
0 1145700
cob=(4)
cfi=(175)
cfn=(1326)
calls=5700 0 
0 370500
0 45600
cob=(4)
cfi=(175)
cfn=(1676)
calls=5700 0 
0 84700
0 51300
cob=(4)
cfi=(175)
cfn=(1326)
calls=5700 0 
0 371186
0 85500
cob=(4)
cfi=(175)
cfn=(1326)
calls=5700 0 
0 370500
0 64500
cob=(4)
cfi=(175)
cfn=(1326)
calls=12900 0 
0 839219
0 167400
cob=(4)
cfi=(175)
cfn=(1804)
calls=18600 0 
0 296400
0 91500
cfn=(1770)
calls=5700 0 
0 587100
0 1236900
cfn=(2024)
calls=5700 0 
0 1573776
0 11400
cfn=(1770)
calls=5700 0 
0 589179
0 739800
cob=(4)
cfi=(175)
cfn=(1680)
calls=18600 0 
0 1767021
0 84300
cob=(4)
cfi=(175)
cfn=(1680)
calls=5700 0 
0 543579
0 11400
cob=(4)
cfi=(175)
cfn=(1326)
calls=5700 0 
0 418300
0 74100
cfn=(2024)
calls=5700 0 
0 1399864
0 17100
cob=(4)
cfi=(175)
cfn=(1680)
calls=5700 0 
0 545694
0 7373700
cob=(4)
cfi=(175)
cfn=(1326)
calls=5700 0 
0 370500
0 39900
cob=(4)
cfi=(175)
cfn=(1676)
calls=5700 0 
0 76300
0 20700

fn=(2024)
0 504111
cfn=(1764)
calls=1188 0 
0 70092
0 11880
cfn=(1764)
calls=2970 0 
0 393270
0 27324
cob=(4)
cfi=(175)
cfn=(1326)
calls=1188 0 
0 101516
0 17820
cob=(4)
cfi=(175)
cfn=(1698)
calls=1188 0 
0 16038
0 190311
cfn=(1764)
calls=15897 0 
0 798650
0 137988
cfn=(1764)
calls=34497 0 
0 1737250
0 156201
cob=(4)
cfi=(175)
cfn=(1680)
calls=1188 0 
0 130723
0 191934
cob=(4)
cfi=(175)
cfn=(1326)
calls=15 0 
0 1249
0 480
cob=(4)
cfi=(175)
cfn=(1326)
calls=60 0 
0 5612
0 1020
cob=(4)
cfi=(175)
cfn=(1698)
calls=60 0 
0 810
0 3690
cob=(4)
cfi=(175)
cfn=(1680)
calls=42 0 
0 4389
0 324
cob=(4)
cfi=(175)
cfn=(1680)
calls=12 0 
0 1220

fn=(2048)
0 24656764

fn=(2050)
0 190008
cfn=(2036)
calls=6552 0 
0 530848
0 78624
cob=(4)
cfi=(175)
cfn=(2052) 0x000000000010c490
calls=6552 0 
0 386355
0 14732
cob=(4)
cfi=(175)
cfn=(2052)
calls=14732 0 
0 868715
0 2963174
cob=(4)
cfi=(175)
cfn=(2038)
calls=131040 0 
0 6159016
0 2096640
cob=(4)
cfi=(175)
cfn=(1676)
calls=131040 0 
0 1755480
0 2751840
cfn=(2060)
calls=131040 0 
0 22765200
0 917280
cfn=(2046)
calls=131040 0 
0 28574120
0 4807160
cob=(4)
cfi=(175)
cfn=(2062)
calls=131040 0 
0 11400480
0 583128
cfn=(2036)
calls=6552 0 
0 530712
0 91728
cob=(4)
cfi=(175)
cfn=(1676)
calls=6552 0 
0 85176
0 117936
cfn=(2060)
calls=6552 0 
0 1138260
0 85176
cfn=(2036)
calls=6552 0 
0 530712
0 91728
cob=(4)
cfi=(175)
cfn=(1676)
calls=6552 0 
0 87774
0 45864
cfn=(2046)
calls=6552 0 
0 1428706
0 52416
cfn=(2066)
calls=6552 0 
0 609336
0 13104
cfn=(2066)
calls=6552 0 
0 609336
0 13104
cfn=(2066)
calls=6552 0 
0 609336
0 877968
cfn=(2036)
calls=131040 0 
0 10633326
0 1834560
cob=(4)
cfi=(175)
cfn=(1676)
calls=131040 0 
0 1703520
0 917280
cob=(4)
cfi=(175)
cfn=(2062)
calls=131040 0 
0 11400606
0 2835472
cfn=(2064)
calls=6552 0 
0 140464
0 86802

fn=(2076)
0 15934
cfn=(2078)
calls=14 0 
0 266
0 74118
cfn=(2077) void std::__introsort_loop<__gnu_cxx::__normal_iterator<ColorMixer::Result*, std::vector<ColorMixer::Result, std::allocator<ColorMixer::Result> > >, long, __gnu_cxx::__ops::_Iter_comp_iter<ColorMixer::solve_nnls(std::array<double, 3ul> const&, int, int)::{lambda(ColorMixer::Result const&, ColorMixer::Result const&)#1}> >(__gnu_cxx::__normal_iterator<ColorMixer::Result*, std::vector<ColorMixer::Result, std::allocator<ColorMixer::Result> > >, __gnu_cxx::__normal_iterator<ColorMixer::Result*, std::vector<ColorMixer::Result, std::allocator<ColorMixer::Result> > >, long, __gnu_cxx::__ops::_Iter_comp_iter<ColorMixer::solve_nnls(std::array<double, 3ul> const&, int, int)::{lambda(ColorMixer::Result const&, ColorMixer::Result const&)#1}>)'2
calls=76 0 
0 2432
0 1120
cfn=(2077)
calls=224 0 
0 8085
0 2335
cfn=(2078)
calls=9 0 
0 171
0 554
cfn=(2078)
calls=277 0 
0 5263
0 7358

fn=(2077)
0 6441
cfn=(2077)
calls=4 0 
0 128
0 3988
cfn=(2078)
calls=4 0 
0 76
0 12

fn=(2090)
0 977644
cfn=(1742)
calls=17072 0 
0 884513
0 645832
cfn=(1742)
calls=58712 0 
0 2780964
0 547402
cob=(4)
cfi=(175)
cfn=(1326)
calls=8763 0 
0 574312
0 613245
cob=(4)
cfi=(175)
cfn=(1326)
calls=31635 0 
0 2019915
0 825249
cob=(4)
cfi=(175)
cfn=(1680)
calls=764 0 
0 72580
0 21133
cob=(4)
cfi=(175)
cfn=(1680)
calls=263 0 
0 24985
0 43815

fn=(2094)
0 60
cob=(4)
cfi=(175)
cfn=(1326)
calls=6 0 
0 390
0 54
cfn=(1454)
calls=6 0 
0 146
0 48
cob=(4)
cfi=(175)
cfn=(1458)
calls=6 0 
0 140
0 70

fn=(2110)
0 32286

fn=(2232)
0 2137
cob=(4)
cfi=(175)
cfn=(1680)
calls=266 0 
0 80860
0 798
cob=(4)
cfi=(175)
cfn=(1680)
calls=266 0 
0 30623
0 537
cob=(4)
cfi=(175)
cfn=(1676)
calls=1 0 
0 4347
0 6

fn=(2234)
0 20671381
cob=(4)
cfi=(175)
cfn=(1680)
calls=3444918 0 
0 399609944
0 10336616
cob=(4)
cfi=(175)
cfn=(1680)
calls=266 0 
0 270357750
0 798
cob=(4)
cfi=(175)
cfn=(1680)
calls=266 0 
0 30570
0 537
cob=(4)
cfi=(175)
cfn=(1676)
calls=1 0 
0 4347
0 8

ob=(4)
fl=(175)
fn=(2126)
0 8
cob=(7)
cfi=(185)
cfn=(2130)
calls=4 0 
0 13732
cob=(1)
cfi=(186)
cfn=(642)
calls=1 71 
0 1277
0 5

fn=(684)
0 6072
cob=(7)
cfi=(185)
cfn=(688)
calls=3036 0 
0 72804
cob=(1)
cfi=(186)
cfn=(642)
calls=1 71 
0 826
0 5

fn=(690)
0 6072
cob=(2)
cfi=(188)
cfn=(694)
calls=3036 136 
0 20143
cob=(1)
cfi=(186)
cfn=(642)
calls=1 71 
0 1044
0 5

fn=(704)
0 2
cob=(7)
cfi=(185)
cfn=(708)
calls=1 0 
0 875
cob=(1)
cfi=(186)
cfn=(642)
calls=1 71 
0 970
0 5

fn=(798)
0 512
cob=(2)
cfi=(194)
cfn=(802)
calls=256 32 
0 11136
cob=(1)
cfi=(186)
cfn=(642)
calls=1 71 
0 777
0 5

fn=(808)
0 24
cob=(7)
cfi=(185)
cfn=(812)
calls=12 0 
0 4261
cob=(1)
cfi=(186)
cfn=(642)
calls=1 71 
0 814
0 5

fn=(814)
0 20
cob=(2)
cfi=(197)
cfn=(818)
calls=10 26 
0 3300
cob=(1)
cfi=(186)
cfn=(642)
calls=1 71 
0 790
0 5

fn=(890)
0 2
cob=(7)
cfi=(185)
cfn=(894)
calls=1 0 
0 114
cob=(1)
cfi=(186)
cfn=(642)
calls=1 71 
0 1078
0 5

fn=(1018)
0 2
cob=(7)
cfi=(185)
cfn=(1022)
calls=1 0 
0 3
cob=(1)
cfi=(186)
cfn=(642)
calls=1 71 
0 734
0 5

fn=(1032)
0 8
cob=(7)
cfi=(185)
cfn=(1036)
calls=4 0 
0 3859
cob=(1)
cfi=(186)
cfn=(642)
calls=1 71 
0 1025
0 5

fn=(1044)
0 38160
cob=(7)
cfi=(185)
cfn=(1048)
calls=19080 0 
0 438840
cob=(1)
cfi=(186)
cfn=(642)
calls=1 71 
0 694
0 5

fn=(1068)
0 8
cob=(7)
cfi=(185)
cfn=(1072)
calls=4 0 
0 224
cob=(1)
cfi=(186)
cfn=(642)
calls=1 71 
0 985
0 5

fn=(1326)
0 36276148
cob=(7)
cfi=(185)
cfn=(1328)
calls=18138074 0 
0 2298229359

fn=(1430)
0 6
cob=(7)
cfi=(185)
cfn=(1434)
calls=3 0 
0 815
cob=(1)
cfi=(186)
cfn=(642)
calls=1 71 
0 1025
0 5

fn=(1478)
0 4
cob=(7)
cfi=(185)
cfn=(1480)
calls=2 0 
0 927

fn=(1814)
0 23430
cob=(7)
cfi=(185)
cfn=(654)
calls=11715 0 
0 351450

fn=(1824)
0 2
cob=(7)
cfi=(185)
cfn=(1826)
calls=1 0 
0 1609

fn=(1978)
0 514
cob=(7)
cfi=(185)
cfn=(1982)
calls=257 0 
0 25743
cob=(1)
cfi=(186)
cfn=(642)
calls=1 71 
0 993
0 5

fn=(588)
0 7

fn=(2166)
0 24
cob=(2)
cfi=(225)
cfn=(1628)
calls=12 255 
0 140

fn=(2340)
0 4
cob=(7)
cfi=(185)
cfn=(2344)
calls=2 0 
0 4
cob=(1)
cfi=(186)
cfn=(642)
calls=1 71 
0 760
0 5

fn=(2354)
0 6
cob=(7)
cfi=(185)
cfn=(2358)
calls=3 0 
0 148
cob=(1)
cfi=(186)
cfn=(642)
calls=1 71 
0 917
0 5

fn=(2355)
0 2
cob=(7)
cfi=(185)
cfn=(2359)
calls=1 0 
0 22

fn=(756)
0 2
cob=(7)
cfi=(185)
cfn=(760)
calls=1 0 
0 1155
cob=(1)
cfi=(186)
cfn=(642)
calls=1 71 
0 877
0 5

fn=(828)
0 2
cob=(7)
cfi=(185)
cfn=(832)
calls=1 0 
0 44
cob=(1)
cfi=(186)
cfn=(642)
calls=1 71 
0 782
0 5

fn=(1056)
0 38152
cob=(7)
cfi=(185)
cfn=(1060)
calls=19076 0 
0 1068256
cob=(1)
cfi=(186)
cfn=(642)
calls=1 71 
0 985
0 5

fn=(1076)
0 22
cob=(2)
cfi=(200)
cfn=(1080)
calls=11 67 
0 832
cob=(1)
cfi=(186)
cfn=(642)
calls=1 71 
0 945
0 5

fn=(1396)
0 6048
cob=(7)
cfi=(185)
cfn=(1328)
calls=3024 0 
0 191583
cob=(1)
cfi=(186)
cfn=(642)
calls=1 71 
0 602
0 5

fn=(1568)
0 6036
cob=(7)
cfi=(185)
cfn=(1570)
calls=3018 0 
0 6058974

fn=(1614)
0 6036
cob=(2)
cfi=(224)
cfn=(1618)
calls=3018 1782 
0 2419622
cob=(1)
cfi=(186)
cfn=(642)
calls=1 71 
0 884
0 5

fn=(1676)
0 18997248
cob=(2)
cfi=(234)
cfn=(1678)
calls=9498624 158 
0 168497276

fn=(1816)
0 7810
cob=(2)
cfi=(198)
cfn=(822)
calls=3905 52 
0 54878

fn=(1876)
0 38136
cob=(7)
cfi=(185)
cfn=(1880)
calls=19068 0 
0 6154411
cob=(1)
cfi=(186)
cfn=(642)
calls=1 71 
0 713
0 5

fn=(1912)
0 38144
cob=(7)
cfi=(185)
cfn=(1914)
calls=19072 0 
0 1394026

fn=(2062)
0 19044960
cob=(2)
cfi=(204)
cfn=(1666)
calls=9522480 3359 
0 810035060

fn=(2274)
0 2
cob=(2)
cfi=(273)
cfn=(2276)
calls=1 30 
0 132

fn=(2388)
0 4

fn=(768)
0 2
cob=(7)
cfi=(185)
cfn=(772)
calls=1 0 
0 51
cob=(1)
cfi=(186)
cfn=(642)
calls=1 71 
0 745
0 5

fn=(786)
0 20
cob=(2)
cfi=(192)
cfn=(790)
calls=10 30 
0 220
cob=(1)
cfi=(186)
cfn=(642)
calls=1 71 
0 814
0 5

fn=(792)
0 256
cob=(2)
cfi=(193)
cfn=(796)
calls=128 30 
0 3200
cob=(1)
cfi=(186)
cfn=(642)
calls=1 71 
0 902
0 5

fn=(864)
0 2
cob=(7)
cfi=(185)
cfn=(868)
calls=1 0 
0 51
cob=(1)
cfi=(186)
cfn=(642)
calls=1 71 
0 745
0 5

fn=(938)
0 2
cob=(7)
cfi=(185)
cfn=(942)
calls=1 0 
0 353
cob=(1)
cfi=(186)
cfn=(642)
calls=1 71 
0 938
0 5

fn=(1136)
0 36282198
cob=(2)
cfi=(204)
cfn=(1140)
calls=18141099 3294 
0 1971882989
cob=(1)
cfi=(186)
cfn=(642)
calls=1 71 
0 901
0 5

fn=(1392)
0 12
cob=(7)
cfi=(185)
cfn=(1394)
calls=6 0 
0 1935

fn=(1450)
0 2
cob=(7)
cfi=(185)
cfn=(1452)
calls=1 0 
0 11

fn=(1522)
0 6
cob=(2)
cfi=(223)
cfn=(1526)
calls=3 25 
0 24
cob=(1)
cfi=(186)
cfn=(642)
calls=1 71 
0 779
0 5

fn=(1574)
0 6036
cob=(7)
cfi=(185)
cfn=(1578)
calls=3018 0 
0 457375
cob=(1)
cfi=(186)
cfn=(642)
calls=1 71 
0 669
0 5

fn=(1586)
0 6036
cob=(7)
cfi=(185)
cfn=(1590)
calls=3018 0 
0 268747
cob=(1)
cfi=(186)
cfn=(642)
calls=1 71 
0 749
0 5

fn=(1650)
0 6036
cob=(7)
cfi=(185)
cfn=(1654)
calls=3018 0 
0 282151
cob=(1)
cfi=(186)
cfn=(642)
calls=1 71 
0 749
0 5

fn=(1662)
0 36282184
cob=(2)
cfi=(204)
cfn=(1666)
calls=18141092 3359 
0 2065789642
cob=(1)
cfi=(186)
cfn=(642)
calls=1 71 
0 861
0 5

fn=(1688)
0 8
cob=(7)
cfi=(185)
cfn=(1690)
calls=4 0 
0 54

fn=(1710)
0 32
cob=(3)
cfi=(238)
cfn=(1712)
calls=16 30 
0 329

fn=(1890)
0 38136
cob=(7)
cfi=(185)
cfn=(1894)
calls=19068 0 
0 4493591
cob=(1)
cfi=(186)
cfn=(642)
calls=1 71 
0 1185
0 5

fn=(1940)
0 19168
cob=(7)
cfi=(185)
cfn=(1942)
calls=9584 0 
0 1840628

fn=(2310)
0 4

fn=(2408)
0 2
cob=(2)
cfi=(273)
cfn=(2276)
calls=1 30 
0 132

fn=(2120)
0 8
cob=(7)
cfi=(185)
cfn=(2122)
calls=4 0 
0 15366

fn=(650)
0 76344
cob=(7)
cfi=(185)
cfn=(654)
calls=38172 0 
0 1218846
cob=(1)
cfi=(186)
cfn=(642)
calls=1 71 
0 674
0 5

fn=(710)
0 2
cob=(2)
cfi=(190)
cfn=(714)
calls=1 43 
0 40
cob=(1)
cfi=(186)
cfn=(642)
calls=1 71 
0 814
0 5

fn=(564)
0 42
cob=(1)
cfi=(11)
cfn=(28)
calls=21 387 
0 493

fn=(602)
0 2
cob=(2)
cfi=(181)
cfn=(604)
calls=1 53 
0 22

fn=(720)
0 64
cob=(7)
cfi=(185)
cfn=(724)
calls=32 0 
0 13455
cob=(1)
cfi=(186)
cfn=(642)
calls=1 71 
0 942
0 5

fn=(732)
0 2
cob=(7)
cfi=(185)
cfn=(736)
calls=1 0 
0 44
cob=(1)
cfi=(186)
cfn=(642)
calls=1 71 
0 782
0 5

fn=(738)
0 2
cob=(7)
cfi=(185)
cfn=(742)
calls=1 0 
0 417
cob=(1)
cfi=(186)
cfn=(642)
calls=1 71 
0 1002
0 5

fn=(820)
0 6182
cob=(2)
cfi=(198)
cfn=(822)
calls=3091 52 
0 43274

fn=(872)
0 2
cob=(7)
cfi=(185)
cfn=(876)
calls=1 0 
0 417
cob=(1)
cfi=(186)
cfn=(642)
calls=1 71 
0 930
0 5

fn=(926)
0 2
cob=(7)
cfi=(185)
cfn=(930)
calls=1 0 
0 51
cob=(1)
cfi=(186)
cfn=(642)
calls=1 71 
0 713
0 5

fn=(956)
0 2
cob=(7)
cfi=(185)
cfn=(960)
calls=1 0 
0 109
cob=(1)
cfi=(186)
cfn=(642)
calls=1 71 
0 1034
0 5

fn=(1108)
0 2
cob=(7)
cfi=(185)
cfn=(1112)
calls=1 0 
0 3
cob=(1)
cfi=(186)
cfn=(642)
calls=1 71 
0 740
0 5

fn=(1364)
0 12
cob=(2)
cfi=(213)
cfn=(1368)
calls=6 25 
0 24
cob=(1)
cfi=(186)
cfn=(642)
calls=1 71 
0 915
0 5

fn=(1386)
0 6
cob=(7)
cfi=(185)
cfn=(1390)
calls=3 0 
0 1249
cob=(1)
cfi=(186)
cfn=(642)
calls=1 71 
0 1001
0 5

fn=(1530)
0 10
cob=(7)
cfi=(185)
cfn=(1534)
calls=5 0 
0 1803
cob=(1)
cfi=(186)
cfn=(642)
calls=1 71 
0 1301
0 5

fn=(1700)
0 16
cob=(3)
cfi=(235)
cfn=(1702)
calls=8 31 
0 1040

fn=(1720)
0 170964
cob=(7)
cfi=(185)
cfn=(1722)
calls=85482 0 
0 1376744

fn=(1804)
0 491284
cob=(2)
cfi=(225)
cfn=(1628)
calls=245642 255 
0 3808463

fn=(1882)
0 57378
cob=(7)
cfi=(185)
cfn=(1886)
calls=28689 0 
0 654476
cob=(1)
cfi=(186)
cfn=(642)
calls=1 71 
0 709
0 5

fn=(1883)
0 552
cob=(7)
cfi=(185)
cfn=(1887)
calls=276 0 
0 6072

fn=(2222)
0 10
cob=(2)
cfi=(266)
cfn=(2226)
calls=5 25 
0 40
cob=(1)
cfi=(186)
cfn=(642)
calls=1 71 
0 765
0 5

fn=(678)
0 2
cob=(7)
cfi=(185)
cfn=(682)
calls=1 0 
0 3953
cob=(1)
cfi=(186)
cfn=(642)
calls=1 71 
0 702
0 5

fn=(744)
0 2
cob=(7)
cfi=(185)
cfn=(748)
calls=1 0 
0 114
cob=(1)
cfi=(186)
cfn=(642)
calls=1 71 
0 1066
0 5

fn=(780)
0 2
cob=(7)
cfi=(185)
cfn=(784)
calls=1 0 
0 25500
cob=(1)
cfi=(186)
cfn=(642)
calls=1 71 
0 794
0 5

fn=(1026)
0 16
cob=(7)
cfi=(185)
cfn=(1030)
calls=8 0 
0 736
cob=(1)
cfi=(186)
cfn=(642)
calls=1 71 
0 678
0 5

fn=(1092)
0 4
cob=(7)
cfi=(185)
cfn=(1096)
calls=2 0 
0 10
cob=(1)
cfi=(186)
cfn=(642)
calls=1 71 
0 744
0 5

fn=(1344)
0 12
cob=(7)
cfi=(185)
cfn=(1348)
calls=6 0 
0 24
cob=(1)
cfi=(186)
cfn=(642)
calls=1 71 
0 854
0 5

fn=(1352)
0 12
cob=(7)
cfi=(185)
cfn=(1356)
calls=6 0 
0 3159
cob=(1)
cfi=(186)
cfn=(642)
calls=1 71 
0 934
0 5

fn=(1444)
0 8
cob=(7)
cfi=(185)
cfn=(1448)
calls=4 0 
0 28
cob=(1)
cfi=(186)
cfn=(642)
calls=1 71 
0 933
0 5

fn=(1494)
0 6046
cob=(7)
cfi=(185)
cfn=(1498)
calls=3023 0 
0 193706
cob=(1)
cfi=(186)
cfn=(642)
calls=1 71 
0 701
0 5

fn=(1820)
0 23430
cob=(7)
cfi=(185)
cfn=(1054)
calls=11715 0 
0 140580

fn=(1862)
0 38144
cob=(7)
cfi=(185)
cfn=(1036)
calls=19072 0 
0 3490176

fn=(1954)
0 19158
cob=(7)
cfi=(185)
cfn=(1902)
calls=9579 0 
0 563257
cob=(1)
cfi=(186)
cfn=(642)
calls=1 71 
0 985
0 5

fn=(1996)
0 30
cob=(7)
cfi=(185)
cfn=(1998)
calls=15 0 
0 5340

fn=(630)
0 7

fn=(2200)
0 6
cob=(7)
cfi=(185)
cfn=(2202)
calls=3 0 
0 36

fn=(2378)
0 2
cob=(2)
cfi=(273)
cfn=(2276)
calls=1 30 
0 132

fn=(1310)
0 7

fn=(774)
0 2
cob=(7)
cfi=(185)
cfn=(778)
calls=1 0 
0 26347
cob=(1)
cfi=(186)
cfn=(642)
calls=1 71 
0 686
0 5

fn=(834)
0 2
cob=(7)
cfi=(185)
cfn=(838)
calls=1 0 
0 353
cob=(1)
cfi=(186)
cfn=(642)
calls=1 71 
0 978
0 5

fn=(992)
0 2
cob=(7)
cfi=(185)
cfn=(996)
calls=1 0 
0 51
cob=(1)
cfi=(186)
cfn=(642)
calls=1 71 
0 713
0 5

fn=(1062)
0 8
cob=(7)
cfi=(185)
cfn=(1066)
calls=4 0 
0 1722
cob=(1)
cfi=(186)
cfn=(642)
calls=1 71 
0 985
0 5

fn=(1458)
0 32
cob=(7)
cfi=(185)
cfn=(1460)
calls=16 0 
0 530

fn=(1462)
0 2
cob=(1)
cfi=(48)
cfn=(1464)
calls=1 118 
0 5

fn=(1490)
0 10
cob=(7)
cfi=(185)
cfn=(1492)
calls=5 0 
0 7712

fn=(1510)
0 530
cob=(7)
cfi=(185)
cfn=(1514)
calls=265 0 
0 3996
cob=(1)
cfi=(186)
cfn=(642)
calls=1 71 
0 750
0 5

fn=(1516)
0 530
cob=(2)
cfi=(222)
cfn=(1520)
calls=265 32 
0 1855
cob=(1)
cfi=(186)
cfn=(642)
calls=1 71 
0 811
0 5

fn=(1580)
0 6036
cob=(7)
cfi=(185)
cfn=(1584)
calls=3018 0 
0 354005
cob=(1)
cfi=(186)
cfn=(642)
calls=1 71 
0 753
0 5

fn=(1622)
0 11558
cob=(2)
cfi=(225)
cfn=(1624)
calls=5779 249 
0 115580

fn=(1724)
0 104
cob=(7)
cfi=(185)
cfn=(1728)
calls=52 0 
0 5855
cob=(1)
cfi=(186)
cfn=(642)
calls=1 71 
0 942
0 5

fn=(1866)
0 76288
cob=(7)
cfi=(185)
cfn=(1412)
calls=38144 0 
0 267008

fn=(1872)
0 38136
cob=(7)
cfi=(185)
cfn=(1874)
calls=19068 0 
0 6403013

fn=(1966)
0 554
cob=(7)
cfi=(185)
cfn=(1970)
calls=277 0 
0 7010
cob=(1)
cfi=(186)
cfn=(642)
calls=1 71 
0 690
0 5

fn=(1990)
0 514
cob=(2)
cfi=(245)
cfn=(1994)
calls=257 25 
0 2056
cob=(1)
cfi=(186)
cfn=(642)
calls=1 71 
0 785
0 5

fn=(2196)
0 8
cob=(2)
cfi=(243)
cfn=(1838)
calls=4 61 
0 76
cob=(1)
cfi=(186)
cfn=(642)
calls=1 71 
0 824
0 5

fn=(2216)
0 10
cob=(7)
cfi=(185)
cfn=(2220)
calls=5 0 
0 1135
cob=(1)
cfi=(186)
cfn=(642)
calls=1 71 
0 818
0 5

fn=(2300) 0x000000000483d030
0 2
cob=(2)
cfi=(273)
cfn=(2276)
calls=1 30 
0 132

fn=(620)
0 7

fn=(858)
0 2
cob=(7)
cfi=(185)
cfn=(862)
calls=1 0 
0 154
cob=(1)
cfi=(186)
cfn=(642)
calls=1 71 
0 1062
0 5

fn=(902)
0 2
cob=(7)
cfi=(185)
cfn=(906)
calls=1 0 
0 115
cob=(1)
cfi=(186)
cfn=(642)
calls=1 71 
0 1018
0 5

fn=(968)
0 2
cob=(7)
cfi=(185)
cfn=(972)
calls=1 0 
0 109
cob=(1)
cfi=(186)
cfn=(642)
calls=1 71 
0 1010
0 5

fn=(1118)
0 2
cob=(2)
cfi=(201)
cfn=(1122)
calls=1 28 
0 453
cob=(1)
cfi=(186)
cfn=(642)
calls=1 71 
0 956
0 5

fn=(1322)
0 18
cob=(2)
cfi=(200)
cfn=(1080)
calls=9 67 
0 684

fn=(1332)
0 2
cob=(7)
cfi=(185)
cfn=(1334)
calls=1 0 
0 16039

fn=(1338)
0 6
cob=(7)
cfi=(185)
cfn=(1342)
calls=3 0 
0 1147
cob=(1)
cfi=(186)
cfn=(642)
calls=1 71 
0 841
0 5

fn=(1358)
0 24
cob=(7)
cfi=(185)
cfn=(1362)
calls=12 0 
0 48
cob=(1)
cfi=(186)
cfn=(642)
calls=1 71 
0 778
0 5

fn=(1402)
0 8
cob=(7)
cfi=(185)
cfn=(1406)
calls=4 0 
0 1026
cob=(1)
cfi=(186)
cfn=(642)
calls=1 71 
0 1009
0 5

fn=(1416)
0 6
cob=(7)
cfi=(185)
cfn=(1420)
calls=3 0 
0 297
cob=(1)
cfi=(186)
cfn=(642)
calls=1 71 
0 857
0 5

fn=(1504)
0 6
cob=(7)
cfi=(185)
cfn=(1508)
calls=3 0 
0 2508
cob=(1)
cfi=(186)
cfn=(642)
calls=1 71 
0 778
0 5

fn=(1656)
0 36282184
cob=(7)
cfi=(185)
cfn=(1660)
calls=18141092 0 
0 2138354876
cob=(1)
cfi=(186)
cfn=(642)
calls=1 71 
0 606
0 5

fn=(1818)
0 15620
cob=(7)
cfi=(185)
cfn=(730)
calls=7810 0 
0 46860

fn=(1828)
0 2
cob=(2)
cfi=(199)
cfn=(826)
calls=1 73 
0 47
cob=(1)
cfi=(186)
cfn=(642)
calls=1 71 
0 801
0 5

fn=(1836)
0 84120
cob=(2)
cfi=(243)
cfn=(1838)
calls=42060 61 
0 799140

fn=(1860)
0 38144
cob=(7)
cfi=(185)
cfn=(1030)
calls=19072 0 
0 1754624

fn=(1960)
0 554
cob=(7)
cfi=(185)
cfn=(1964)
calls=277 0 
0 10752
cob=(1)
cfi=(186)
cfn=(642)
calls=1 71 
0 722
0 5

fn=(636)
0 4
cob=(7)
cfi=(185)
cfn=(648)
calls=2 0 
0 83907
cob=(1)
cfi=(186)
cfn=(642)
calls=1 71 
0 718
0 5

fn=(2038)
0 19044960
cob=(2)
cfi=(204)
cfn=(1140)
calls=9522480 3294 
0 429750598

fn=(2348)
0 6
cob=(7)
cfi=(185)
cfn=(2352)
calls=3 0 
0 1268
cob=(1)
cfi=(186)
cfn=(642)
calls=1 71 
0 873
0 5

fn=(2349)
0 2
cob=(7)
cfi=(185)
cfn=(2353)
calls=1 0 
0 71

fn=(2132)
0 8
cob=(7)
cfi=(185)
cfn=(2136)
calls=4 0 
0 92
cob=(1)
cfi=(186)
cfn=(642)
calls=1 71 
0 886
0 5

fn=(2144)
0 8
cob=(2)
cfi=(249)
cfn=(2148)
calls=4 102 
0 9486
cob=(1)
cfi=(186)
cfn=(642)
calls=1 71 
0 793
0 5

fn=(666)
0 2
cob=(7)
cfi=(185)
cfn=(670)
calls=1 0 
0 72212
cob=(1)
cfi=(186)
cfn=(642)
calls=1 71 
0 702
0 5

fn=(672)
0 14
cob=(7)
cfi=(185)
cfn=(676)
calls=7 0 
0 21
cob=(1)
cfi=(186)
cfn=(642)
calls=1 71 
0 812
0 5

fn=(726)
0 158814
cob=(7)
cfi=(185)
cfn=(730)
calls=79407 0 
0 476874
cob=(1)
cfi=(186)
cfn=(642)
calls=1 71 
0 714
0 5

fn=(750)
0 2
cob=(7)
cfi=(185)
cfn=(754)
calls=1 0 
0 115
cob=(1)
cfi=(186)
cfn=(642)
calls=1 71 
0 1066
0 5

fn=(824)
0 98
cob=(2)
cfi=(199)
cfn=(826)
calls=49 73 
0 1048

fn=(840)
0 2
cob=(7)
cfi=(185)
cfn=(844)
calls=1 0 
0 109
cob=(1)
cfi=(186)
cfn=(642)
calls=1 71 
0 1082
0 5

fn=(1038)
0 38160
cob=(7)
cfi=(185)
cfn=(1042)
calls=19080 0 
0 1890330
cob=(1)
cfi=(186)
cfn=(642)
calls=1 71 
0 722
0 5

fn=(1050)
0 76316
cob=(7)
cfi=(185)
cfn=(1054)
calls=38158 0 
0 457896
cob=(1)
cfi=(186)
cfn=(642)
calls=1 71 
0 706
0 5

fn=(1438)
0 8
cob=(7)
cfi=(185)
cfn=(1442)
calls=4 0 
0 1026
cob=(1)
cfi=(186)
cfn=(642)
calls=1 71 
0 985
0 5

fn=(1482)
0 4
cob=(2)
cfi=(221)
cfn=(1486)
calls=2 30 
0 22
cob=(1)
cfi=(186)
cfn=(642)
calls=1 71 
0 864
0 5

fn=(1598)
0 12072
cob=(7)
cfi=(185)
cfn=(1602)
calls=6036 0 
0 217296
cob=(1)
cfi=(186)
cfn=(642)
calls=1 71 
0 681
0 5

fn=(1916)
0 38144
cob=(7)
cfi=(185)
cfn=(1920)
calls=19072 0 
0 305152
cob=(1)
cfi=(186)
cfn=(642)
calls=1 71 
0 880
0 5

fn=(1928)
0 49512
cob=(2)
cfi=(225)
cfn=(1628)
calls=24756 255 
0 398514
cob=(1)
cfi=(186)
cfn=(642)
calls=1 71 
0 1051
0 5

fn=(1984)
0 514
cob=(7)
cfi=(185)
cfn=(1988)
calls=257 0 
0 13897
cob=(1)
cfi=(186)
cfn=(642)
calls=1 71 
0 790
0 5

fn=(2000)
0 30
cob=(7)
cfi=(185)
cfn=(1948)
calls=15 0 
0 3060

fn=(2052)
0 42568
cob=(2)
cfi=(246)
cfn=(2054)
calls=21284 26 
0 1212502

fn=(2152)
0 16
cob=(2)
cfi=(251)
cfn=(2154)
calls=8 53 
0 152

fn=(2290)
0 4

fn=(2318)
0 2
cob=(2)
cfi=(273)
cfn=(2276)
calls=1 30 
0 3874

fn=(608)
0 7

fn=(762)
0 2
cob=(7)
cfi=(185)
cfn=(766)
calls=1 0 
0 157
cob=(1)
cfi=(186)
cfn=(642)
calls=1 71 
0 962
0 5

fn=(846)
0 2
cob=(7)
cfi=(185)
cfn=(850)
calls=1 0 
0 109
cob=(1)
cfi=(186)
cfn=(642)
calls=1 71 
0 1050
0 5

fn=(852)
0 2
cob=(7)
cfi=(185)
cfn=(856)
calls=1 0 
0 1252
cob=(1)
cfi=(186)
cfn=(642)
calls=1 71 
0 885
0 5

fn=(1126)
0 6
cob=(2)
cfi=(203)
cfn=(1128)
calls=3 206 
0 94

fn=(1370)
0 12
cob=(2)
cfi=(214)
cfn=(1374)
calls=6 32 
0 396
cob=(1)
cfi=(186)
cfn=(642)
calls=1 71 
0 773
0 5

fn=(1408)
0 8
cob=(7)
cfi=(185)
cfn=(1412)
calls=4 0 
0 28
cob=(1)
cfi=(186)
cfn=(642)
calls=1 71 
0 933
0 5

fn=(1592)
0 6036
cob=(7)
cfi=(185)
cfn=(1596)
calls=3018 0 
0 2010934
cob=(1)
cfi=(186)
cfn=(642)
calls=1 71 
0 1309
0 5

fn=(1608)
0 6036
cob=(7)
cfi=(185)
cfn=(1612)
calls=3018 0 
0 2535195
cob=(1)
cfi=(186)
cfn=(642)
calls=1 71 
0 982
0 5

fn=(1680)
0 36276148
cob=(7)
cfi=(185)
cfn=(1682)
calls=18138074 0 
0 2210637704

fn=(1698)
0 3877626
cob=(2)
cfi=(225)
cfn=(1628)
calls=1938813 255 
0 77711128

fn=(1704)
0 16
cob=(3)
cfi=(236)
cfn=(1706)
calls=8 283 
0 848

fn=(1922)
0 38144
cob=(7)
cfi=(185)
cfn=(1926)
calls=19072 0 
0 343296
cob=(1)
cfi=(186)
cfn=(642)
calls=1 71 
0 880
0 5

fn=(1944)
0 556
cob=(7)
cfi=(185)
cfn=(1949)
calls=15 0 
0 1065
cob=(7)
cfi=(185)
cfn=(1948)
calls=263 0 
0 18964
cob=(1)
cfi=(186)
cfn=(642)
calls=1 71 
0 681
0 5

fn=(1945)
0 2
cob=(7)
cfi=(185)
cfn=(1949)
calls=1 0 
0 71

fn=(1972)
0 554
cob=(1)
cfi=(244)
cfn=(1976)
calls=277 29 
0 3324
cob=(1)
cfi=(186)
cfn=(642)
calls=1 71 
0 911
0 5

fn=(2370)
0 4

fn=(2418)
0 4

ob=(5)
fl=(178)
fn=(2304) 0x0000000000001060
0 5

fn=(592)
0 12

fn=(2294)
0 9
cob=(4)
cfi=(175)
cfn=(2300)
calls=1 0 
0 134
0 1
cfn=(2304)
calls=1 0 
0 5
0 3

totals: 11609201838
